собраны фото да нет,Kod,Nash tur,Slug,Dnej,Operator,Ssylka operatora,Foto 1,Foto 2,Foto 3,Foto 4,Foto 5,Foto 6,Foto 7,Foto 8,Foto 9,Foto 10,Foto 11,Foto 12,Foto 13,Foto 14,Foto 15,Foto 16,Foto 17,Foto 18,Foto 19,Foto 20,Foto 21,Foto 22,Foto 23,Foto 24,Foto 25,Foto 26,Foto 27,Foto 28,Foto 29,Foto 30,Foto 31,Foto 32,Foto 33,Foto 34,Foto 35,Foto 36,Foto 37,Foto 38,Foto 39,Foto 40,Foto 41
да,1001,Абрау — Новороссийск — Геленджик,abrau-novorossijsk-gelendzhik-1-den,1,Amra Turistik,https://amra-turistik.ru/tours/lyubimaya-klassika-ot-abrau-do-gelendzhika-3/,https://storage.yandexcloud.net/kraskideti/tours/%D0%9D%D0%B0%D0%B1%D0%B5%D1%80%D0%B5%D0%B6%D0%BD%D0%B0%D1%8F%20%D0%93%D0%B5%D0%BB%D0%B5%D0%BD%D0%B4%D0%B6%D0%B8%D0%BA%D0%B0.jpg,https://storage.yandexcloud.net/kraskideti/tours/%D0%90%D0%B1%D1%80%D0%B0%D1%83%20%D0%B4%D1%8E%D1%80%D1%81%D0%BE.webp,https://storage.yandexcloud.net/kraskideti/tours/%D0%9C%D0%B0%D0%BB%D0%B0%D1%8F%20%D0%97%D0%B5%D0%BC%D0%BB%D1%8F.jpg,https://storage.yandexcloud.net/kraskideti/tours/%D0%A1%D1%82%D0%B0%D1%80%D1%8B%D0%B9%20%D0%9F%D0%B0%D1%80%D0%BA%20%D0%B2%20%D0%9A%D0%B0%D0%B1%D0%B0%D1%80%D0%B4%D0%B8%D0%BD%D0%BA%D0%B5.jpg,https://storage.yandexcloud.net/kraskideti/tours/%D0%90%D0%B1%D1%80%D0%B0%D1%83%20%D0%B4%D1%8E%D1%80%D1%81%D0%BE.webp,,,,,,,,,,,,,,,,,,,,,,,,,,,,,,,,,,,,
да ,1002,Абрау-Дюрсо по-новому и Геленджик,abrau-dyurso-po-novomu-gelendzhik,1,Amra Turistik,https://amra-turistik.ru/tours/abrau-dyurso-po-novomu-i-shato-pino-4,https://storage.yandexcloud.net/kraskideti/tours/%D0%9D%D0%B0%D0%B1%D0%B5%D1%80%D0%B5%D0%B6%D0%BD%D0%B0%D1%8F%20%D0%93%D0%B5%D0%BB%D0%B5%D0%BD%D0%B4%D0%B6%D0%B8%D0%BA%D0%B0.jpg,https://storage.yandexcloud.net/kraskideti/tours/%D0%90%D0%B1%D1%80%D0%B0%D1%83%20%D0%B4%D1%8E%D1%80%D1%81%D0%BE.webp,https://storage.yandexcloud.net/kraskideti/tours/%D0%AD%D0%BA%D0%BE-%D1%82%D1%80%D0%BE%D0%BF%D0%B0%20%D0%B2%D0%BE%D0%BA%D1%80%D1%83%D0%B3%20%D0%BE%D0%B7%D0%B5%D1%80%D0%B0%20%D0%90%D0%B1%D1%80%D0%B0%D1%83%20%E2%80%94%207%20%D0%BA%D0%BC.webp,https://storage.yandexcloud.net/kraskideti/tours/%D0%90%D0%B1%D1%80%D0%B0%D1%83%20%D0%B4%D1%8E%D1%80%D1%81%D0%BE.webp,https://storage.yandexcloud.net/kraskideti/tours/%D0%90%D0%B1%D1%80%D0%B0%D1%83%20%D0%B4%D1%8E%D1%80%D1%81%D0%BE.webp,,,,,,,,,,,,,,,,,,,,,,,,,,,,,,,,,,,,
да ,1003,Абрау-Дюрсо: винный день,abrau-dyurso-vinnyj-den,1,Amra Turistik,https://amra-turistik.ru/tours/abrau-dyurso-po-novomu-i-shato-pino-2/,https://storage.yandexcloud.net/kraskideti/tours/%D0%90%D0%B1%D1%80%D0%B0%D1%83%20%D0%B4%D1%8E%D1%80%D1%81%D0%BE.webp,https://storage.yandexcloud.net/kraskideti/tours/%D0%9E%D0%B7%D0%B5%D1%80%D0%BE%20%D0%90%D0%B1%D1%80%D0%B0%D1%83.webp,,,,,,,,,,,,,,,,,,,,,,,,,,,,,,,,,,,,,,,
да ,1004,Абрау-Дюрсо: эко-тропа и Шато-Пино,abrau-eko-tropa-shato-pino,1,Amra Turistik,https://amra-turistik.ru/tours/abrau-dyurso-po-novomu-i-shato-pino-2/,https://storage.yandexcloud.net/kraskideti/tours/%D0%90%D0%B1%D1%80%D0%B0%D1%83%20%D0%B4%D1%8E%D1%80%D1%81%D0%BE.webp,https://storage.yandexcloud.net/kraskideti/tours/%D0%9D%D0%B0%D0%B1%D0%B5%D1%80%D0%B5%D0%B6%D0%BD%D0%B0%D1%8F%20%D0%93%D0%B5%D0%BB%D0%B5%D0%BD%D0%B4%D0%B6%D0%B8%D0%BA%D0%B0.jpg,https://storage.yandexcloud.net/kraskideti/tours/%D0%AD%D0%BA%D0%BE-%D1%82%D1%80%D0%BE%D0%BF%D0%B0%20%D0%B2%D0%BE%D0%BA%D1%80%D1%83%D0%B3%20%D0%BE%D0%B7%D0%B5%D1%80%D0%B0%20%D0%90%D0%B1%D1%80%D0%B0%D1%83%20%E2%80%94%207%20%D0%BA%D0%BC.webp,https://storage.yandexcloud.net/kraskideti/tours/%D0%A8%D0%B0%D1%82%D0%BE-%D0%9F%D0%B8%D0%BD%D0%BE.jpg,,https://storage.yandexcloud.net/kraskideti/tours/%D0%93%D0%BE%D1%80%D1%8B%20%D0%9A%D0%BE%D0%BB%D0%B4%D1%83%D0%BD.jpg,,,,,,,,,,,,,,,,,,,,,,,,,,,,,,,,,,,
да ,1005,Абхазия на 3 дня,abhazia-3-dnya,3,Amra Turistik,https://amra-turistik.ru/tours/pervomajskie-prazdniki-v-abhazii,https://storage.yandexcloud.net/kraskideti/tours/%D0%93%D0%B0%D0%B3%D1%80%D0%B0.jpg,https://storage.yandexcloud.net/kraskideti/tours/%D0%9E%D0%B7%D0%B5%D1%80%D0%BE%20%D0%A0%D0%B8%D1%86%D0%B0.webp,https://storage.yandexcloud.net/kraskideti/tours/%D0%9D%D0%BE%D0%B2%D0%BE%D0%B0%D1%84%D0%BE%D0%BD%D1%81%D0%BA%D0%B0%D1%8F%20%D0%BF%D0%B5%D1%89%D0%B5%D1%80%D0%B0.webp,https://storage.yandexcloud.net/kraskideti/tours/%D0%B4%D0%B5%D0%B2%D0%B8%D1%87%D1%8C%D0%B8%20%D1%81%D0%BB%D0%B5%D0%B7%D1%8B.jpg,https://storage.yandexcloud.net/kraskideti/tours/%D0%BC%D1%83%D0%B6%D1%81%D0%BA%D0%B8%D0%B5%20%D1%81%D0%BB%D0%B5%D0%B7%D1%8B.webp,https://storage.yandexcloud.net/kraskideti/tours/%D0%AE%D0%BF%D1%88%D0%B0%D1%80%D1%81%D0%BA%D0%B8%D0%B9%20%D0%BA%D0%B0%D0%BD%D1%8C%D0%BE%D0%BD.jpg,https://storage.yandexcloud.net/kraskideti/tours/%D0%9D%D0%BE%D0%B2%D0%BE%D0%B0%D1%84%D0%BE%D0%BD%D1%81%D0%BA%D0%B8%D0%B9%20%D0%BC%D0%BE%D0%BD%D0%B0%D1%81%D1%82%D1%8B%D1%80%D1%8C.jpg,https://storage.yandexcloud.net/kraskideti/tours/%D0%90%D0%BD%D0%B0%D0%BA%D0%BE%D0%BF%D0%B8%D0%B9%D1%81%D0%BA%D0%B0%D1%8F%20%D0%BA%D1%80%D0%B5%D0%BF%D0%BE%D1%81%D1%82%D1%8C.jpg,https://storage.yandexcloud.net/kraskideti/tours/%D0%BD%D0%BE%D0%B2%D1%8B%D0%B9%20%D0%B0%D1%84%D0%BE%D0%BD.webp,https://storage.yandexcloud.net/kraskideti/tours/%D0%90%D1%80%D0%B3%D1%83%D0%BD%D1%81%D0%BA%D0%BE%D0%B5%20%D1%83%D1%89%D0%B5%D0%BB%D1%8C%D0%B5.jpg,https://storage.yandexcloud.net/kraskideti/tours/%D0%93%D0%B5%D0%BD%D1%83%D1%8D%D0%B7%D1%81%D0%BA%D0%B0%D1%8F%20%D0%B1%D0%B0%D1%88%D0%BD%D1%8F.webp,https://storage.yandexcloud.net/kraskideti/tours/%D0%93%D0%B0%D0%B3%D1%80%D0%B0.jpg,https://storage.yandexcloud.net/kraskideti/tours/%D0%9F%D0%B8%D1%86%D1%83%D0%BD%D0%B4%D0%B0.jpg,,,,,,,,,,,,,,,,,,,,,,,,,,,,
да ,1006,Адыгея: горы и термальные источники,adygeya-termy-weekend,2,Amra Turistik,https://amra-turistik.ru/tours/relaks-tur-guamskoe-ushhele-i-termalnye-istochniki-42,https://storage.yandexcloud.net/kraskideti/tours/%D0%90%D0%B4%D1%8B%D0%B3%D0%B5%D1%8F.webp,https://storage.yandexcloud.net/kraskideti/tours/%D0%9B%D0%B0%D0%B3%D0%BE-%D0%9D%D0%B0%D0%BA%D0%B8.jpg,https://storage.yandexcloud.net/kraskideti/tours/%D0%A2%D0%B5%D1%80%D0%BC%D0%B0%D0%BB%D1%8C%D0%BD%D1%8B%D0%B5%20%D0%B8%D1%81%D1%82%D0%BE%D1%87%D0%BD%D0%B8%D0%BA%D0%B8.jpg,https://storage.yandexcloud.net/kraskideti/tours/%D0%92%D0%BE%D0%B4%D0%BE%D0%BF%D0%B0%D0%B4%D1%8B%20%D0%A0%D1%83%D1%84%D0%B0%D0%B1%D0%B3%D0%BE.jpg,https://storage.yandexcloud.net/kraskideti/tours/%D0%9A%D0%B0%D1%81%D0%BA%D0%B0%D0%B4%D0%BD%D1%8B%D0%B9.webp,https://storage.yandexcloud.net/kraskideti/tours/%D0%A1%D0%B5%D1%80%D0%B4%D1%86%D0%B5%20%D0%A0%D1%83%D1%84%D0%B0%D0%B1%D0%B3%D0%BE.jpg,https://storage.yandexcloud.net/kraskideti/tours/%D0%92%D0%BE%D0%B4%D0%BE%D0%BF%D0%B0%D0%B4%D1%8B%20%D0%94%D0%B5%D0%B2%D0%B8%D1%87%D1%8C%D0%B8.jpg,https://storage.yandexcloud.net/kraskideti/tours/%D0%A0%D0%B5%D0%BA%D0%B0%20%D0%91%D0%B5%D0%BB%D0%B0%D1%8F.jpg,https://storage.yandexcloud.net/kraskideti/tours/%D0%9F%D0%B0%D1%80%D0%BA%20%D0%9C%D0%B8%D1%88%D0%BE%D0%BA%D0%BE.jpg,https://storage.yandexcloud.net/kraskideti/tours/%D0%A5%D0%B0%D0%B4%D0%B6%D0%BE%D1%85%D1%81%D0%BA%D0%B0%D1%8F%20%D1%82%D0%B5%D1%81%D0%BD%D0%B8%D0%BD%D0%B0.jpg,https://storage.yandexcloud.net/kraskideti/tours/%D0%9F%D0%BB%D0%B0%D1%82%D0%BE%20%D0%9B%D0%B0%D0%B3%D0%BE.jpg,https://storage.yandexcloud.net/kraskideti/tours/%D0%90%D0%B7%D0%B8%D1%88%D1%81%D0%BA%D0%B0%D1%8F%20%D0%BF%D0%B5%D1%89%D0%B5%D1%80%D0%B0.jpg,https://storage.yandexcloud.net/kraskideti/tours/%D0%A2%D0%B5%D1%80%D0%BC%D0%B0%D0%BB%D1%8C%D0%BD%D1%8B%D0%B5%20%D0%B8%D1%81%D1%82%D0%BE%D1%87%D0%BD%D0%B8%D0%BA%D0%B8.jpg,,,,,,,,,,,,,,,,,,,,,,,,,,,,
да ,1007,Архыз: горный уикенд,arhyz-gornyj-weekend,2,Amra Turistik,https://amra-turistik.ru/tours/vesna-v-gorah-arhyza-dzhip-den-3,https://storage.yandexcloud.net/kraskideti/tours/%D0%9D%D0%B8%D0%B6%D0%BD%D0%B8%D0%B9%20%D0%90%D1%80%D1%85%D1%8B%D0%B7.jpg,https://storage.yandexcloud.net/kraskideti/tours/%D0%A1%D0%BE%D1%84%D0%B8%D0%B9%D1%81%D0%BA%D0%B8%D0%B5%20%D0%B2%D0%BE%D0%B4%D0%BE%D0%BF%D0%B0%D0%B4%D1%8B.jpg,,,,,,,,,,,,,,,,,,,,,,,,,,,,,,,,,,,,,,,
да ,1008,Великолепие Восточного Крыма: от Звездопада Воспоминаний до Алчак-Кая,velikolepie-vostochnogo-kryma-zvezdopad-alchak,1,Amra Turistik,https://amra-turistik.ru/tours/velikolepie-vostochnogo-kryma-ot-zvezdopada-vospominanij-do-alchak-kaya-14,https://storage.yandexcloud.net/kraskideti/tours/%D0%A1%D0%B5%D0%BA%D1%80%D0%B5%D1%82%D0%BD%D0%B0%D1%8F%20%D0%B1%D1%83%D1%85%D1%82%D0%B0%20%D0%BC%D1%8B%D1%81%D0%B0%20%D0%91%D1%83%D0%B3%D0%B0%D0%B7.jpg,https://storage.yandexcloud.net/kraskideti/tours/%D0%A1%D1%82%D0%B0%D1%82%D1%83%D0%B8%20%D0%9C%D0%BE%D0%B0%D0%B8%20%D0%B2%20%D0%B1%D1%83%D1%85%D1%82%D0%B5%20%D0%9A%D0%B0%D0%BF%D1%81%D0%B5%D0%BB%D1%8C.webp,https://storage.yandexcloud.net/kraskideti/tours/%D0%97%D0%B2%D0%B5%D0%B7%D0%B4%D0%BE%D0%BF%D0%B0%D0%B4%20%D0%92%D0%BE%D1%81%D0%BF%D0%BE%D0%BC%D0%B8%D0%BD%D0%B0%D0%BD%D0%B8%D0%B9%20%E2%80%94%20%D0%91%D1%83%D0%B3%D0%B0%D0%B7.jpg,https://storage.yandexcloud.net/kraskideti/tours/%D0%94%D0%B6%D0%B0%D0%BD-%D0%9A%D1%83%D1%82%D0%B0%D1%80%D0%B0%D0%BD.jpg,https://storage.yandexcloud.net/kraskideti/tours/%D0%90%D0%BB%D1%87%D0%B0%D0%BA-%D0%9A%D0%B0%D1%8F.webp,https://storage.yandexcloud.net/kraskideti/tours/%D0%94%D0%B6%D0%B0%D0%BD-%D0%9A%D1%83%D1%82%D0%B0%D1%80%D0%B0%D0%BD.jpg,https://storage.yandexcloud.net/kraskideti/tours/%D0%9C%D1%8B%D1%81%20%D0%91%D1%83%D0%B3%D0%B0%D0%B7.jpg,https://storage.yandexcloud.net/kraskideti/tours/%D0%90%D0%BB%D1%87%D0%B0%D0%BA-%D0%9A%D0%B0%D1%8F.webp,https://storage.yandexcloud.net/kraskideti/tours/%D0%94%D0%B6%D0%B0%D0%BD-%D0%9A%D1%83%D1%82%D0%B0%D1%80%D0%B0%D0%BD.jpg,,,,,,,,,,,,,,,,,,,,,,,,,,,,,,,,
да ,1009,Верхняя Балкария и Чегемские водопады,verkhnyaya-balkariya-chegem,1,Amra Turistik,https://amra-turistik.ru/tours/chegem-i-yazyk-trollya-s-krasaviczej-verhnej-balkariej-14,https://storage.yandexcloud.net/kraskideti/tours/%D0%9F%D1%80%D0%B8%D1%8D%D0%BB%D1%8C%D0%B1%D1%80%D1%83%D1%81%D1%8C%D0%B5.webp,https://storage.yandexcloud.net/kraskideti/tours/%D0%AF%D0%B7%D1%8B%D0%BA%20%D1%82%D1%80%D0%BE%D0%BB%D0%BB%D1%8F.jpg,https://storage.yandexcloud.net/kraskideti/tours/%D0%A7%D0%B5%D0%B3%D0%B5%D0%BC%D1%81%D0%BA%D0%B8%D0%B5%20%D0%B2%D0%BE%D0%B4%D0%BE%D0%BF%D0%B0%D0%B4%D1%8B.jpg,https://storage.yandexcloud.net/kraskideti/tours/%D0%92%D0%B5%D1%80%D1%85%D0%BD%D1%8F%D1%8F%20%D0%91%D0%B0%D0%BB%D0%BA%D0%B0%D1%80%D0%B8%D1%8F.jpg,,,,,,,,,,,,,,,,,,,,,,,,,,,,,,,,,,,,,
да ,1010,"Весеннее цветение Крыма: тюльпаны, сады, пещерные города и дворцы",vesennee-czvetenie-kryma-2-dnya,2,Amra Turistik,https://amra-turistik.ru/tours/vesennee-czvetenie-kryma-tyulpany-sady-peshhernye-goroda-i-dvorczy-2,https://storage.yandexcloud.net/kraskideti/tours/%D0%9F%D0%B0%D1%80%D0%B0%D0%B4%20%D1%82%D1%8E%D0%BB%D1%8C%D0%BF%D0%B0%D0%BD%D0%BE%D0%B2%20%D0%B2%20%D0%9D%D0%B8%D0%BA%D0%B8%D1%82%D1%81%D0%BA%D0%BE%D0%BC%20%D1%81%D0%B0%D0%B4%D1%83.jpg,https://storage.yandexcloud.net/kraskideti/tours/%D0%9F%D0%B5%D1%89%D0%B5%D1%80%D0%BD%D1%8B%D0%B9%20%D0%B3%D0%BE%D1%80%D0%BE%D0%B4%20%D0%9C%D0%B0%D0%BD%D0%B3%D1%83%D0%BF-%D0%9A%D0%B0%D0%BB%D0%B5.jpg,https://storage.yandexcloud.net/kraskideti/tours/%D0%91%D0%B0%D1%85%D1%87%D0%B8%D1%81%D0%B0%D1%80%D0%B0%D0%B9%20%D0%B8%20%D0%A5%D0%B0%D0%BD%D1%81%D0%BA%D0%B8%D0%B9%20%D0%B4%D0%B2%D0%BE%D1%80%D0%B5%D1%86.jpg,https://storage.yandexcloud.net/kraskideti/tours/%D0%9C%D0%BE%D1%80%D1%81%D0%BA%D0%B0%D1%8F%20%D0%BF%D1%80%D0%BE%D0%B3%D1%83%D0%BB%D0%BA%D0%B0%20%D0%BA%20%D0%9B%D0%B0%D1%81%D1%82%D0%BE%D1%87%D0%BA%D0%B8%D0%BD%D1%83%20%D0%B3%D0%BD%D0%B5%D0%B7%D0%B4%D1%83.jpg,https://storage.yandexcloud.net/kraskideti/tours/%D0%A6%D0%B2%D0%B5%D1%82%D1%83%D1%89%D0%B8%D0%B5%20%D0%BF%D0%B5%D1%80%D1%81%D0%B8%D0%BA%D0%BE%D0%B2%D1%8B%D0%B5%20%D1%81%D0%B0%D0%B4%D1%8B.webp,https://storage.yandexcloud.net/kraskideti/tours/%D0%A7%D1%83%D1%84%D1%83%D1%82-%D0%9A%D0%B0%D0%BB%D0%B5.jpg,https://storage.yandexcloud.net/kraskideti/tours/%D0%A3%D1%81%D0%BF%D0%B5%D0%BD%D1%81%D0%BA%D0%B8%D0%B9%20%D0%BC%D0%BE%D0%BD%D0%B0%D1%81%D1%82%D1%8B%D1%80%D1%8C.webp,https://storage.yandexcloud.net/kraskideti/tours/%D0%90%D1%8E-%D0%94%D0%B0%D0%B3.webp,https://storage.yandexcloud.net/kraskideti/tours/%D0%9A%D1%80%D1%8B%D0%BC%D1%81%D0%BA%D0%B8%D0%B9%20%D0%BC%D0%BE%D1%81%D1%82.avif,https://storage.yandexcloud.net/kraskideti/tours/%D0%A3%D1%81%D0%BF%D0%B5%D0%BD%D1%81%D0%BA%D0%B8%D0%B9%20%D0%BC%D0%BE%D0%BD%D0%B0%D1%81%D1%82%D1%8B%D1%80%D1%8C.webp,https://storage.yandexcloud.net/kraskideti/tours/%D0%93%D1%83%D1%80%D0%B7%D1%83%D1%84%20%E2%80%94%20%D0%9D%D0%B8%D0%BA%D0%B8%D1%82%D1%81%D0%BA%D0%B8%D0%B9%20%D1%81%D0%B0%D0%B4.jpg,https://storage.yandexcloud.net/kraskideti/tours/%D0%9F%D0%B5%D1%89%D0%B5%D1%80%D0%BD%D1%8B%D0%B9%20%D0%B3%D0%BE%D1%80%D0%BE%D0%B4%20%D0%9C%D0%B0%D0%BD%D0%B3%D1%83%D0%BF-%D0%9A%D0%B0%D0%BB%D0%B5.jpg,,,,,,,,,,,,,,,,,,,,,,,,,,,,,
да ,1011,Весенние водопады Руфабго и Мишоко с конными прогулками,vodopady-rufabgo-mishoko-konnye,1,Amra Turistik,https://amra-turistik.ru/tours/vodopady-rufabgo-i-mishoko-vodopady-i-konnye-progulki-4,https://storage.yandexcloud.net/kraskideti/tours/%D0%90%D0%B4%D1%8B%D0%B3%D0%B5%D1%8F.webp,https://storage.yandexcloud.net/kraskideti/tours/%D0%A1%D0%B5%D1%80%D0%B4%D1%86%D0%B5%20%D0%A0%D1%83%D1%84%D0%B0%D0%B1%D0%B3%D0%BE.jpg,https://storage.yandexcloud.net/kraskideti/tours/%D0%9F%D0%B5%D1%89%D0%B5%D1%80%D0%B0%20%C2%AB%D0%A1%D0%BA%D0%B2%D0%BE%D0%B7%D0%BD%D0%B0%D1%8F%C2%BB.webp,https://storage.yandexcloud.net/kraskideti/tours/%D0%9A%D0%BE%D0%BD%D0%BD%D0%B0%D1%8F%20%D0%BF%D1%80%D0%BE%D0%B3%D1%83%D0%BB%D0%BA%D0%B0%20%D0%B2%20%D1%83%D1%89%D0%B5%D0%BB%D1%8C%D0%B5%20%D0%9C%D0%B8%D1%88%D0%BE%D0%BA%D0%BE.jpg,https://storage.yandexcloud.net/kraskideti/tours/%D0%9A%D0%B0%D1%81%D0%BA%D0%B0%D0%B4%D0%BD%D1%8B%D0%B9.webp,https://storage.yandexcloud.net/kraskideti/tours/%D0%92%D0%BE%D0%B4%D0%BE%D0%BF%D0%B0%D0%B4%D1%8B%20%D0%94%D0%B5%D0%B2%D0%B8%D1%87%D1%8C%D0%B8.jpg,https://storage.yandexcloud.net/kraskideti/tours/%D0%92%D0%BE%D0%B4%D0%BE%D0%BF%D0%B0%D0%B4%D1%8B%20%D0%A0%D1%83%D1%84%D0%B0%D0%B1%D0%B3%D0%BE.jpg,https://storage.yandexcloud.net/kraskideti/tours/%D0%9A%D0%BE%D0%BD%D0%BD%D0%B0%D1%8F%20%D0%BF%D1%80%D0%BE%D0%B3%D1%83%D0%BB%D0%BA%D0%B0%20%D0%B2%20%D1%83%D1%89%D0%B5%D0%BB%D1%8C%D0%B5%20%D0%9C%D0%B8%D1%88%D0%BE%D0%BA%D0%BE.jpg,,,,,,,,,,,,,,,,,,,,,,,,,,,,,,,,,
да ,1012,Весенний Узбекистан: 7 дней от Ташкента до Самарканда,vesennij-uzbekistan-7-dnej,7,Amra Turistik,https://amra-turistik.ru/tours/vesennij-uzbekistan-2,https://storage.yandexcloud.net/kraskideti/tours/%D0%9F%D0%BB%D0%BE%D1%89%D0%B0%D0%B4%D1%8C%20%D0%A0%D0%B5%D0%B3%D0%B8%D1%81%D1%82%D0%B0%D0%BD%20%D0%B2%20%D0%A1%D0%B0%D0%BC%D0%B0%D1%80%D0%BA%D0%B0%D0%BD%D0%B4%D0%B5.webp,https://storage.yandexcloud.net/kraskideti/tours/%D0%98%D1%87%D0%B0%D0%BD-%D0%9A%D0%B0%D0%BB%D0%B0%20%D0%B2%20%D0%A5%D0%B8%D0%B2%D0%B5.webp,https://storage.yandexcloud.net/kraskideti/tours/%D0%9F%D0%BB%D0%BE%D1%89%D0%B0%D0%B4%D1%8C%20%D0%A0%D0%B5%D0%B3%D0%B8%D1%81%D1%82%D0%B0%D0%BD%20%D0%B2%20%D0%A1%D0%B0%D0%BC%D0%B0%D1%80%D0%BA%D0%B0%D0%BD%D0%B4%D0%B5.webp,https://storage.yandexcloud.net/kraskideti/tours/%D0%A1%D0%BA%D0%BE%D1%80%D0%BE%D1%81%D1%82%D0%BD%D0%BE%D0%B9%20%D0%BF%D0%BE%D0%B5%D0%B7%D0%B4%20%C2%AB%D0%90%D1%84%D1%80%D0%BE%D1%81%D0%B8%D0%B0%D0%B1%C2%BB.webp,https://storage.yandexcloud.net/kraskideti/tours/%D0%91%D1%83%D1%85%D0%B0%D1%80%D0%B0.webp,https://storage.yandexcloud.net/kraskideti/tours/%D0%91%D0%B0%D0%B7%D0%B0%D1%80%D1%8B%20%D0%92%D0%B5%D0%BB%D0%B8%D0%BA%D0%BE%D0%B3%D0%BE%20%D0%A8%D1%91%D0%BB%D0%BA%D0%BE%D0%B2%D0%BE%D0%B3%D0%BE%20%D0%BF%D1%83%D1%82%D0%B8.webp,https://storage.yandexcloud.net/kraskideti/tours/%D0%9F%D0%BB%D0%BE%D1%89%D0%B0%D0%B4%D1%8C%20%D0%A0%D0%B5%D0%B3%D0%B8%D1%81%D1%82%D0%B0%D0%BD%20%D0%B2%20%D0%A1%D0%B0%D0%BC%D0%B0%D1%80%D0%BA%D0%B0%D0%BD%D0%B4%D0%B5.webp,https://storage.yandexcloud.net/kraskideti/tours/%D0%9B%D0%B0%D0%B1%D0%B8-%D0%A5%D0%B0%D1%83%D0%B7.jpg,https://storage.yandexcloud.net/kraskideti/tours/%D0%93%D1%83%D1%80-%D0%AD%D0%BC%D0%B8%D1%80.webp,https://storage.yandexcloud.net/kraskideti/tours/%D0%9A%D0%BE%D0%BC%D0%BF%D0%BB%D0%B5%D0%BA%D1%81%20%D0%9F%D0%B0%D1%85%D0%BB%D0%B0%D0%B2%D0%B0%D0%BD%D0%B0.jpg,https://storage.yandexcloud.net/kraskideti/tours/%D0%A5%D0%B8%D0%B2%D0%B0.webp,https://storage.yandexcloud.net/kraskideti/tours/%D0%A7%D0%BE%D1%80-%D0%9C%D0%B8%D0%BD%D0%BE%D1%80.jpg,https://storage.yandexcloud.net/kraskideti/tours/%D0%A7%D0%BE%D1%80-%D0%A1%D1%83.jpg,https://storage.yandexcloud.net/kraskideti/tours/%D0%9A%D0%BE%D0%BC%D0%BF%D0%BB%D0%B5%D0%BA%D1%81%20%D0%A5%D0%B0%D1%81%D1%82%D1%8B.jpg,https://storage.yandexcloud.net/kraskideti/tours/%D0%98%D1%81%D0%B0%D0%B0%D0%BA%D0%B8%D0%B5%D0%B2%D1%81%D0%BA%D0%B0%D1%8F%20%D0%BF%D0%BB%D0%BE%D1%89%D0%B0%D0%B4%D1%8C.jpg,https://storage.yandexcloud.net/kraskideti/tours/%D0%98%D1%87%D0%B0%D0%BD-%D0%9A%D0%B0%D0%BB%D0%B5.jpg,https://storage.yandexcloud.net/kraskideti/tours/%D0%9A%D1%83%D0%BD%D1%8F-%D0%90%D1%80%D0%BA.jpg,https://storage.yandexcloud.net/kraskideti/tours/%D0%98%D1%81%D0%BB%D0%B0%D0%BC-%D0%A5%D0%BE%D0%B4%D0%B6%D0%B8.jpg,https://storage.yandexcloud.net/kraskideti/tours/%D0%9A%D0%BE%D0%BC%D0%BF%D0%BB%D0%B5%D0%BA%D1%81%20%D0%9F%D0%B0%D1%85%D0%BB%D0%B0%D0%B2%D0%B0%D0%BD%D0%B0.jpg,https://storage.yandexcloud.net/kraskideti/tours/%D0%9A%D1%80%D0%B5%D0%BF%D0%BE%D1%81%D1%82%D1%8C%20%D0%9A%D1%83%D0%BD%D1%8F.jpg,https://storage.yandexcloud.net/kraskideti/tours/%D0%98%D1%87%D0%B0%D0%BD-%D0%9A%D0%B0%D0%BB%D0%B0%20%D0%B2%20%D0%A5%D0%B8%D0%B2%D0%B5.webp,https://storage.yandexcloud.net/kraskideti/tours/%D0%9C%D0%B5%D1%87%D0%B5%D1%82%D1%8C%20%D0%94%D0%B6%D1%83%D0%BC%D0%B0.webp,https://storage.yandexcloud.net/kraskideti/tours/%D0%9A%D0%B0%D0%B7%D0%B0%D0%BD%D1%81%D0%BA%D0%B8%D0%B9%20%D0%9A%D1%80%D0%B5%D0%BC%D0%BB%D1%8C%20%E2%80%94%20%D0%AE%D0%9D%D0%95%D0%A1%D0%9A%D0%9E%2C%20%D0%BC%D0%B5%D1%87%D0%B5%D1%82%D1%8C%20%D0%9A%D1%83%D0%BB-%D0%A8%D0%B0%D1%80%D0%B8%D1%84.webp,https://storage.yandexcloud.net/kraskideti/tours/%D0%9B%D0%B0%D0%B1%D0%B8-%D0%A5%D0%B0%D1%83%D0%B7.jpg,https://storage.yandexcloud.net/kraskideti/tours/%D0%9A%D0%B0%D0%B7%D0%B0%D0%BD%D1%81%D0%BA%D0%B8%D0%B9%20%D0%9A%D1%80%D0%B5%D0%BC%D0%BB%D1%8C%20%E2%80%94%20%D0%AE%D0%9D%D0%95%D0%A1%D0%9A%D0%9E%2C%20%D0%BC%D0%B5%D1%87%D0%B5%D1%82%D1%8C%20%D0%9A%D1%83%D0%BB-%D0%A8%D0%B0%D1%80%D0%B8%D1%84.webp,https://storage.yandexcloud.net/kraskideti/tours/%D0%9C%D0%B5%D1%87%D0%B5%D1%82%D1%8C%20%D0%9A%D0%B0%D0%BB%D1%8F%D0%BD.jpg,https://storage.yandexcloud.net/kraskideti/tours/%D0%A8%D0%B0%D1%85%D0%B8-%D0%97%D0%B8%D0%BD%D0%B4%D0%B0.jpeg,https://storage.yandexcloud.net/kraskideti/tours/%D0%9C%D0%B5%D1%87%D0%B5%D1%82%D1%8C%20%D0%91%D0%B8%D0%B1%D0%B8.webp,https://storage.yandexcloud.net/kraskideti/tours/%D0%9E%D0%B1%D1%81%D0%B5%D1%80%D0%B2%D0%B0%D1%82%D0%BE%D1%80%D0%B8%D1%8F%20%D0%A3%D0%BB%D1%83%D0%B3%D0%B1%D0%B5%D0%BA%D0%B0.png,https://storage.yandexcloud.net/kraskideti/tours/%D0%91%D0%B0%D0%B7%D0%B0%D1%80%20%D0%A1%D0%B0%D0%BC%D0%B0%D1%80%D0%BA%D0%B0%D0%BD%D0%B4%D0%B0.webp,https://storage.yandexcloud.net/kraskideti/tours/%D0%91%D0%B0%D0%B7%D0%B0%D1%80%D1%8B%20%D0%92%D0%B5%D0%BB%D0%B8%D0%BA%D0%BE%D0%B3%D0%BE%20%D0%A8%D1%91%D0%BB%D0%BA%D0%BE%D0%B2%D0%BE%D0%B3%D0%BE%20%D0%BF%D1%83%D1%82%D0%B8.webp,https://storage.yandexcloud.net/kraskideti/tours/%D0%91%D0%B0%D0%B7%D0%B0%D1%80%20%D0%A1%D0%B0%D0%BC%D0%B0%D1%80%D0%BA%D0%B0%D0%BD%D0%B4%D0%B0.webp,,,,,,,,,
да ,1013,Весна в Лаго-Наки: Свято-Михайловский монастырь и термальные источники,lago-naki-monastyr-termy-1-den,1,Amra Turistik,https://amra-turistik.ru/tours/vesna-v-lago-naki-monastyr-termalnye-istochniki,https://storage.yandexcloud.net/kraskideti/tours/%D0%9F%D0%BB%D0%B0%D1%82%D0%BE%20%D0%9B%D0%B0%D0%B3%D0%BE.jpg,https://storage.yandexcloud.net/kraskideti/tours/%D0%90%D0%B4%D1%8B%D0%B3%D0%B5%D1%8F.webp,https://storage.yandexcloud.net/kraskideti/tours/%D0%A1%D0%B2%D1%8F%D1%82%D0%BE-%D0%9C%D0%B8%D1%85%D0%B0%D0%B9%D0%BB%D0%BE%D0%B2%D1%81%D0%BA%D0%B8%D0%B9%20%D0%BC%D0%BE%D0%BD%D0%B0%D1%81%D1%82%D1%8B%D1%80%D1%8C%20%E2%80%94%20%D0%9B%D0%B0%D0%B3%D0%BE-%D0%9D%D0%B0%D0%BA%D0%B8.jpg,https://storage.yandexcloud.net/kraskideti/tours/%D0%A2%D0%B5%D1%80%D0%BC%D0%B0%D0%BB%D1%8C%D0%BD%D1%8B%D0%B5%20%D0%B8%D1%81%D1%82%D0%BE%D1%87%D0%BD%D0%B8%D0%BA%D0%B8.jpg,https://storage.yandexcloud.net/kraskideti/tours/%D0%A2%D0%B5%D1%80%D0%BC%D0%B0%D0%BB%D1%8C%D0%BD%D1%8B%D0%B5%20%D0%B8%D1%81%D1%82%D0%BE%D1%87%D0%BD%D0%B8%D0%BA%D0%B8%20%C2%AB%D0%92%D0%BE%D0%B4%D0%BD%D0%B0%D1%8F%20%D0%A0%D0%B8%D0%B2%D1%8C%D0%B5%D1%80%D0%B0%C2%BB.jpeg,https://storage.yandexcloud.net/kraskideti/tours/%D0%A1%D0%BA%D0%B0%D0%BB%D0%B0%20%D0%A3%D1%82%D1%8E%D0%B3.jpg,https://storage.yandexcloud.net/kraskideti/tours/%D0%90%D0%B7%D0%B8%D1%88%D1%81%D0%BA%D0%B0%D1%8F%20%D0%BF%D0%B5%D1%89%D0%B5%D1%80%D0%B0.jpg,,,,,,,,,,,,,,,,,,,,,,,,,,,,,,,,,,
да ,1014,Винная классика: три центра винного туризма,vinnaya-klassika-tri-centra-vinnogo-turizma-1-den,1,Amra Turistik,https://amra-turistik.ru/tours/vinnaya-klassika-tri-czentra-vinnogo-turizma-6,https://storage.yandexcloud.net/kraskideti/tours/%D0%90%D0%B1%D1%80%D0%B0%D1%83%20%D0%B4%D1%8E%D1%80%D1%81%D0%BE.webp,https://storage.yandexcloud.net/kraskideti/tours/%D0%9D%D0%B0%D0%B1%D0%B5%D1%80%D0%B5%D0%B6%D0%BD%D0%B0%D1%8F%20%D0%93%D0%B5%D0%BB%D0%B5%D0%BD%D0%B4%D0%B6%D0%B8%D0%BA%D0%B0.jpg,https://storage.yandexcloud.net/kraskideti/tours/%D0%94%D0%BE%D0%BB%D0%B8%D0%BD%D0%B0%20%D0%9B%D0%B5%D1%84%D0%BA%D0%B0%D0%B4%D0%B8%D1%8F.jpg,https://storage.yandexcloud.net/kraskideti/tours/%D0%A8%D0%B0%D1%82%D0%BE-%D0%9F%D0%B8%D0%BD%D0%BE.jpg,https://storage.yandexcloud.net/kraskideti/tours/%D0%94%D0%BE%D0%BB%D0%B8%D0%BD%D0%B0%20%D0%9B%D0%B5%D1%84%D0%BA%D0%B0%D0%B4%D0%B8%D1%8F.jpg,https://storage.yandexcloud.net/kraskideti/tours/%D0%93%D0%BE%D1%80%D1%8B%20%D0%9A%D0%BE%D0%BB%D0%B4%D1%83%D0%BD.jpg,https://storage.yandexcloud.net/kraskideti/tours/%D0%9E%D0%B7%D0%B5%D1%80%D0%BE%20%D0%90%D0%B1%D1%80%D0%B0%D1%83.webp,https://storage.yandexcloud.net/kraskideti/tours/%D0%9F%D0%B0%D1%80%D0%BA%20%D0%93%D0%B0%D0%BB%D0%B8%D1%86%D0%BA%D0%BE%D0%B3%D0%BE.webp,https://storage.yandexcloud.net/kraskideti/tours/%D0%9F%D0%B0%D1%80%D0%BA%20%D0%93%D0%B0%D0%BB%D0%B8%D1%86%D0%BA%D0%BE%D0%B3%D0%BE.webp,,,,,,,,,,,,,,,,,,,,,,,,,,,,,,,,
да ,1015,"Винодельни Азовского моря: Поместье Голубицкое, Шато-Тамань и Тамань",vinodelni-azovskogo-morya-golubickoe-taman,1,Amra Turistik,https://amra-turistik.ru/tours/vinodelni-azovskogo-morya-pomeste-golubiczkoe-shato-taman-i-progulka-po-tamani-5,https://storage.yandexcloud.net/kraskideti/tours/%D0%93%D0%BE%D1%80%D1%8B%20%D0%9A%D0%BE%D0%BB%D0%B4%D1%83%D0%BD.jpg,https://storage.yandexcloud.net/kraskideti/tours/%D0%90%D0%B1%D1%80%D0%B0%D1%83%20%D0%B4%D1%8E%D1%80%D1%81%D0%BE.webp,https://storage.yandexcloud.net/kraskideti/tours/%D0%9F%D0%BE%D0%BC%D0%B5%D1%81%D1%82%D1%8C%D0%B5%20%D0%93%D0%BE%D0%BB%D1%83%D0%B1%D0%B8%D1%86%D0%BA%D0%BE%D0%B5%20%E2%80%94%20Chateau%20Tamagne.jpg,https://storage.yandexcloud.net/kraskideti/tours/%D0%9F%D0%BE%D0%BC%D0%B5%D1%81%D1%82%D1%8C%D0%B5%20%D0%93%D0%BE%D0%BB%D1%83%D0%B1%D0%B8%D1%86%D0%BA%D0%BE%D0%B5%20%E2%80%94%20Chateau%20Tamagne.jpg,https://storage.yandexcloud.net/kraskideti/tours/%D0%A2%D0%B0%D0%BC%D0%B0%D0%BD%D1%8C%20%E2%80%94%20%D0%90%D1%82%D0%B0%D0%BC%D0%B0%D0%BD%D1%8C.jpg,https://storage.yandexcloud.net/kraskideti/tours/%D0%A8%D0%B0%D1%82%D0%BE%20%D0%A2%D0%B0%D0%BC%D0%B0%D0%BD%D1%8C.jpg,,,,,,,,,,,,,,,,,,,,,,,,,,,,,,,,,,,
да ,1016,"Винодельни Азовского моря: Фанагория, Шато-Тамань и Тамань",fanagoriya-shato-taman-taman,1,Amra Turistik,https://amra-turistik.ru/tours/vinodelni-azovskogo-morya-fanagoriya-shato-taman-i-progulka-po-tamani-2,https://storage.yandexcloud.net/kraskideti/tours/%D0%93%D0%BE%D1%80%D1%8B%20%D0%9A%D0%BE%D0%BB%D0%B4%D1%83%D0%BD.jpg,https://storage.yandexcloud.net/kraskideti/tours/%D0%A4%D0%B0%D0%BD%D0%B0%D0%B3%D0%BE%D1%80%D0%B8%D1%8F%20%E2%80%94%20%D0%90%D0%B7%D0%BE%D0%B2%D1%81%D0%BA%D0%BE%D0%B5%20%D0%BC%D0%BE%D1%80%D0%B5.webp,https://storage.yandexcloud.net/kraskideti/tours/%D0%9F%D0%BE%D0%BC%D0%B5%D1%81%D1%82%D1%8C%D0%B5%20%D0%93%D0%BE%D0%BB%D1%83%D0%B1%D0%B8%D1%86%D0%BA%D0%BE%D0%B5%20%E2%80%94%20Chateau%20Tamagne.jpg,https://storage.yandexcloud.net/kraskideti/tours/%D0%A8%D0%B0%D1%82%D0%BE%20%D0%A2%D0%B0%D0%BC%D0%B0%D0%BD%D1%8C.jpg,,,,,,,,,,,,,,,,,,,,,,,,,,,,,,,,,,,,,
да ,1017,"Водопады Жане, Голубая бездна и вечер в Геленджике",vodopady-zhane-golubaya-bezdna-gelendzhik,1,Amra Turistik,https://amra-turistik.ru/tours/vodopady-i-dolmeny-r-zhane-golubaya-bezdna-i-romantichnyj-vecher-v-gelendzhike,https://storage.yandexcloud.net/kraskideti/tours/%D0%9D%D0%B0%D0%B1%D0%B5%D1%80%D0%B5%D0%B6%D0%BD%D0%B0%D1%8F%20%D0%93%D0%B5%D0%BB%D0%B5%D0%BD%D0%B4%D0%B6%D0%B8%D0%BA%D0%B0.jpg,https://storage.yandexcloud.net/kraskideti/tours/%D0%92%D0%BE%D0%B4%D0%BE%D0%BF%D0%B0%D0%B4%D1%8B%20%D0%96%D0%B0%D0%BD%D0%B5%2C%20%D0%93%D0%BE%D0%BB%D1%83%D0%B1%D0%B0%D1%8F%20%D0%B1%D0%B5%D0%B7%D0%B4%D0%BD%D0%B0.webp,https://storage.yandexcloud.net/kraskideti/tours/%D0%92%D0%BE%D0%B4%D0%BE%D0%BF%D0%B0%D0%B4%D1%8B%20%D0%96%D0%B0%D0%BD%D0%B5%2C%20%D0%93%D0%BE%D0%BB%D1%83%D0%B1%D0%B0%D1%8F%20%D0%B1%D0%B5%D0%B7%D0%B4%D0%BD%D0%B0.webp,,,,,,,,,,,,,,,,,,,,,,,,,,,,,,,,,,,,,,
да ,1018,Водопады Лазаревского района,vodopady-lazarevskogo-rajona,1,Amra Turistik,https://amra-turistik.ru/tours/vodopady-lazarevskogo-rajona-9,https://storage.yandexcloud.net/kraskideti/tours/%D0%93%D0%BE%D1%80%D1%8B%20%D0%9A%D0%BE%D0%BB%D0%B4%D1%83%D0%BD.jpg,https://storage.yandexcloud.net/kraskideti/tours/%D0%92%D0%BE%D0%B4%D0%BE%D0%BF%D0%B0%D0%B4%20%D0%9F%D1%81%D1%8B%D0%B4%D0%B0%D1%85.jpg,https://storage.yandexcloud.net/kraskideti/tours/%D0%92%D0%BE%D0%B4%D0%BE%D0%BF%D0%B0%D0%B4%20%D0%A8%D0%B0%D0%BF%D1%81%D1%83%D0%B3.jpg,https://storage.yandexcloud.net/kraskideti/tours/%D0%94%D0%BE%D0%BB%D0%B8%D0%BD%D0%B0%20%D0%90%D1%88%D0%B5%20%E2%80%94%20%D0%9C%D0%B0%D0%BC%D0%B5%D0%B4%D0%BE%D0%B2%D0%BE%20%D1%83%D1%89%D0%B5%D0%BB%D1%8C%D0%B5.webp,https://storage.yandexcloud.net/kraskideti/tours/%D0%9F%D0%BE%D0%B4%D0%B2%D0%B5%D1%81%D0%BD%D1%8B%D0%B5%20%D0%BC%D0%BE%D1%81%D1%82%D1%8B.webp,https://storage.yandexcloud.net/kraskideti/tours/%D0%93%D0%BE%D0%BB%D0%BE%D0%B2%D0%B0%20%D0%9C%D0%B0%D0%BC%D0%B5%D0%B4%D0%B0%20%D0%B8%20%D0%B1%D0%BE%D1%80%D0%BE%D0%B4%D0%B0%20%D0%BC%D0%B0%D0%BC%D0%B5%D0%B4%D0%B0%20%D0%B0%D0%B4%D1%8B%D0%B3%D0%B5%D1%8F%20%D0%B2%D0%BE%D0%B4%D0%BE%D0%BF%D0%B0%D0%B4%D1%8B.jpg,https://storage.yandexcloud.net/kraskideti/tours/%D0%93%D0%BE%D0%BB%D0%BE%D0%B2%D0%B0%20%D0%9C%D0%B0%D0%BC%D0%B5%D0%B4%D0%B0%20%D0%B8%20%D0%B1%D0%BE%D1%80%D0%BE%D0%B4%D0%B0%20%D0%BC%D0%B0%D0%BC%D0%B5%D0%B4%D0%B0%20%D0%B0%D0%B4%D1%8B%D0%B3%D0%B5%D1%8F%20%D0%B2%D0%BE%D0%B4%D0%BE%D0%BF%D0%B0%D0%B4%D1%8B.jpg,https://storage.yandexcloud.net/kraskideti/tours/%D0%94%D0%BE%D0%BB%D0%B8%D0%BD%D0%B0%20%D0%90%D1%88%D0%B5%20%E2%80%94%20%D0%9C%D0%B0%D0%BC%D0%B5%D0%B4%D0%BE%D0%B2%D0%BE%20%D1%83%D1%89%D0%B5%D0%BB%D1%8C%D0%B5.webp,https://storage.yandexcloud.net/kraskideti/tours/%D0%A2%D0%B5%D1%80%D0%BC%D0%B0%D0%BB%D1%8C%D0%BD%D1%8B%D0%B5%20%D0%B8%D1%81%D1%82%D0%BE%D1%87%D0%BD%D0%B8%D0%BA%D0%B8.jpg,https://storage.yandexcloud.net/kraskideti/tours/%D0%9F%D0%B5%D1%89%D0%B5%D1%80%D0%B0%20%D0%92%D0%B5%D0%B4%D1%8C%D0%BC%20%D0%B0%D0%B4%D1%8B%D0%B3%D0%B5%D1%8F.jpg,https://storage.yandexcloud.net/kraskideti/tours/%D0%92%D0%BE%D0%B4%D0%BE%D0%BF%D0%B0%D0%B4%20%D0%9F%D1%81%D1%8B%D0%B4%D0%B0%D1%85.jpg,,,,,,,,,,,,,,,,,,,,,,,,,,,,,,
да ,1019,Водопады р. Жане — Голубая бездна — скала Парус,vodopady-zhane-golubaya-bezdna-parus,1,Amra Turistik,https://amra-turistik.ru/tours/vodopady-i-dolmeny-r-zhane-golubaya-bezdna-skala-parus-13/,https://storage.yandexcloud.net/kraskideti/tours/%D0%9D%D0%B0%D0%B1%D0%B5%D1%80%D0%B5%D0%B6%D0%BD%D0%B0%D1%8F%20%D0%93%D0%B5%D0%BB%D0%B5%D0%BD%D0%B4%D0%B6%D0%B8%D0%BA%D0%B0.jpg,https://storage.yandexcloud.net/kraskideti/tours/%D0%92%D0%BE%D0%B4%D0%BE%D0%BF%D0%B0%D0%B4%D1%8B%20%D0%96%D0%B0%D0%BD%D0%B5%2C%20%D0%93%D0%BE%D0%BB%D1%83%D0%B1%D0%B0%D1%8F%20%D0%B1%D0%B5%D0%B7%D0%B4%D0%BD%D0%B0.webp,https://storage.yandexcloud.net/kraskideti/tours/%D0%92%D0%BE%D0%B4%D0%BE%D0%BF%D0%B0%D0%B4%D1%8B%20%D0%96%D0%B0%D0%BD%D0%B5%2C%20%D0%93%D0%BE%D0%BB%D1%83%D0%B1%D0%B0%D1%8F%20%D0%B1%D0%B5%D0%B7%D0%B4%D0%BD%D0%B0.webp,https://storage.yandexcloud.net/kraskideti/tours/%D0%A1%D0%BA%D0%B0%D0%BB%D0%B0%20%D0%9F%D0%B0%D1%80%D1%83%D1%81.jpg,,,,,,,,,,,,,,,,,,,,,,,,,,,,,,,,,,,,,
да ,1020,"Вокруг Анапы и «Греция»: 800 ступеней, Кипарисовое озеро и Винное подворье Старого Грека",vokrug-anapy-800-stupenej-vinnyj-grek,1,Amra Turistik,https://amra-turistik.ru/tours/vokrug-anapy-i-grecziya-i-800-stupenej-lastochkiny-gnezda-kiparisovoe-ozero-vinnoe-podvore-starogo-greka-2,https://storage.yandexcloud.net/kraskideti/tours/%D0%93%D0%BE%D1%80%D1%8B%20%D0%9A%D0%BE%D0%BB%D0%B4%D1%83%D0%BD.jpg,https://storage.yandexcloud.net/kraskideti/tours/800%20%D1%81%D1%82%D1%83%D0%BF%D0%B5%D0%BD%D0%B5%D0%B9%20%D0%B8%20%C2%AB%D0%BA%D1%80%D0%B0%D0%B9%20%D0%97%D0%B5%D0%BC%D0%BB%D0%B8%C2%BB%20%D0%B2%20%D0%A1%D1%83%D0%BF%D1%81%D0%B5%D1%85%D0%B5.webp,https://storage.yandexcloud.net/kraskideti/tours/%D0%9A%D0%B8%D0%BF%D0%B0%D1%80%D0%B8%D1%81%D0%BE%D0%B2%D0%BE%D0%B5%20%D0%BE%D0%B7%D0%B5%D1%80%D0%BE%20%D0%A1%D1%83%D0%BA%D0%BA%D0%BE.jpg,https://storage.yandexcloud.net/kraskideti/tours/%D0%92%D0%B8%D0%BD%D0%BD%D0%BE%D0%B5%20%D0%BF%D0%BE%D0%B4%D0%B2%D0%BE%D1%80%D1%8C%D0%B5%20%D0%A1%D1%82%D0%B0%D1%80%D0%BE%D0%B3%D0%BE%20%D0%93%D1%80%D0%B5%D0%BA%D0%B0.webp,https://storage.yandexcloud.net/kraskideti/tours/%D0%9F%D0%B0%D0%BD%D0%BE%D1%80%D0%B0%D0%BC%D0%B0%20%D0%BE%D1%82%20%D0%90%D0%BD%D0%B0%D0%BF%D1%8B%20%D0%B4%D0%BE%20%D0%9D%D0%BE%D0%B2%D0%BE%D1%80%D0%BE%D1%81%D1%81%D0%B8%D0%B9%D1%81%D0%BA%D0%B0.webp,https://storage.yandexcloud.net/kraskideti/tours/%D0%9F%D0%B0%D0%BD%D0%BE%D1%80%D0%B0%D0%BC%D0%B0%20%D0%BE%D1%82%20%D0%90%D0%BD%D0%B0%D0%BF%D1%8B%20%D0%B4%D0%BE%20%D0%9D%D0%BE%D0%B2%D0%BE%D1%80%D0%BE%D1%81%D1%81%D0%B8%D0%B9%D1%81%D0%BA%D0%B0.webp,https://storage.yandexcloud.net/kraskideti/tours/%D0%92%D0%BE%D0%BA%D1%80%D1%83%D0%B3%20%D0%90%D0%BD%D0%B0%D0%BF%D1%8B.webp,https://storage.yandexcloud.net/kraskideti/tours/%D0%92%D0%BE%D0%BA%D1%80%D1%83%D0%B3%20%D0%90%D0%BD%D0%B0%D0%BF%D1%8B.webp,https://storage.yandexcloud.net/kraskideti/tours/800%20%D1%81%D1%82%D1%83%D0%BF%D0%B5%D0%BD%D0%B5%D0%B9%20%D0%B8%20%C2%AB%D0%BA%D1%80%D0%B0%D0%B9%20%D0%97%D0%B5%D0%BC%D0%BB%D0%B8%C2%BB%20%D0%B2%20%D0%A1%D1%83%D0%BF%D1%81%D0%B5%D1%85%D0%B5.webp,,,,,,,,,,,,,,,,,,,,,,,,,,,,,,,,
да ,1021,"Вокруг Анапы: 800 ступеней, Кипарисовое озеро и Абрау-Дюрсо",vokrug-anapy-800-stupenej-kiparisovoe-abrau,1,Amra Turistik,https://amra-turistik.ru/tours/vokrug-anapy-i-abrau-800-stupenej-lastochkiny-gnezda-kiparisovoe-ozero-vecher-v-abrau,https://storage.yandexcloud.net/kraskideti/tours/%D0%97%D0%B0%D0%BA%D0%B0%D1%82%20%D0%B2%20%D0%90%D0%B1%D1%80%D0%B0%D1%83-%D0%94%D1%8E%D1%80%D1%81%D0%BE.webp,https://storage.yandexcloud.net/kraskideti/tours/%D0%93%D0%BE%D1%80%D1%8B%20%D0%9A%D0%BE%D0%BB%D0%B4%D1%83%D0%BD.jpg,https://storage.yandexcloud.net/kraskideti/tours/800%20%D1%81%D1%82%D1%83%D0%BF%D0%B5%D0%BD%D0%B5%D0%B9%20%D0%B8%20%C2%AB%D0%BA%D1%80%D0%B0%D0%B9%20%D0%97%D0%B5%D0%BC%D0%BB%D0%B8%C2%BB%20%D0%B2%20%D0%A1%D1%83%D0%BF%D1%81%D0%B5%D1%85%D0%B5.webp,https://storage.yandexcloud.net/kraskideti/tours/800%20%D1%81%D1%82%D1%83%D0%BF%D0%B5%D0%BD%D0%B5%D0%B9%20%D0%B8%20%C2%AB%D0%BA%D1%80%D0%B0%D0%B9%20%D0%97%D0%B5%D0%BC%D0%BB%D0%B8%C2%BB%20%D0%B2%20%D0%A1%D1%83%D0%BF%D1%81%D0%B5%D1%85%D0%B5.webp,https://storage.yandexcloud.net/kraskideti/tours/%D0%9B%D0%B0%D1%81%D1%82%D0%BE%D1%87%D0%BA%D0%B8%D0%BD%D0%BE%20%D0%B3%D0%BD%D0%B5%D0%B7%D0%B4%D0%BE%20%D1%81%20%D0%BF%D0%B0%D0%BD%D0%BE%D1%80%D0%B0%D0%BC%D0%BE%D0%B9%20%D0%BC%D0%BE%D1%80%D1%8F.jpg,https://storage.yandexcloud.net/kraskideti/tours/800%20%D1%81%D1%82%D1%83%D0%BF%D0%B5%D0%BD%D0%B5%D0%B9%20%D0%B8%20%C2%AB%D0%BA%D1%80%D0%B0%D0%B9%20%D0%97%D0%B5%D0%BC%D0%BB%D0%B8%C2%BB%20%D0%B2%20%D0%A1%D1%83%D0%BF%D1%81%D0%B5%D1%85%D0%B5.webp,,,,,,,,,,,,,,,,,,,,,,,,,,,,,,,,,,,
да ,1022,Волгоград — город-герой,volgograd-gorod-geroj,2,Amra Turistik,https://amra-turistik.ru/tours/po-gorodam-povolzhya-volgograd-ulyanovsk-kazan-nizhnij-novgorodvladimir,https://storage.yandexcloud.net/kraskideti/tours/%D0%9C%D0%B0%D0%BC%D0%B0%D0%B5%D0%B2%20%D0%BA%D1%83%D1%80%D0%B3%D0%B0%D0%BD%20%D0%B8%20%D0%A0%D0%BE%D0%B4%D0%B8%D0%BD%D0%B0-%D0%BC%D0%B0%D1%82%D1%8C.webp,https://storage.yandexcloud.net/kraskideti/tours/%D0%9C%D0%B0%D0%BC%D0%B0%D0%B5%D0%B2%20%D0%BA%D1%83%D1%80%D0%B3%D0%B0%D0%BD%20%D0%B8%20%D0%A0%D0%BE%D0%B4%D0%B8%D0%BD%D0%B0-%D0%BC%D0%B0%D1%82%D1%8C.webp,https://storage.yandexcloud.net/kraskideti/tours/%D0%9F%D0%B0%D0%BD%D0%BE%D1%80%D0%B0%D0%BC%D0%B0%20%D0%A1%D1%82%D0%B0%D0%BB%D0%B8%D0%BD%D0%B3%D1%80%D0%B0%D0%B4%D1%81%D0%BA%D0%BE%D0%B9%20%D0%B1%D0%B8%D1%82%D0%B2%D1%8B.jpg,https://storage.yandexcloud.net/kraskideti/tours/%D0%9D%D0%B0%D0%B1%D0%B5%D1%80%D0%B5%D0%B6%D0%BD%D0%B0%D1%8F%20%D0%92%D0%BE%D0%BB%D0%B3%D0%B8.webp,https://storage.yandexcloud.net/kraskideti/tours/%D0%9C%D0%B0%D0%BC%D0%B0%D0%B5%D0%B2%20%D0%BA%D1%83%D1%80%D0%B3%D0%B0%D0%BD%20%D0%B8%20%D0%A0%D0%BE%D0%B4%D0%B8%D0%BD%D0%B0-%D0%BC%D0%B0%D1%82%D1%8C.webp,https://storage.yandexcloud.net/kraskideti/tours/%D0%9F%D0%B0%D0%BD%D0%BE%D1%80%D0%B0%D0%BC%D0%B0%20%D0%A1%D1%82%D0%B0%D0%BB%D0%B8%D0%BD%D0%B3%D1%80%D0%B0%D0%B4%D1%81%D0%BA%D0%BE%D0%B9%20%D0%B1%D0%B8%D1%82%D0%B2%D1%8B.jpg,https://storage.yandexcloud.net/kraskideti/tours/%D0%A1%D1%82%D0%B0%D1%80%D0%B0%D1%8F%20%D0%A1%D0%B0%D1%80%D0%B5%D0%BF%D1%82%D0%B0.jpg,https://storage.yandexcloud.net/kraskideti/tours/%D0%9C%D0%B5%D1%87%D0%B5%D1%82%D1%8C%20%C2%AB%D0%A1%D0%B5%D1%80%D0%B4%D1%86%D0%B5%20%D0%A7%D0%B5%D1%87%D0%BD%D0%B8%C2%BB.jpg,https://storage.yandexcloud.net/kraskideti/tours/%D0%94%D0%BE%D0%BD%D1%81%D0%BA%D0%BE%D0%B9%20%D0%BA%D0%B0%D0%BD%D0%B0%D0%BB.webp,https://storage.yandexcloud.net/kraskideti/tours/%D0%A1%D1%82%D0%BE%D1%8F%D1%82%D1%8C%20%D0%BD%D0%B0%D1%81%D0%BC%D0%B5%D1%80%D1%82%D1%8C.jpg,https://storage.yandexcloud.net/kraskideti/tours/%D0%9F%D0%BB%D0%BE%D1%89%D0%B0%D0%B4%D1%8C%20%D0%A1%D0%BA%D0%BE%D1%80%D0%B1%D0%B8.jpg,https://storage.yandexcloud.net/kraskideti/tours/%D0%9F%D0%B0%D0%BD%D0%BE%D1%80%D0%B0%D0%BC%D0%B0%20%D0%A1%D1%82%D0%B0%D0%BB%D0%B8%D0%BD%D0%B3%D1%80%D0%B0%D0%B4%D1%81%D0%BA%D0%BE%D0%B9%20%D0%B1%D0%B8%D1%82%D0%B2%D1%8B.jpg,https://storage.yandexcloud.net/kraskideti/tours/%D0%92%D0%B5%D1%80%D1%85%D0%BD%D0%B8%D0%B9%20%D0%B3%D0%BE%D1%80%D0%BE%D0%B4.jpg,,,,,,,,,,,,,,,,,,,,,,,,,,,,
да ,1023,Всесвятское кладбище: тайны старого Краснодара,vsesvyatskoe-kladbishhe-ekskursiya,1,Amra Turistik,https://amra-turistik.ru/tours/nazad-v-proshloe-kakie-tajny-hranit-vsesvyatskoe-kladbishhe-4,https://storage.yandexcloud.net/kraskideti/tours/%D0%A1%D1%82%D0%B0%D1%80%D0%B5%D0%B9%D1%88%D0%B5%D0%B5%20%D0%BA%D0%BB%D0%B0%D0%B4%D0%B1%D0%B8%D1%89%D0%B5%20%D0%9A%D1%80%D0%B0%D1%81%D0%BD%D0%BE%D0%B4%D0%B0%D1%80%D0%B0%20%D1%81%201830%20%D0%B3%D0%BE%D0%B4%D0%B0.jpg,https://storage.yandexcloud.net/kraskideti/tours/%D0%A1%D1%82%D0%B0%D1%80%D0%B5%D0%B9%D1%88%D0%B5%D0%B5%20%D0%BA%D0%BB%D0%B0%D0%B4%D0%B1%D0%B8%D1%89%D0%B5%20%D0%9A%D1%80%D0%B0%D1%81%D0%BD%D0%BE%D0%B4%D0%B0%D1%80%D0%B0%20%D1%81%201830%20%D0%B3%D0%BE%D0%B4%D0%B0.jpg,,,,https://storage.yandexcloud.net/kraskideti/tours/%D0%A1%D1%82%D0%B0%D1%80%D0%B5%D0%B9%D1%88%D0%B5%D0%B5%20%D0%BA%D0%BB%D0%B0%D0%B4%D0%B1%D0%B8%D1%89%D0%B5%20%D0%9A%D1%80%D0%B0%D1%81%D0%BD%D0%BE%D0%B4%D0%B0%D1%80%D0%B0%20%D1%81%201830%20%D0%B3%D0%BE%D0%B4%D0%B0.jpg,,,,,,,,,,,,,,,,,,,,,,,,,,,,,,,,,,,
да ,1024,"Геленджик: море, скалы и набережная",gelendzhik-more-i-skaly,1,Amra Turistik,https://amra-turistik.ru/tours/lyubimaya-klassika-ot-abrau-do-gelendzhika-3/,https://storage.yandexcloud.net/kraskideti/tours/%D0%9D%D0%B0%D0%B1%D0%B5%D1%80%D0%B5%D0%B6%D0%BD%D0%B0%D1%8F%20%D0%93%D0%B5%D0%BB%D0%B5%D0%BD%D0%B4%D0%B6%D0%B8%D0%BA%D0%B0.jpg,https://storage.yandexcloud.net/kraskideti/tours/%D0%A1%D0%BA%D0%B0%D0%BB%D0%B0%20%D0%9F%D0%B0%D1%80%D1%83%D1%81.jpg,,,,,,,,,,,,,,,,,,,,,,,,,,,,,,,,,,,,,,,
да ,1025,"Горный Дагестан за 4 дня: каньоны, аулы-призраки и водопады",gornyj-dagestan-4-dnya,4,Amra Turistik,https://amra-turistik.ru/tours/gornyj-dagestan-za-4-dnya,https://storage.yandexcloud.net/kraskideti/tours/%D0%A1%D1%83%D0%BB%D0%B0%D0%BA%D1%81%D0%BA%D0%B8%D0%B9%20%D0%BA%D0%B0%D0%BD%D1%8C%D0%BE%D0%BD%20%D0%BD%D0%B0%20%D0%BA%D0%B0%D1%82%D0%B5%D1%80%D0%B5.jpeg,https://storage.yandexcloud.net/kraskideti/tours/%D0%93%D0%B0%D0%BC%D1%81%D1%83%D1%82%D0%BB%D1%8C.webp,https://storage.yandexcloud.net/kraskideti/tours/%D0%A1%D0%B0%D0%BB%D1%82%D0%B8%D0%BD%D1%81%D0%BA%D0%B8%D0%B9%20%D0%BF%D0%BE%D0%B4%D0%B7%D0%B5%D0%BC%D0%BD%D1%8B%D0%B9%20%D0%B2%D0%BE%D0%B4%D0%BE%D0%BF%D0%B0%D0%B4.webp,https://storage.yandexcloud.net/kraskideti/tours/%D0%9A%D0%B0%D1%80%D0%B0%D0%B4%D0%B0%D1%85%D1%81%D0%BA%D0%B0%D1%8F%20%D1%82%D0%B5%D1%81%D0%BD%D0%B8%D0%BD%D0%B0%20%E2%80%94%20%C2%AB%D0%92%D0%BE%D1%80%D0%BE%D1%82%D0%B0%20%D1%87%D1%83%D0%B4%D0%B5%D1%81%C2%BB.jpg,https://storage.yandexcloud.net/kraskideti/tours/%D0%92%D0%BE%D0%B4%D0%BE%D0%BF%D0%B0%D0%B4%20%D0%A2%D0%BE%D0%B1%D0%BE%D1%82%20%D0%BD%D0%B0%20%D0%A5%D1%83%D0%BD%D0%B7%D0%B0%D1%85%D1%81%D0%BA%D0%BE%D0%BC%20%D0%BF%D0%BB%D0%B0%D1%82%D0%BE.jpg,https://storage.yandexcloud.net/kraskideti/tours/%D0%A1%D1%83%D0%BB%D0%B0%D0%BA%D1%81%D0%BA%D0%B8%D0%B9%20%D0%BA%D0%B0%D0%BD%D1%8C%D0%BE%D0%BD%20%D0%BD%D0%B0%20%D0%BA%D0%B0%D1%82%D0%B5%D1%80%D0%B5.jpeg,https://storage.yandexcloud.net/kraskideti/tours/%D0%9A%D0%B0%D1%80%D0%B0%D0%B4%D0%B0%D1%85%D1%81%D0%BA%D0%B0%D1%8F%20%D1%82%D0%B5%D1%81%D0%BD%D0%B8%D0%BD%D0%B0%20%E2%80%94%20%C2%AB%D0%92%D0%BE%D1%80%D0%BE%D1%82%D0%B0%20%D1%87%D1%83%D0%B4%D0%B5%D1%81%C2%BB.jpg,https://storage.yandexcloud.net/kraskideti/tours/%D0%A1%D1%83%D0%BB%D0%B0%D0%BA%D1%81%D0%BA%D0%B8%D0%B9%20%D0%BA%D0%B0%D0%BD%D1%8C%D0%BE%D0%BD%20%D0%BD%D0%B0%20%D0%BA%D0%B0%D1%82%D0%B5%D1%80%D0%B5.jpeg,https://storage.yandexcloud.net/kraskideti/tours/%D0%9F%D0%BB%D0%B0%D1%82%D0%BE%20%D0%9C%D0%B0%D1%82%D0%BB%D0%B0%D1%81.jpg,https://storage.yandexcloud.net/kraskideti/tours/%D0%A5%D1%83%D0%BD%D0%B7%D0%B0%D1%85%D1%81%D0%BA%D0%BE%D0%B5%20%D0%BF%D0%BB%D0%B0%D1%82%D0%BE.jpg,https://storage.yandexcloud.net/kraskideti/tours/%D0%91%D0%B0%D0%B7%D0%B0%D1%80%20%D0%A1%D0%B0%D0%BC%D0%B0%D1%80%D0%BA%D0%B0%D0%BD%D0%B4%D0%B0.webp,https://storage.yandexcloud.net/kraskideti/tours/%D0%93%D0%B0%D0%BC%D1%81%D1%83%D1%82%D0%BB%D1%8C.webp,https://storage.yandexcloud.net/kraskideti/tours/%D0%A1%D0%B5%D0%BB%D0%BE%20%D0%93%D1%83%D0%BD%D0%B8%D0%B1.jpg,https://storage.yandexcloud.net/kraskideti/tours/%D0%A1%D0%B5%D0%BB%D0%BE%20%D0%93%D1%83%D0%BD%D0%B8%D0%B1%20%D0%93%D1%83%D0%BD%D0%B8%D0%B1%D1%81%D0%BA%D0%B0%D1%8F%20%D0%BA%D1%80%D0%B5%D0%BF%D0%BE%D1%81%D1%82%D1%8C.jpeg,https://storage.yandexcloud.net/kraskideti/tours/%D0%A1%D0%B0%D0%BB%D1%82%D0%B8%D0%BD%D1%81%D0%BA%D0%B8%D0%B9%20%D0%BF%D0%BE%D0%B4%D0%B7%D0%B5%D0%BC%D0%BD%D1%8B%D0%B9%20%D0%B2%D0%BE%D0%B4%D0%BE%D0%BF%D0%B0%D0%B4.webp,https://storage.yandexcloud.net/kraskideti/tours/%D0%A5%D1%83%D0%BD%D0%B7%D0%B0%D1%85%D1%81%D0%BA%D0%BE%D0%B5%20%D0%BF%D0%BB%D0%B0%D1%82%D0%BE.jpg,https://storage.yandexcloud.net/kraskideti/tours/%D0%9F%D0%BB%D0%B0%D1%82%D0%BE%20%D0%9C%D0%B0%D1%82%D0%BB%D0%B0%D1%81.jpg,,,,,,,,,,,,,,,,,,,,,,,,
да ,1026,Горячий Ключ + вечерний Парк Галицкого,goryachij-klyuch-park-galitskogo,1,Amra Turistik,https://amra-turistik.ru/tours/goryachij-klyuch-i-kapibary-i-alpaki-na-ferme-10,https://storage.yandexcloud.net/kraskideti/tours/%D0%94%D0%B0%D0%BD%D1%82%D0%BE%D0%B2%D0%BE%20%D1%83%D1%89%D0%B5%D0%BB%D1%8C%D0%B5.webp,https://storage.yandexcloud.net/kraskideti/tours/%D0%93%D0%BE%D1%80%D1%8F%D1%87%D0%B8%D0%B9%20%D0%9A%D0%BB%D1%8E%D1%87%20%2B%20%D0%9F%D0%B0%D1%80%D0%BA%20%D0%93%D0%B0%D0%BB%D0%B8%D1%86%D0%BA%D0%BE%D0%B3%D0%BE.jpg,,,,,,,,,,,,,,,,,,,,,,,,,,,,,,,,,,,,,,,
да ,1027,Горячий Ключ и капибары с альпаками на ферме,goryachij-klyuch-kapibary-i-alpaki-1-den,1,Amra Turistik,https://amra-turistik.ru/tours/goryachij-klyuch-i-kapibary-i-alpaki-na-ferme-10,https://storage.yandexcloud.net/kraskideti/tours/%D0%93%D0%BE%D1%80%D1%8F%D1%87%D0%B8%D0%B9%20%D0%9A%D0%BB%D1%8E%D1%87%20%2B%20%D0%9F%D0%B0%D1%80%D0%BA%20%D0%93%D0%B0%D0%BB%D0%B8%D1%86%D0%BA%D0%BE%D0%B3%D0%BE.jpg,https://storage.yandexcloud.net/kraskideti/tours/%D0%94%D0%B0%D0%BD%D1%82%D0%BE%D0%B2%D0%BE%20%D1%83%D1%89%D0%B5%D0%BB%D1%8C%D0%B5.webp,https://storage.yandexcloud.net/kraskideti/tours/%D0%A1%D0%BA%D0%B0%D0%BB%D0%B0%20%D0%9F%D0%B5%D1%82%D1%83%D1%88%D0%BE%D0%BA.jpg,,,,,,,,,,,,,,,,,,,,,,,,,,,,,,,,,,,,,,
да ,1028,Грозный и Аргунское ущелье,groznyj-2-dnya,2,Amra Turistik,https://amra-turistik.ru/tours/priglashaem-vas-v-chechnyu-21,https://storage.yandexcloud.net/kraskideti/tours/%D0%9C%D0%B5%D1%87%D0%B5%D1%82%D1%8C%20%C2%AB%D0%A1%D0%B5%D1%80%D0%B4%D1%86%D0%B5%20%D0%A7%D0%B5%D1%87%D0%BD%D0%B8%C2%BB.jpg,https://storage.yandexcloud.net/kraskideti/tours/%D0%9C%D0%B5%D1%87%D0%B5%D1%82%D1%8C%20%C2%AB%D0%A1%D0%B5%D1%80%D0%B4%D1%86%D0%B5%20%D0%A7%D0%B5%D1%87%D0%BD%D0%B8%C2%BB.jpg,https://storage.yandexcloud.net/kraskideti/tours/%D0%93%D1%80%D0%BE%D0%B7%D0%BD%D1%8B%D0%B9-%D0%A1%D0%B8%D1%82%D0%B8.png,https://storage.yandexcloud.net/kraskideti/tours/%D1%83%D1%88%D0%BA%D0%B0%D0%BB%D0%BE%D0%B9%D1%81%D0%BA%D0%B8%D0%B5%20%D0%B1%D0%B0%D1%88%D0%BD%D0%B8.jpeg,https://storage.yandexcloud.net/kraskideti/tours/%D0%A7%D0%B0%D0%BD%D1%82%D1%8B-%D0%90%D1%80%D0%B3%D1%83%D0%BD.jpg,https://storage.yandexcloud.net/kraskideti/tours/%D0%A5%D1%80%D0%B0%D0%BC%20%D0%90%D1%80%D1%85%D0%B0%D0%BD%D0%B3%D0%B5%D0%BB%D0%B0.jpg,https://storage.yandexcloud.net/kraskideti/tours/%D0%9A%D0%BE%D0%BC%D0%BF%D0%BB%D0%B5%D0%BA%D1%81%20%D0%9F%D1%85%D0%B0%D0%BA%D0%BE%D1%87.jpeg,https://storage.yandexcloud.net/kraskideti/tours/%D0%90%D1%80%D0%B3%D1%83%D0%BD%D1%81%D0%BA%D0%BE%D0%B5%20%D1%83%D1%89%D0%B5%D0%BB%D1%8C%D0%B5.jpg,https://storage.yandexcloud.net/kraskideti/tours/%D0%9D%D0%B8%D1%85%D0%B0%D0%BB%D0%BE%D0%B9%D1%81%D0%BA%D0%B8%D0%B5%20%D0%B2%D0%BE%D0%B4%D0%BE%D0%BF%D0%B0%D0%B4%D1%8B.jpg,,,,,,,,,,,,,,,,,,,,,,,,,,,,,,,,
да ,1029,"Грузия за 4 дня: Тбилиси, Кахетия и Мцхета",gruziya-4-dnya,4,Amra Turistik,https://amra-turistik.ru/tours/solnechnyj-maya-v-gruzii,https://storage.yandexcloud.net/kraskideti/tours/%D0%92%D0%BE%D0%B5%D0%BD%D0%BD%D0%BE-%D0%93%D1%80%D1%83%D0%B7%D0%B8%D0%BD%D1%81%D0%BA%D0%B0%D1%8F%20%D0%B4%D0%BE%D1%80%D0%BE%D0%B3%D0%B0%20%E2%80%94%20%D0%A2%D0%B1%D0%B8%D0%BB%D0%B8%D1%81%D0%B8.jpg,https://storage.yandexcloud.net/kraskideti/tours/%D0%92%D0%BE%D0%B5%D0%BD%D0%BD%D0%BE-%D0%93%D1%80%D1%83%D0%B7%D0%B8%D0%BD%D1%81%D0%BA%D0%B0%D1%8F%20%D0%B4%D0%BE%D1%80%D0%BE%D0%B3%D0%B0%20%E2%80%94%20%D0%A2%D0%B1%D0%B8%D0%BB%D0%B8%D1%81%D0%B8.jpg,https://storage.yandexcloud.net/kraskideti/tours/%D0%9A%D0%B0%D1%85%D0%B5%D1%82%D0%B8%D1%8F.jpg,https://storage.yandexcloud.net/kraskideti/tours/%D0%9C%D1%86%D1%85%D0%B5%D1%82%D0%B0.jpeg,https://storage.yandexcloud.net/kraskideti/tours/%D0%92%D0%BE%D0%B5%D0%BD%D0%BD%D0%BE-%D0%93%D1%80%D1%83%D0%B7%D0%B8%D0%BD%D1%81%D0%BA%D0%B0%D1%8F%20%D0%B4%D0%BE%D1%80%D0%BE%D0%B3%D0%B0%20%E2%80%94%20%D0%A2%D0%B1%D0%B8%D0%BB%D0%B8%D1%81%D0%B8.jpg,https://storage.yandexcloud.net/kraskideti/tours/%D0%97%D0%B0%D0%BC%D0%BE%D0%BA%20%D0%90%D0%BD%D0%B0%D0%BD%D1%83%D1%80%D0%B8.jpg,https://storage.yandexcloud.net/kraskideti/tours/%D0%A5%D1%80%D0%B0%D0%BC%20%D0%9C%D0%B5%D1%82%D0%B5%D1%85%D0%B8.webp,https://storage.yandexcloud.net/kraskideti/tours/%D0%9F%D0%BB%D0%BE%D1%89%D0%B0%D0%B4%D1%8C%20%D0%95%D0%B2%D1%80%D0%BE%D0%BF%D1%8B%20%D0%B3%D1%80%D1%83%D0%B7%D0%B8%D1%8F.jpg,https://storage.yandexcloud.net/kraskideti/tours/%D0%9F%D0%B0%D1%80%D0%BA%20%D0%A0%D0%B8%D0%BA%D0%BE.webp,https://storage.yandexcloud.net/kraskideti/tours/%D0%9A%D1%80%D0%B5%D0%BF%D0%BE%D1%81%D1%82%D1%8C%20%D0%9D%D0%B0%D1%80%D0%B8%D0%BA%D0%B0%D0%BB%D0%B0.jpg,https://storage.yandexcloud.net/kraskideti/tours/%D0%9C%D0%BE%D1%81%D1%82%20%D0%9C%D0%B8%D1%80%D0%B0.jpg,https://storage.yandexcloud.net/kraskideti/tours/%D0%9F%D1%80%D0%BE%D1%81%D0%BF%D0%B5%D0%BA%D1%82%20%D0%A0%D1%83%D1%81%D1%82%D0%B0%D0%B2%D0%B5%D0%BB%D0%BB%D0%B8.jpg,https://storage.yandexcloud.net/kraskideti/tours/%D0%9C%D0%BE%D0%BD%D0%B0%D1%81%D1%82%D1%8B%D1%80%D1%8C%20%D0%91%D0%BE%D0%B4%D0%B1%D0%B5.jpeg,https://storage.yandexcloud.net/kraskideti/tours/%D0%A1%D0%B2%D1%8F%D1%82%D0%BE%D0%B9%20%D0%9D%D0%B8%D0%BD%D0%BE.jpg,,,,,,,,,,,,,,,,,,,,,,,,,,,
да ,1030,"Грузия за 5 дней: Тбилиси, Кахетия и Мцхета",gruziya-5-dnej-tblisi-kahetiya,5,Amra Turistik,https://amra-turistik.ru/tours/edem-v-gruziyu-na-pyat-dnej-4,https://storage.yandexcloud.net/kraskideti/tours/%D0%92%D0%BE%D0%B5%D0%BD%D0%BD%D0%BE-%D0%93%D1%80%D1%83%D0%B7%D0%B8%D0%BD%D1%81%D0%BA%D0%B0%D1%8F%20%D0%B4%D0%BE%D1%80%D0%BE%D0%B3%D0%B0%20%E2%80%94%20%D0%A2%D0%B1%D0%B8%D0%BB%D0%B8%D1%81%D0%B8.jpg,https://storage.yandexcloud.net/kraskideti/tours/%D0%92%D0%BE%D0%B5%D0%BD%D0%BD%D0%BE-%D0%93%D1%80%D1%83%D0%B7%D0%B8%D0%BD%D1%81%D0%BA%D0%B0%D1%8F%20%D0%B4%D0%BE%D1%80%D0%BE%D0%B3%D0%B0%20%E2%80%94%20%D0%A2%D0%B1%D0%B8%D0%BB%D0%B8%D1%81%D0%B8.jpg,https://storage.yandexcloud.net/kraskideti/tours/%D0%9A%D1%80%D0%B5%D0%BF%D0%BE%D1%81%D1%82%D1%8C%20%D0%9D%D0%B0%D1%80%D0%B8%D0%BA%D0%B0%D0%BB%D0%B0.jpg,https://storage.yandexcloud.net/kraskideti/tours/%D0%9A%D0%B0%D1%85%D0%B5%D1%82%D0%B8%D1%8F.jpg,https://storage.yandexcloud.net/kraskideti/tours/%D0%9C%D1%86%D1%85%D0%B5%D1%82%D0%B0%20%E2%80%94%20%C2%AB%D0%92%D1%82%D0%BE%D1%80%D0%BE%D0%B9%20%D0%98%D0%B5%D1%80%D1%83%D1%81%D0%B0%D0%BB%D0%B8%D0%BC%C2%BB.jpeg,https://storage.yandexcloud.net/kraskideti/tours/%D0%9A%D1%80%D0%B5%D0%BF%D0%BE%D1%81%D1%82%D1%8C%20%D0%9D%D0%B0%D1%80%D0%B8%D0%BA%D0%B0%D0%BB%D0%B0.jpg,https://storage.yandexcloud.net/kraskideti/tours/%D0%97%D0%B0%D0%BC%D0%BE%D0%BA%20%D0%90%D0%BD%D0%B0%D0%BD%D1%83%D1%80%D0%B8.jpg,https://storage.yandexcloud.net/kraskideti/tours/%D0%A5%D1%80%D0%B0%D0%BC%20%D0%9C%D0%B5%D1%82%D0%B5%D1%85%D0%B8.webp,https://storage.yandexcloud.net/kraskideti/tours/%D0%9F%D0%BB%D0%BE%D1%89%D0%B0%D0%B4%D1%8C%20%D0%95%D0%B2%D1%80%D0%BE%D0%BF%D1%8B%20%D0%B3%D1%80%D1%83%D0%B7%D0%B8%D1%8F.jpg,https://storage.yandexcloud.net/kraskideti/tours/%D0%9F%D0%B0%D1%80%D0%BA%20%D0%A0%D0%B8%D0%BA%D0%BE.webp,https://storage.yandexcloud.net/kraskideti/tours/%D0%9C%D0%BE%D1%81%D1%82%20%D0%9C%D0%B8%D1%80%D0%B0.jpg,https://storage.yandexcloud.net/kraskideti/tours/%D0%9C%D0%BE%D0%BD%D0%B0%D1%81%D1%82%D1%8B%D1%80%D1%8C%20%D0%91%D0%BE%D0%B4%D0%B1%D0%B5.jpeg,https://storage.yandexcloud.net/kraskideti/tours/%D0%9C%D0%BE%D0%BD%D0%B0%D1%81%D1%82%D1%8B%D1%80%D1%8C%20%D0%94%D0%B6%D0%B2%D0%B0%D1%80%D0%B8.webp,https://storage.yandexcloud.net/kraskideti/tours/%D0%9C%D0%BE%D0%BD%D0%B0%D1%81%D1%82%D1%8B%D1%80%D1%8C%20%D0%A1%D0%B0%D0%BC%D1%82%D0%B0%D0%B2%D1%80%D0%BE.jpg,https://storage.yandexcloud.net/kraskideti/tours/%D0%9A%D0%BE%D0%BC%D0%BF%D0%BB%D0%B5%D0%BA%D1%81%20%D0%A8%D0%B8%D0%BE%D0%BC%D0%B3%D0%B2%D0%B8%D0%BC%D0%B5.webp,https://storage.yandexcloud.net/kraskideti/tours/%D0%A1%D0%B2%D1%8F%D1%82%D0%BE%D0%B9%20%D0%9D%D0%B8%D0%BD%D0%BE.jpg,https://storage.yandexcloud.net/kraskideti/tours/%D0%92%D0%B5%D1%80%D1%85%D0%BD%D0%B8%D0%B9%20%D0%9B%D0%B0%D1%80%D1%81.webp,https://storage.yandexcloud.net/kraskideti/tours/%D0%A3%D0%BB%D0%B8%D1%86%D0%B0%20%D0%A0%D1%83%D1%81%D1%82%D0%B0%D0%B2%D0%B5%D0%BB%D0%BB%D0%B8.webp,https://storage.yandexcloud.net/kraskideti/tours/%D0%A1%D0%B5%D0%BB%D0%BE%20%D0%91%D0%B8%D0%B4%D0%B0%D1%83%D1%80%D0%B8.webp,https://storage.yandexcloud.net/kraskideti/tours/%D0%9F%D1%80%D0%BE%D1%81%D0%BF%D0%B5%D0%BA%D1%82%20%D0%A0%D1%83%D1%81%D1%82%D0%B0%D0%B2%D0%B5%D0%BB%D0%BB%D0%B8.jpg,,,,,,,,,,,,,,,,,,,,,
да ,1031,"Грузия за 5 дней: Тбилиси, каньон Дашбаши и Кахетия",gruziya-5-dnej-dashbashi,5,Amra Turistik,https://amra-turistik.ru/tours/edem-v-gruziyu-na-pyat-dnej-3,https://storage.yandexcloud.net/kraskideti/tours/%D0%92%D0%BE%D0%B5%D0%BD%D0%BD%D0%BE-%D0%93%D1%80%D1%83%D0%B7%D0%B8%D0%BD%D1%81%D0%BA%D0%B0%D1%8F%20%D0%B4%D0%BE%D1%80%D0%BE%D0%B3%D0%B0%20%E2%80%94%20%D0%A2%D0%B1%D0%B8%D0%BB%D0%B8%D1%81%D0%B8.jpg,https://storage.yandexcloud.net/kraskideti/tours/%D0%9A%D0%B0%D0%BD%D1%8C%D0%BE%D0%BD%20%D0%94%D0%B0%D1%88%D0%B1%D0%B0%D1%88%D0%B8.jpg,https://storage.yandexcloud.net/kraskideti/tours/%D0%9F%D1%80%D0%BE%D1%81%D0%BF%D0%B5%D0%BA%D1%82%20%D0%A0%D1%83%D1%81%D1%82%D0%B0%D0%B2%D0%B5%D0%BB%D0%BB%D0%B8.jpg,https://storage.yandexcloud.net/kraskideti/tours/%D0%9A%D0%B0%D1%85%D0%B5%D1%82%D0%B8%D1%8F.jpg,https://storage.yandexcloud.net/kraskideti/tours/%D0%92%D0%BE%D0%B5%D0%BD%D0%BD%D0%BE-%D0%93%D1%80%D1%83%D0%B7%D0%B8%D0%BD%D1%81%D0%BA%D0%B0%D1%8F%20%D0%B4%D0%BE%D1%80%D0%BE%D0%B3%D0%B0%20%E2%80%94%20%D0%A2%D0%B1%D0%B8%D0%BB%D0%B8%D1%81%D0%B8.jpg,https://storage.yandexcloud.net/kraskideti/tours/%D0%97%D0%B0%D0%BC%D0%BE%D0%BA%20%D0%90%D0%BD%D0%B0%D0%BD%D1%83%D1%80%D0%B8.jpg,https://storage.yandexcloud.net/kraskideti/tours/%D0%9C%D0%BE%D1%81%D1%82%20%D0%9C%D0%B8%D1%80%D0%B0.jpg,https://storage.yandexcloud.net/kraskideti/tours/%D0%9F%D1%80%D0%BE%D1%81%D0%BF%D0%B5%D0%BA%D1%82%20%D0%A0%D1%83%D1%81%D1%82%D0%B0%D0%B2%D0%B5%D0%BB%D0%BB%D0%B8.jpg,https://storage.yandexcloud.net/kraskideti/tours/%D0%9F%D0%B0%D1%80%D0%BA%20%D0%9C%D1%82%D0%B0%D1%86%D0%BC%D0%B8%D0%BD%D0%B4%D0%B0.jpeg,https://storage.yandexcloud.net/kraskideti/tours/%D0%A1%D0%B5%D0%BB%D0%BE%20%D0%91%D0%B8%D0%B4%D0%B0%D1%83%D1%80%D0%B8.webp,https://storage.yandexcloud.net/kraskideti/tours/%D0%9C%D0%BE%D0%BD%D0%B0%D1%81%D1%82%D1%8B%D1%80%D1%8C%20%D0%94%D0%B6%D0%B2%D0%B0%D1%80%D0%B8.webp,https://storage.yandexcloud.net/kraskideti/tours/%D0%9A%D0%BE%D0%BC%D0%BF%D0%BB%D0%B5%D0%BA%D1%81%20%D0%A8%D0%B8%D0%BE%D0%BC%D0%B3%D0%B2%D0%B8%D0%BC%D0%B5.webp,https://storage.yandexcloud.net/kraskideti/tours/%D0%9C%D1%86%D1%85%D0%B5%D1%82%D0%B0.jpeg,,https://storage.yandexcloud.net/kraskideti/tours/%D0%9C%D0%BE%D0%BD%D0%B0%D1%81%D1%82%D1%8B%D1%80%D1%8C%20%D0%91%D0%BE%D0%B4%D0%B1%D0%B5.jpeg,https://storage.yandexcloud.net/kraskideti/tours/%D0%A1%D0%B2%D1%8F%D1%82%D0%BE%D0%B9%20%D0%9D%D0%B8%D0%BD%D0%BE.jpg,https://storage.yandexcloud.net/kraskideti/tours/%D0%9F%D1%80%D0%BE%D1%81%D0%BF%D0%B5%D0%BA%D1%82%20%D0%A0%D1%83%D1%81%D1%82%D0%B0%D0%B2%D0%B5%D0%BB%D0%BB%D0%B8.jpg,,,,,,,,,,,,,,,,,,,,,,,,
да ,1032,Гуамское ущелье и Орлиная полка,guamskoe-ushchelye-1-den,1,Amra Turistik,https://amra-turistik.ru/tours/relaks-tur-guamskoe-ushhele-i-termalnye-istochniki-40/,https://storage.yandexcloud.net/kraskideti/tours/%D0%93%D1%83%D0%B0%D0%BC%D1%81%D0%BA%D0%BE%D0%B5%20%D1%83%D1%89%D0%B5%D0%BB%D1%8C%D0%B5.jpg,https://storage.yandexcloud.net/kraskideti/tours/%D0%90%D0%B4%D1%8B%D0%B3%D0%B5%D1%8F.webp,https://storage.yandexcloud.net/kraskideti/tours/%D0%A3%D0%B7%D0%BA%D0%BE%D0%BA%D0%BE%D0%BB%D0%B5%D0%B9%D0%BD%D0%B0%D1%8F%20%D0%B4%D0%BE%D1%80%D0%BE%D0%B3%D0%B0.jpg,https://storage.yandexcloud.net/kraskideti/tours/%D0%9E%D1%80%D0%BB%D0%B8%D0%BD%D0%B0%D1%8F%20%D0%BF%D0%BE%D0%BB%D0%BA%D0%B0.jpg,https://storage.yandexcloud.net/kraskideti/tours/%D0%93%D1%83%D0%B0%D0%BC%D1%81%D0%BA%D0%BE%D0%B5%20%D1%83%D1%89%D0%B5%D0%BB%D1%8C%D0%B5.jpg,https://storage.yandexcloud.net/kraskideti/tours/%D0%93%D0%BE%D1%80%D1%8B%20%D0%9C%D0%B5%D0%B7%D0%BC%D0%B0%D1%8F.jpg,,,,,,,,,,,,,,,,,,,,,,,,,,,,,,,,,,,
да ,1033,Гуамское ущелье и термальные источники,guamka-termy-relaks,1,Amra Turistik,https://amra-turistik.ru/tours/relaks-tur-guamskoe-ushhele-i-termalnye-istochniki-40/,https://storage.yandexcloud.net/kraskideti/tours/%D0%93%D1%83%D0%B0%D0%BC%D1%81%D0%BA%D0%BE%D0%B5%20%D1%83%D1%89%D0%B5%D0%BB%D1%8C%D0%B5.jpg,https://storage.yandexcloud.net/kraskideti/tours/%D0%90%D0%B4%D1%8B%D0%B3%D0%B5%D1%8F.webp,https://storage.yandexcloud.net/kraskideti/tours/%D0%93%D1%83%D0%B0%D0%BC%D1%81%D0%BA%D0%BE%D0%B5%20%D1%83%D1%89%D0%B5%D0%BB%D1%8C%D0%B5.jpg,,,,,,,,,,,,,,,,,,,,,,,,,,,,,,,,,,,,,,
да ,1034,Гузерипль — Лаго-Наки — Термальные источники,guzeripl-lago-naki-termy,1,Amra Turistik,https://amra-turistik.ru/tours/guzeripl-lago-naki-termalnye-istochniki-40,https://storage.yandexcloud.net/kraskideti/tours/%D0%9F%D0%BB%D0%B0%D1%82%D0%BE%20%D0%9B%D0%B0%D0%B3%D0%BE.jpg,https://storage.yandexcloud.net/kraskideti/tours/%D0%90%D0%B4%D1%8B%D0%B3%D0%B5%D1%8F.webp,https://storage.yandexcloud.net/kraskideti/tours/%D0%A2%D1%80%D0%BE%D0%BF%D0%B0%20%D0%9B%D0%B5%D0%BE%D0%BF%D0%B0%D1%80%D0%B4%D0%B0%20%D0%B2%20%D0%B7%D0%B0%D0%BF%D0%BE%D0%B2%D0%B5%D0%B4%D0%BD%D0%B8%D0%BA%D0%B5.jpg,https://storage.yandexcloud.net/kraskideti/tours/%D0%A2%D0%B5%D1%80%D0%BC%D0%B0%D0%BB%D1%8C%D0%BD%D1%8B%D0%B5%20%D0%B8%D1%81%D1%82%D0%BE%D1%87%D0%BD%D0%B8%D0%BA%D0%B8.jpg,https://storage.yandexcloud.net/kraskideti/tours/%D0%9B%D0%B0%D0%B3%D0%BE-%D0%9D%D0%B0%D0%BA%D0%B8.jpg,https://storage.yandexcloud.net/kraskideti/tours/%D0%A2%D0%B5%D1%80%D0%BC%D0%B0%D0%BB%D1%8C%D0%BD%D1%8B%D0%B5%20%D0%B8%D1%81%D1%82%D0%BE%D1%87%D0%BD%D0%B8%D0%BA%D0%B8%20%C2%AB%D0%92%D0%BE%D0%B4%D0%BD%D0%B0%D1%8F%20%D0%A0%D0%B8%D0%B2%D1%8C%D0%B5%D1%80%D0%B0%C2%BB.jpeg,https://storage.yandexcloud.net/kraskideti/tours/%D0%93%D1%83%D0%B7%D0%B5%D1%80%D0%B8%D0%BF%D0%BB%D1%8C%20%E2%80%94%20%D0%9B%D0%B0%D0%B3%D0%BE-%D0%9D%D0%B0%D0%BA%D0%B8.jpg,https://storage.yandexcloud.net/kraskideti/tours/%D0%93%D1%83%D0%B7%D0%B5%D1%80%D0%B8%D0%BF%D0%BB%D1%8C%20%E2%80%94%20%D0%9B%D0%B0%D0%B3%D0%BE-%D0%9D%D0%B0%D0%BA%D0%B8.jpg,,,,,,,,,,,,,,,,,,,,,,,,,,,,,,,,,
да ,1035,Дагестан: Сулакский каньон и Дербент,dagestan-4-dnya,4,Amra Turistik,https://amra-turistik.ru/tours/gornyj-dagestan-za-4-dnya,https://storage.yandexcloud.net/kraskideti/tours/%D0%A1%D1%83%D0%BB%D0%B0%D0%BA%D1%81%D0%BA%D0%B8%D0%B9%20%D0%BA%D0%B0%D0%BD%D1%8C%D0%BE%D0%BD%20%D0%BD%D0%B0%20%D0%BA%D0%B0%D1%82%D0%B5%D1%80%D0%B5.jpeg,https://storage.yandexcloud.net/kraskideti/tours/%D0%A1%D1%83%D0%BB%D0%B0%D0%BA%D1%81%D0%BA%D0%B8%D0%B9%20%D0%BA%D0%B0%D0%BD%D1%8C%D0%BE%D0%BD%20%D0%BD%D0%B0%20%D0%BA%D0%B0%D1%82%D0%B5%D1%80%D0%B5.jpeg,https://storage.yandexcloud.net/kraskideti/tours/%D0%A1%D1%83%D0%BB%D0%B0%D0%BA%D1%81%D0%BA%D0%B8%D0%B9%20%D0%BA%D0%B0%D0%BD%D1%8C%D0%BE%D0%BD%20%D0%BD%D0%B0%20%D0%BA%D0%B0%D1%82%D0%B5%D1%80%D0%B5.jpeg,https://storage.yandexcloud.net/kraskideti/tours/%D0%94%D1%80%D0%B5%D0%B2%D0%BD%D0%B8%D0%B9%20%D0%94%D0%B5%D1%80%D0%B1%D0%B5%D0%BD%D1%82.jpg,https://storage.yandexcloud.net/kraskideti/tours/%D0%A1%D1%83%D0%BB%D0%B0%D0%BA%D1%81%D0%BA%D0%B8%D0%B9%20%D0%BA%D0%B0%D0%BD%D1%8C%D0%BE%D0%BD%20%D0%BD%D0%B0%20%D0%BA%D0%B0%D1%82%D0%B5%D1%80%D0%B5.jpeg,https://storage.yandexcloud.net/kraskideti/tours/%D0%91%D0%B0%D1%80%D1%85%D0%B0%D0%BD%20%D0%A1%D0%B0%D1%80%D1%8B%D0%BA%D1%83%D0%BC.jpg,https://storage.yandexcloud.net/kraskideti/tours/%D0%94%D1%80%D0%B5%D0%B2%D0%BD%D0%B8%D0%B9%20%D0%94%D0%B5%D1%80%D0%B1%D0%B5%D0%BD%D1%82.jpg,https://storage.yandexcloud.net/kraskideti/tours/%D0%9A%D0%B0%D0%BD%D1%8C%D0%BE%D0%BD%20%D0%95%D0%B2%D1%80%D0%BE%D0%BF%D1%8B.webp,https://storage.yandexcloud.net/kraskideti/tours/%D0%90%D0%BD%D0%B0%D0%BA%D0%BE%D0%BF%D0%B8%D0%B9%D1%81%D0%BA%D0%B0%D1%8F%20%D0%BA%D1%80%D0%B5%D0%BF%D0%BE%D1%81%D1%82%D1%8C.jpg,https://storage.yandexcloud.net/kraskideti/tours/%D0%A1%D0%B5%D0%BB%D0%BE%20%D0%93%D1%83%D0%BD%D0%B8%D0%B1%20%D0%93%D1%83%D0%BD%D0%B8%D0%B1%D1%81%D0%BA%D0%B0%D1%8F%20%D0%BA%D1%80%D0%B5%D0%BF%D0%BE%D1%81%D1%82%D1%8C.jpeg,https://storage.yandexcloud.net/kraskideti/tours/%D0%A1%D0%B0%D0%BB%D1%82%D0%B8%D0%BD%D1%81%D0%BA%D0%B8%D0%B9%20%D0%BF%D0%BE%D0%B4%D0%B7%D0%B5%D0%BC%D0%BD%D1%8B%D0%B9%20%D0%B2%D0%BE%D0%B4%D0%BE%D0%BF%D0%B0%D0%B4.webp,https://storage.yandexcloud.net/kraskideti/tours/%D0%A1%D1%83%D0%BB%D0%B0%D0%BA%D1%81%D0%BA%D0%B8%D0%B9%20%D0%BA%D0%B0%D0%BD%D1%8C%D0%BE%D0%BD%20%D0%BD%D0%B0%20%D0%BA%D0%B0%D1%82%D0%B5%D1%80%D0%B5.jpeg,https://storage.yandexcloud.net/kraskideti/tours/%D0%94%D1%80%D0%B5%D0%B2%D0%BD%D0%B8%D0%B9%20%D0%94%D0%B5%D1%80%D0%B1%D0%B5%D0%BD%D1%82.jpg,https://storage.yandexcloud.net/kraskideti/tours/%D0%9C%D0%B0%D1%87%D1%83-%D0%9F%D0%B8%D0%BA%D1%87%D1%83.webp,https://storage.yandexcloud.net/kraskideti/tours/%D0%A1%D1%83%D0%BB%D0%B0%D0%BA%D1%81%D0%BA%D0%B8%D0%B9%20%D0%BA%D0%B0%D0%BD%D1%8C%D0%BE%D0%BD%20%D0%BD%D0%B0%20%D0%BA%D0%B0%D1%82%D0%B5%D1%80%D0%B5.jpeg,https://storage.yandexcloud.net/kraskideti/tours/%D0%9D%D0%B0%D0%B1%D0%B5%D1%80%D0%B5%D0%B6%D0%BD%D0%B0%D1%8F%20%D0%9A%D0%B0%D1%81%D0%BF%D0%B8%D0%B9%D1%81%D0%BA%D0%BE%D0%B3%D0%BE.jpg,https://storage.yandexcloud.net/kraskideti/tours/%D0%91%D0%B0%D1%80%D1%85%D0%B0%D0%BD%20%D0%A1%D0%B0%D1%80%D1%8B%D0%BA%D1%83%D0%BC.jpg,https://storage.yandexcloud.net/kraskideti/tours/%D0%93%D0%B0%D0%BC%D1%81%D1%83%D1%82%D0%BB%D1%8C.webp,https://storage.yandexcloud.net/kraskideti/tours/%D0%9C%D0%B0%D1%85%D0%B0%D1%87%D0%BA%D0%B0%D0%BB%D0%B0.webp,,,,,,,,,,,,,,,,,,,,,,
да ,1036,Два озера — Два моря: тюльпаны и Генеральские пляжи,dva-ozera-dva-morya-tyulpany-generalskie,1,Amra Turistik,https://amra-turistik.ru/tours/dva-ozera-dva-morya-tyulpany-i-velikolepnye-generalskie-plyazhi-odin-iz-samyh-krasivyh-vesennih-turov,https://storage.yandexcloud.net/kraskideti/tours/%D0%A2%D1%8E%D0%BB%D1%8C%D0%BF%D0%B0%D0%BD%D0%BE%D0%B2%D1%8B%D0%B9%20%D0%BF%D0%BE%D1%85%D0%BE%D0%B4%20%D0%BD%D0%B0%20%D0%BC%D1%8B%D1%81%D0%B5%20%D0%9E%D0%BF%D1%83%D0%BA.webp,https://storage.yandexcloud.net/kraskideti/tours/%D0%9A%D0%BE%D1%8F%D1%88%D1%81%D0%BA%D0%BE%D0%B5%20%D1%80%D0%BE%D0%B7%D0%BE%D0%B2%D0%BE%D0%B5%20%D0%BE%D0%B7%D0%B5%D1%80%D0%BE.webp,https://storage.yandexcloud.net/kraskideti/tours/%D0%93%D0%BE%D1%80%D0%B0%20%D0%9C%D0%B8%D1%82%D1%80%D0%B8%D0%B4%D0%B0%D1%82.jpg,https://storage.yandexcloud.net/kraskideti/tours/%D0%93%D0%B5%D0%BD%D0%B5%D1%80%D0%B0%D0%BB%D1%8C%D1%81%D0%BA%D0%B8%D0%B5%20%D0%BF%D0%BB%D1%8F%D0%B6%D0%B8.jpg,https://storage.yandexcloud.net/kraskideti/tours/%D0%9E%D0%BF%D1%83%D0%BA%D1%81%D0%BA%D0%B8%D0%B9%20%D0%B7%D0%B0%D0%BF%D0%BE%D0%B2%D0%B5%D0%B4%D0%BD%D0%B8%D0%BA%20%E2%80%94%20%D0%9A%D0%BE%D1%8F%D1%88%D1%81%D0%BA%D0%BE%D0%B5%20%D0%BE%D0%B7%D0%B5%D1%80%D0%BE.webp,https://storage.yandexcloud.net/kraskideti/tours/%D0%9E%D0%BF%D1%83%D0%BA%D1%81%D0%BA%D0%B8%D0%B9%20%D0%B7%D0%B0%D0%BF%D0%BE%D0%B2%D0%B5%D0%B4%D0%BD%D0%B8%D0%BA%20%E2%80%94%20%D0%9A%D0%BE%D1%8F%D1%88%D1%81%D0%BA%D0%BE%D0%B5%20%D0%BE%D0%B7%D0%B5%D1%80%D0%BE.webp,https://storage.yandexcloud.net/kraskideti/tours/%D0%9A%D1%80%D1%8B%D0%BC%D1%81%D0%BA%D0%B8%D0%B9%20%D0%BC%D0%BE%D1%81%D1%82.avif,https://storage.yandexcloud.net/kraskideti/tours/%D0%A7%D0%BE%D0%BA%D1%80%D0%B0%D0%BA%D1%81%D0%BA%D0%BE%D0%B5%20%D0%BE%D0%B7%D0%B5%D1%80%D0%BE.jpg,https://storage.yandexcloud.net/kraskideti/tours/%D0%93%D0%BE%D1%80%D0%B0%20%D0%9C%D0%B8%D1%82%D1%80%D0%B8%D0%B4%D0%B0%D1%82.jpg,https://storage.yandexcloud.net/kraskideti/tours/%D0%93%D0%BE%D1%80%D1%8B%20%D0%9E%D0%BF%D1%83%D0%BA.jpg,https://storage.yandexcloud.net/kraskideti/tours/%D0%94%D0%B2%D0%B0%20%D0%BC%D0%BE%D1%80%D1%8F%20%E2%80%94%20%D0%90%D0%B7%D0%BE%D0%B2%D1%81%D0%BA%D0%BE%D0%B5%20%D0%B8%20%D0%A7%D1%91%D1%80%D0%BD%D0%BE%D0%B5.jpg,,,,,,,,,,,,,,,,,,,,,,,,,,,,,,
да ,1037,"Двухдневная красавица Осетия: Цейское ущелье, Город мёртвых и Кармадон",krasavica-osetiya-2-dnya,2,Amra Turistik,https://amra-turistik.ru/tours/dvuhdnevnaya-krasavicza-osetiya-13,https://storage.yandexcloud.net/kraskideti/tours/%D0%A6%D0%B5%D0%B9%D1%81%D0%BA%D0%BE%D0%B5%20%D1%83%D1%89%D0%B5%D0%BB%D1%8C%D0%B5.jpg,https://storage.yandexcloud.net/kraskideti/tours/%D0%9F%D0%B0%D0%BC%D1%8F%D1%82%D0%BD%D0%B8%D0%BA%20%D0%A3%D0%B0%D1%81%D1%82%D1%8B%D1%80%D0%B4%D0%B6%D0%B8%20%D0%B2%20%D1%81%D0%BA%D0%B0%D0%BB%D0%B5.webp,https://storage.yandexcloud.net/kraskideti/tours/%D0%A6%D0%B5%D0%B9%D1%81%D0%BA%D0%B8%D0%B9%20%D0%BB%D0%B5%D0%B4%D0%BD%D0%B8%D0%BA.jpg,https://storage.yandexcloud.net/kraskideti/tours/%D0%9A%D0%B0%D1%80%D0%BC%D0%B0%D0%B4%D0%BE%D0%BD%D1%81%D0%BA%D0%BE%D0%B5%20%D1%83%D1%89%D0%B5%D0%BB%D1%8C%D0%B5.jpg,https://storage.yandexcloud.net/kraskideti/tours/%D0%93%D0%BE%D1%80%D0%BE%D0%B4%20%D0%BC%D1%91%D1%80%D1%82%D0%B2%D1%8B%D1%85%20%D0%B2%20%D0%94%D0%B0%D1%80%D0%B3%D0%B0%D0%B2%D1%81%D0%B5.jpg,https://storage.yandexcloud.net/kraskideti/tours/%D0%9A%D0%B0%D0%BD%D1%8C%D0%BE%D0%BD%20%D0%9A%D0%B0%D0%B4%D0%B0%D1%80%D0%B3%D0%B0%D0%B2%D0%B0%D0%BD.jpg,https://storage.yandexcloud.net/kraskideti/tours/%D0%9B%D0%B5%D0%B4%D0%BD%D0%B8%D0%BA%20%D0%9A%D0%BE%D0%BB%D0%BA%D0%B0.jpg,https://storage.yandexcloud.net/kraskideti/tours/%D0%9C%D0%B5%D0%BC%D0%BE%D1%80%D0%B8%D0%B0%D0%BB%20%D0%A1%D0%B5%D1%80%D0%B3%D0%B5%D1%8E.jpg,https://storage.yandexcloud.net/kraskideti/tours/%D0%A6%D0%B5%D0%B9%D1%81%D0%BA%D0%BE%D0%B5%20%D1%83%D1%89%D0%B5%D0%BB%D1%8C%D0%B5.jpg,https://storage.yandexcloud.net/kraskideti/tours/%D0%92%D0%BB%D0%B0%D0%B4%D0%B8%D0%BA%D0%B0%D0%B2%D0%BA%D0%B0%D0%B7%20%E2%80%94%20%D0%90%D0%BB%D0%B0%D0%B3%D0%B8%D1%80%D1%81%D0%BA%D0%BE%D0%B5%20%D1%83%D1%89%D0%B5%D0%BB%D1%8C%D0%B5.webp,https://storage.yandexcloud.net/kraskideti/tours/%D0%9A%D0%B0%D1%80%D0%BC%D0%B0%D0%B4%D0%BE%D0%BD%D1%81%D0%BA%D0%BE%D0%B5%20%D1%83%D1%89%D0%B5%D0%BB%D1%8C%D0%B5.jpg,https://storage.yandexcloud.net/kraskideti/tours/%D0%9A%D1%83%D1%80%D1%82%D0%B0%D1%82%D0%B8%D0%BD%D1%81%D0%BA%D0%BE%D0%B5%20%D1%83%D1%89%D0%B5%D0%BB%D1%8C%D0%B5.jpg,https://storage.yandexcloud.net/kraskideti/tours/%D0%9D%D0%B0%D0%B1%D0%B5%D1%80%D0%B5%D0%B6%D0%BD%D0%B0%D1%8F%20%D0%A2%D0%B5%D1%80%D0%B5%D0%BA%D0%B0.jpg,https://storage.yandexcloud.net/kraskideti/tours/%D0%93%D0%BE%D1%80%D0%BE%D0%B4%20%D0%BC%D1%91%D1%80%D1%82%D0%B2%D1%8B%D1%85%20%D0%B2%20%D0%94%D0%B0%D1%80%D0%B3%D0%B0%D0%B2%D1%81%D0%B5.jpg,,,,,,,,,,,,,,,,,,,,,,,,,,,
да ,1038,"День в Крыму: Мрия, сакура и Ялта",krym-mriya-sakura-yalta-1-den,1,Amra Turistik,https://amra-turistik.ru/tours/den-schastya-v-krymu-mriya-czvetenie-sakury-i-yalta-2,https://storage.yandexcloud.net/kraskideti/tours/Mriya%20Resort.webp,,https://storage.yandexcloud.net/kraskideti/tours/%D0%92%D0%B5%D1%87%D0%B5%D1%80%20%D0%BD%D0%B0%20%D0%BD%D0%B0%D0%B1%D0%B5%D1%80%D0%B5%D0%B6%D0%BD%D0%BE%D0%B9%20%D0%AF%D0%BB%D1%82%D1%8B.jpg,https://storage.yandexcloud.net/kraskideti/tours/Mriya%20Resort.webp,https://storage.yandexcloud.net/kraskideti/tours/%D0%9D%D0%B0%D0%B1%D0%B5%D1%80%D0%B5%D0%B6%D0%BD%D0%B0%D1%8F%20%D0%9F%D0%B8%D0%BD%D1%8B.jpg,https://storage.yandexcloud.net/kraskideti/tours/%D0%92%D0%B8%D0%BD%D0%BD%D1%8B%D0%B9%20%D0%BF%D0%B0%D1%80%D0%BA.jpg,https://storage.yandexcloud.net/kraskideti/tours/%D0%9A%D1%80%D1%8B%D0%BC%D1%81%D0%BA%D0%B8%D0%B9%20%D0%BC%D0%BE%D1%81%D1%82.avif,https://storage.yandexcloud.net/kraskideti/tours/%D0%AF%D0%BF%D0%BE%D0%BD%D1%81%D0%BA%D0%B8%D0%B9%20%D1%81%D0%B0%D0%B4.webp,,,,,,,,,,,,,,,,,,,,,,,,,,,,,,,,,
да ,1039,День в походе по загадочной Шапсугской,pokhod-po-shapsugskoj-dolmeny-labirint,1,Amra Turistik,https://amra-turistik.ru/tours/den-v-pohode-po-udivitelnoj-i-zagadochnoj-shapsugskoj-6,https://storage.yandexcloud.net/kraskideti/tours/%D0%93%D0%BE%D1%80%D1%8B%20%D0%9A%D0%BE%D0%BB%D0%B4%D1%83%D0%BD.jpg,https://storage.yandexcloud.net/kraskideti/tours/%D0%94%D0%BE%D0%BB%D1%8C%D0%BC%D0%B5%D0%BD%D1%8B.jpg,https://storage.yandexcloud.net/kraskideti/tours/%D0%9B%D0%B0%D0%B1%D0%B8%D1%80%D0%B8%D0%BD%D1%82%20%D0%B6%D0%B5%D0%BB%D0%B0%D0%BD%D0%B8%D0%B9.jpg,https://storage.yandexcloud.net/kraskideti/tours/%D0%AF%D0%BD%D1%82%D0%B0%D1%80%D0%BD%D0%B0%D1%8F%20%D0%BB%D0%B0%D0%B3%D1%83%D0%BD%D0%B0.jpg,,,,,,,,,,,,,,,,,,,,,,,,,,,,,,,,,,,,,
да ,1040,Домбай: выходные в горах,dombay-weekend,2,Amra Turistik,https://amra-turistik.ru/tours/dombaj-vesnoj,https://storage.yandexcloud.net/kraskideti/tours/%D0%94%D0%BE%D0%BC%D0%B1%D0%B0%D0%B9-%D0%A3%D0%BB%D1%8C%D0%B3%D0%B5%D0%BD.jpg,https://storage.yandexcloud.net/kraskideti/tours/%D0%A3%D1%89%D0%B5%D0%BB%D1%8C%D0%B5%20%D0%90%D0%BC%D0%B0%D0%BD%D0%B0%D1%83%D0%B7.jpg,https://storage.yandexcloud.net/kraskideti/tours/%D0%92%D0%B8%D0%B4%20%D0%BD%D0%B0%20%D0%9A%D0%B0%D0%B2%D0%BA%D0%B0%D0%B7%D1%81%D0%BA%D0%B8%D0%B9%20%D1%85%D1%80%D0%B5%D0%B1%D0%B5%D1%82.jpg,https://storage.yandexcloud.net/kraskideti/tours/%D0%A7%D0%B8%D0%BD%D0%B0%D1%80%D1%91%D0%B2%20%D0%B2%D0%BE%D0%B4%D0%BE%D0%BF%D0%B0%D0%B4%20%D0%B2%20%D1%83%D1%89%D0%B5%D0%BB%D1%8C%D0%B5.jpg,https://storage.yandexcloud.net/kraskideti/tours/%D0%A7%D0%B8%D0%BD%D0%B0%D1%80%D1%91%D0%B2%20%D0%B2%D0%BE%D0%B4%D0%BE%D0%BF%D0%B0%D0%B4%20%D0%B2%20%D1%83%D1%89%D0%B5%D0%BB%D1%8C%D0%B5.jpg,https://storage.yandexcloud.net/kraskideti/tours/%D0%A2%D0%B5%D0%B1%D0%B5%D1%80%D0%B4%D0%B8%D0%BD%D1%81%D0%BA%D0%BE%D0%B5%20%D1%83%D1%89%D0%B5%D0%BB%D1%8C%D0%B5.webp,,,,,,,,,,,,,,,,,,,,,,,,,,,,,,,,,,,
да ,1041,Знакомство с Беларусью: вся Белоруссия за 9 дней,znakomstvo-s-belarusyu-9-dnej,9,Amra Turistik,https://amra-turistik.ru/tours/znakomstvo-s-belarusyu-vsya-belorussiya-za-6-dnej-2,https://storage.yandexcloud.net/kraskideti/tours/%D0%9C%D0%B8%D1%80%D1%81%D0%BA%D0%B8%D0%B9%20%D0%B7%D0%B0%D0%BC%D0%BE%D0%BA%20%E2%80%94%20%D0%AE%D0%9D%D0%95%D0%A1%D0%9A%D0%9E.jpg,https://storage.yandexcloud.net/kraskideti/tours/%D0%9C%D0%B8%D1%80%D1%81%D0%BA%D0%B8%D0%B9%20%D0%B7%D0%B0%D0%BC%D0%BE%D0%BA%20%D0%B8%20%D0%9D%D0%B5%D1%81%D0%B2%D0%B8%D0%B6%D1%81%D0%BA%D0%B8%D0%B9%20%D0%B4%D0%B2%D0%BE%D1%80%D0%B5%D1%86%20%E2%80%94%20%D0%AE%D0%9D%D0%95%D0%A1%D0%9A%D0%9E.webp,https://storage.yandexcloud.net/kraskideti/tours/%D0%91%D0%B5%D0%BB%D0%BE%D0%B2%D0%B5%D0%B6%D1%81%D0%BA%D0%B0%D1%8F%20%D0%BF%D1%83%D1%89%D0%B0%20%E2%80%94%20%D0%91%D1%80%D0%B5%D1%81%D1%82%D1%81%D0%BA%D0%B0%D1%8F%20%D0%BA%D1%80%D0%B5%D0%BF%D0%BE%D1%81%D1%82%D1%8C.webp,https://storage.yandexcloud.net/kraskideti/tours/%D0%91%D0%B5%D0%BB%D0%BE%D0%B2%D0%B5%D0%B6%D1%81%D0%BA%D0%B0%D1%8F%20%D0%BF%D1%83%D1%89%D0%B0.webp,https://storage.yandexcloud.net/kraskideti/tours/%D0%93%D1%80%D0%BE%D0%B4%D0%BD%D0%BE%20%E2%80%94%20900%20%D0%BB%D0%B5%D1%82%20%D0%B8%D1%81%D1%82%D0%BE%D1%80%D0%B8%D0%B8.webp,https://storage.yandexcloud.net/kraskideti/tours/%D0%A1%D0%BF%D0%B0%D1%81%D0%BE-%D0%95%D0%B2%D1%84%D1%80%D0%BE%D1%81%D0%B8%D0%BD%D0%B8%D0%B5%D0%B2%D1%81%D0%BA%D0%B8%D0%B9.jpg,https://storage.yandexcloud.net/kraskideti/tours/%D0%A3%D1%81%D0%B0%D0%B4%D1%8C%D0%B1%D0%B0%20%D0%A0%D0%B5%D0%BF%D0%B8%D0%BD%D0%B0%20%D0%B2%20%D0%97%D0%B4%D1%80%D0%B0%D0%B2%D0%BD%D1%91%D0%B2%D0%BE.jpg,https://storage.yandexcloud.net/kraskideti/tours/%D0%91%D0%B5%D0%BB%D0%BE%D0%B2%D0%B5%D0%B6%D1%81%D0%BA%D0%B0%D1%8F%20%D0%BF%D1%83%D1%89%D0%B0%20%E2%80%94%20%D0%91%D1%80%D0%B5%D1%81%D1%82%D1%81%D0%BA%D0%B0%D1%8F%20%D0%BA%D1%80%D0%B5%D0%BF%D0%BE%D1%81%D1%82%D1%8C.webp,https://storage.yandexcloud.net/kraskideti/tours/%D0%96%D0%B0%D0%B6%D0%B4%D0%B0.webp,https://storage.yandexcloud.net/kraskideti/tours/%D0%A1%D0%BF%D0%B0%D1%81%D0%BE-%D0%95%D0%B2%D1%84%D1%80%D0%BE%D1%81%D0%B8%D0%BD%D0%B8%D0%B5%D0%B2%D1%81%D0%BA%D0%B8%D0%B9.jpg,https://storage.yandexcloud.net/kraskideti/tours/%D0%9C%D1%83%D0%B7%D0%B5%D0%B9%20%D0%A8%D0%B0%D0%B3%D0%B0%D0%BB%D0%B0.jpg,https://storage.yandexcloud.net/kraskideti/tours/%D0%9A%D0%BE%D1%80%D0%BE%D0%BB%D0%B5%D0%B2%D1%81%D0%BA%D0%B8%D0%B9%20%D0%B7%D0%B0%D0%BC%D0%BE%D0%BA.webp,https://storage.yandexcloud.net/kraskideti/tours/%D0%A1%D0%BE%D1%84%D0%B8%D0%B9%D1%81%D0%BA%D0%B8%D0%B9%20%D1%81%D0%BE%D0%B1%D0%BE%D1%80.webp,https://storage.yandexcloud.net/kraskideti/tours/%D0%98%D0%BF%D0%B0%D1%82%D1%8C%D0%B5%D0%B2%D1%81%D0%BA%D0%B8%D0%B9%20%D0%BC%D0%BE%D0%BD%D0%B0%D1%81%D1%82%D1%8B%D1%80%D1%8C.jpg,https://storage.yandexcloud.net/kraskideti/tours/%D0%9C%D1%83%D0%B7%D0%B5%D0%B9%20%D0%9C%D0%B0%D1%80%D0%BA%D0%B0%20%D0%A8%D0%B0%D0%B3%D0%B0%D0%BB%D0%B0%20%D0%B2%20%D0%92%D0%B8%D1%82%D0%B5%D0%B1%D1%81%D0%BA%D0%B5.jpeg,https://storage.yandexcloud.net/kraskideti/tours/%D0%9D%D0%B5%D1%81%D0%B2%D0%B8%D0%B6%D1%81%D0%BA%D0%B8%D0%B9%20%D0%B4%D0%B2%D0%BE%D1%80%D0%B5%D1%86%20%D0%A0%D0%B0%D0%B4%D0%B7%D0%B8%D0%B2%D0%B8%D0%BB%D0%BB%D0%BE%D0%B2.jpg,https://storage.yandexcloud.net/kraskideti/tours/%D0%9D%D0%B5%D1%81%D0%B2%D0%B8%D0%B6%D1%81%D0%BA%D0%B8%D0%B9%20%D0%B4%D0%B2%D0%BE%D1%80%D0%B5%D1%86%20%D0%A0%D0%B0%D0%B4%D0%B7%D0%B8%D0%B2%D0%B8%D0%BB%D0%BB%D0%BE%D0%B2.jpg,https://storage.yandexcloud.net/kraskideti/tours/%D0%98%D1%81%D0%B0%D0%B0%D0%BA%D0%B8%D0%B5%D0%B2%D1%81%D0%BA%D0%B0%D1%8F%20%D0%BF%D0%BB%D0%BE%D1%89%D0%B0%D0%B4%D1%8C.jpg,https://storage.yandexcloud.net/kraskideti/tours/%D0%9F%D0%BB%D0%BE%D1%89%D0%B0%D0%B4%D1%8C%20%D0%A1%D0%B2%D0%BE%D0%B1%D0%BE%D0%B4%D1%8B.jpg,https://storage.yandexcloud.net/kraskideti/tours/%D0%9F%D1%80%D0%BE%D1%81%D0%BF%D0%B5%D0%BA%D1%82%20%D0%9D%D0%B5%D0%B7%D0%B0%D0%B2%D0%B8%D1%81%D0%B8%D0%BC%D0%BE%D1%81%D1%82%D0%B8.webp,https://storage.yandexcloud.net/kraskideti/tours/%D0%9E%D1%81%D1%82%D1%80%D0%BE%D0%B2%20%D0%A1%D0%BB%D1%91%D0%B7.png,https://storage.yandexcloud.net/kraskideti/tours/%D0%A1%D0%B2%D1%8F%D1%82%D0%BE%D0%BF%D0%BE%D0%BB%D0%BA-%D0%9C%D0%B8%D1%80%D1%81%D0%BA%D0%B8%D1%85.webp,https://storage.yandexcloud.net/kraskideti/tours/%D0%A5%D1%80%D0%B0%D0%BC%20%D0%A0%D0%B5%D1%87%D0%B8.webp,https://storage.yandexcloud.net/kraskideti/tours/%D0%94%D0%BE%D0%BC%20%D0%9F%D0%B5%D1%87%D0%B0%D1%82%D0%BD%D0%B8%D0%BA%D0%B0.webp,https://storage.yandexcloud.net/kraskideti/tours/%D0%9F%D1%80%D0%BE%D1%81%D0%BF%D0%B5%D0%BA%D1%82%20%D0%9D%D0%B5%D0%B7%D0%B0%D0%B2%D0%B8%D1%81%D0%B8%D0%BC%D0%BE%D1%81%D1%82%D0%B8.webp,https://storage.yandexcloud.net/kraskideti/tours/%D0%A1%D0%B2%D1%8F%D1%82%D0%BE%D0%B9%20%D0%A1%D0%BE%D1%84%D0%B8%D0%B8.webp,https://storage.yandexcloud.net/kraskideti/tours/%D0%9C%D1%83%D0%B7%D0%B5%D0%B9%20%D0%9C%D0%B0%D1%80%D0%BA%D0%B0%20%D0%A8%D0%B0%D0%B3%D0%B0%D0%BB%D0%B0%20%D0%B2%20%D0%92%D0%B8%D1%82%D0%B5%D0%B1%D1%81%D0%BA%D0%B5.jpeg,https://storage.yandexcloud.net/kraskideti/tours/%D0%93%D1%80%D0%BE%D0%B4%D0%BD%D0%BE%20%E2%80%94%20900%20%D0%BB%D0%B5%D1%82%20%D0%B8%D1%81%D1%82%D0%BE%D1%80%D0%B8%D0%B8.webp,https://storage.yandexcloud.net/kraskideti/tours/%D0%9C%D1%83%D0%B7%D0%B5%D0%B9%20%D0%9C%D0%B0%D1%80%D0%BA%D0%B0%20%D0%A8%D0%B0%D0%B3%D0%B0%D0%BB%D0%B0%20%D0%B2%20%D0%92%D0%B8%D1%82%D0%B5%D0%B1%D1%81%D0%BA%D0%B5.jpeg,https://storage.yandexcloud.net/kraskideti/tours/%D0%91%D0%BB%D0%B0%D0%B3%D0%BE%D0%B2%D0%B5%D1%89%D0%B5%D0%BD%D1%81%D0%BA%D0%B0%D1%8F%20%D1%86%D0%B5%D1%80%D0%BA%D0%BE%D0%B2%D1%8C.webp,https://storage.yandexcloud.net/kraskideti/tours/%D0%92%D0%BE%D1%81%D0%BA%D1%80%D0%B5%D1%81%D0%B5%D0%BD%D1%81%D0%BA%D0%B0%D1%8F%20%D1%86%D0%B5%D1%80%D0%BA%D0%BE%D0%B2%D1%8C.jpg,https://storage.yandexcloud.net/kraskideti/tours/%D0%91%D0%BB%D0%B0%D0%B3%D0%BE%D0%B2%D0%B5%D1%89%D0%B5%D0%BD%D1%81%D0%BA%D0%B8%D0%B9%20%D1%81%D0%BE%D0%B1%D0%BE%D1%80.jpg,https://storage.yandexcloud.net/kraskideti/tours/%D0%9C%D0%B8%D1%80%D1%81%D0%BA%D0%B8%D0%B9%20%D0%B7%D0%B0%D0%BC%D0%BE%D0%BA%20%E2%80%94%20%D0%AE%D0%9D%D0%95%D0%A1%D0%9A%D0%9E.jpg,,,,,,,,
да ,1042,"Калининград: Куршская коса, Балтийск и янтарный берег",kaliningrad-zhd-avia-tur,9,Amra Turistik,https://amra-turistik.ru/tours/kaliningrad-zhd-tur-3,https://storage.yandexcloud.net/kraskideti/tours/%D0%9A%D0%B0%D1%84%D0%B5%D0%B4%D1%80%D0%B0%D0%BB%D1%8C%D0%BD%D1%8B%D0%B9%20%D1%81%D0%BE%D0%B1%D0%BE%D1%80.jpg,https://storage.yandexcloud.net/kraskideti/tours/%D0%9A%D1%83%D1%80%D1%88%D1%81%D0%BA%D0%B0%D1%8F%20%D0%BA%D0%BE%D1%81%D0%B0%20%E2%80%94%20%D0%AE%D0%9D%D0%95%D0%A1%D0%9A%D0%9E.webp,https://storage.yandexcloud.net/kraskideti/tours/%D0%AF%D0%BD%D1%82%D0%B0%D1%80%D0%BD%D1%8B%D0%B9%20%D0%B7%D0%B0%D0%BC%D0%BE%D0%BA.jpg,https://storage.yandexcloud.net/kraskideti/tours/%D0%A6%D0%B8%D1%82%D0%B0%D0%B4%D0%B5%D0%BB%D1%8C%20%D0%9F%D0%B8%D0%BB%D0%BB%D0%B0%D1%83.webp,https://storage.yandexcloud.net/kraskideti/tours/%D0%9A%D0%B0%D1%84%D0%B5%D0%B4%D1%80%D0%B0%D0%BB%D1%8C%D0%BD%D1%8B%D0%B9%20%D1%81%D0%BE%D0%B1%D0%BE%D1%80.jpg,https://storage.yandexcloud.net/kraskideti/tours/%D0%97%D0%B0%D0%BC%D0%BE%D0%BA%20%D0%A8%D0%B0%D0%B0%D0%BA%D0%B5%D0%BD%2C%20%D1%81%D1%8B%D1%80%D0%BE%D0%B2%D0%B0%D1%80%D0%BD%D1%8F.jpg,https://storage.yandexcloud.net/kraskideti/tours/%D0%91%D0%BE%D1%80%D1%8E%D1%89%D0%B8%D0%B5%D1%81%D1%8F%20%D0%B7%D1%83%D0%B1%D1%80%D1%8B.jpg,https://storage.yandexcloud.net/kraskideti/tours/%D0%97%D0%B5%D0%BB%D0%B5%D0%BD%D0%BE%D0%B3%D1%80%D0%B0%D0%B4%D1%81%D0%BA.jpg,https://storage.yandexcloud.net/kraskideti/tours/%D0%A8%D0%B0%D0%B0%D0%BA%D0%B5%D0%BD%D0%B4%D0%BE%D1%80%D1%84.jpeg,https://storage.yandexcloud.net/kraskideti/tours/%D0%A1%D0%B2%D1%8F%D1%82%D0%BE-%D0%93%D0%B5%D0%BE%D1%80%D0%B3%D0%B8%D0%B5%D0%B2%D1%81%D0%BA%D0%B8%D0%B9.jpg,https://storage.yandexcloud.net/kraskideti/tours/%D0%9F%D0%BB%D0%BE%D1%89%D0%B0%D0%B4%D1%8C%20%D0%9F%D0%BE%D0%B1%D0%B5%D0%B4%D1%8B.jpg,https://storage.yandexcloud.net/kraskideti/tours/%D0%A6%D0%B8%D1%82%D0%B0%D0%B4%D0%B5%D0%BB%D1%8C%20%D0%9F%D0%B8%D0%BB%D0%BB%D0%B0%D1%83.webp,https://storage.yandexcloud.net/kraskideti/tours/%D0%9F%D0%B0%D0%BC%D1%8F%D1%82%D0%BD%D0%B8%D0%BA%20%D0%9F%D0%B5%D1%82%D1%80%D1%83.webp,https://storage.yandexcloud.net/kraskideti/tours/%D0%93%D0%B5%D0%BE%D1%80%D0%B3%D0%B8%D0%B5%D0%B2%D1%81%D0%BA%D0%B8%D0%B9%20%D1%81%D0%BE%D0%B1%D0%BE%D1%80.jpg,https://storage.yandexcloud.net/kraskideti/tours/%D0%9A%D1%83%D1%80%D1%88%D1%81%D0%BA%D0%B8%D0%B9%20%D0%B7%D0%B0%D0%BB%D0%B8%D0%B2%20%D0%BA%D0%B0%D0%BB%D0%B8%D0%BD%D0%B8%D0%BD%D0%B3%D1%80%D0%B0%D0%B4.webp,https://storage.yandexcloud.net/kraskideti/tours/%D0%AF%D0%BD%D1%82%D0%B0%D1%80%D0%BD%D0%B0%D1%8F%20%D0%BB%D0%B0%D0%B3%D1%83%D0%BD%D0%B0.jpg,https://storage.yandexcloud.net/kraskideti/tours/%D0%9F%D0%B0%D1%80%D0%BA%20%D0%9C%D0%BE%D1%80%D0%B8%D1%86%D0%B0.jpg,https://storage.yandexcloud.net/kraskideti/tours/%D0%97%D0%B5%D0%BB%D0%B5%D0%BD%D0%BE%D0%B3%D1%80%D0%B0%D0%B4%D1%81%D0%BA.jpg,https://storage.yandexcloud.net/kraskideti/tours/%D0%A1%D0%BF%D0%B0%D1%81%D0%BE-%D0%9F%D1%80%D0%B5%D0%BE%D0%B1%D1%80%D0%B0%D0%B6%D0%B5%D0%BD%D1%81%D0%BA%D0%B8%D0%B9.jpeg,https://storage.yandexcloud.net/kraskideti/tours/%D0%91%D0%BB%D0%B0%D0%B3%D0%BE%D0%B2%D0%B5%D1%89%D0%B5%D0%BD%D1%81%D0%BA%D0%B8%D0%B9%20%D1%81%D0%BE%D0%B1%D0%BE%D1%80.jpg,https://storage.yandexcloud.net/kraskideti/tours/%D0%9A%D0%BE%D1%80%D0%BE%D0%BB%D0%B5%D0%B2%D1%81%D0%BA%D0%B8%D0%B9%20%D0%B7%D0%B0%D0%BC%D0%BE%D0%BA.webp,https://storage.yandexcloud.net/kraskideti/tours/%D0%97%D0%B5%D0%BB%D0%B5%D0%BD%D0%BE%D0%B3%D1%80%D0%B0%D0%B4%D1%81%D0%BA.jpg,https://storage.yandexcloud.net/kraskideti/tours/%D0%A1%D0%B2%D0%B5%D1%82%D0%BB%D0%BE%D0%B3%D0%BE%D1%80%D1%81%D0%BA.jpg,,,,,,,,,,,,,,,,,,
да ,1043,Красивейший видовой тур по смотровым Лаго-Наки,krasivejshie-smotrovye-lago-naki-1-den,1,Amra Turistik,https://amra-turistik.ru/tours/krasivejshij-vidovoj-tur-po-smotrovym-lago-naki-2,https://storage.yandexcloud.net/kraskideti/tours/%D0%9B%D0%B0%D0%B3%D0%BE-%D0%9D%D0%B0%D0%BA%D0%B8.jpg,https://storage.yandexcloud.net/kraskideti/tours/%D0%90%D0%B4%D1%8B%D0%B3%D0%B5%D1%8F.webp,https://storage.yandexcloud.net/kraskideti/tours/%D0%93%D1%80%D0%B0%D0%BD%D0%B8%D1%82%D0%BD%D1%8B%D0%B9%20%D0%BA%D0%B0%D0%BD%D1%8C%D0%BE%D0%BD%20%D0%91%D0%B5%D0%BB%D0%BE%D0%B9.jpg,https://storage.yandexcloud.net/kraskideti/tours/%D0%9F%D0%B0%D1%80%D1%82%D0%B8%D0%B7%D0%B0%D0%BD%D1%81%D0%BA%D0%B0%D1%8F%20%D0%BF%D0%BE%D0%BB%D1%8F%D0%BD%D0%B0.jpeg,https://storage.yandexcloud.net/kraskideti/tours/%D0%AF%D0%B2%D0%BE%D1%80%D0%BE%D0%B2%D0%B0%20%D0%BF%D0%BE%D0%BB%D1%8F%D0%BD%D0%B0.jpg,https://storage.yandexcloud.net/kraskideti/tours/%D0%91%D0%B5%D0%BB%D0%BE%D1%80%D0%B5%D1%87%D0%B5%D0%BD%D1%81%D0%BA%D0%B8%D0%B9%20%D0%B2%D0%BE%D0%B4%D0%BE%D0%BF%D0%B0%D0%B4.jpg,https://storage.yandexcloud.net/kraskideti/tours/%D0%92%D0%B8%D0%B4%20%D0%BD%D0%B0%20%D0%9A%D0%B0%D0%B2%D0%BA%D0%B0%D0%B7%D1%81%D0%BA%D0%B8%D0%B9%20%D1%85%D1%80%D0%B5%D0%B1%D0%B5%D1%82.jpg,,,,,,,,,,,,,,,,,,,,,,,,,,,,,,,,,,
да ,1044,Краснодар и Парк Галицкого,krasnodar-park-galitskogo,1,Amra Turistik,https://amra-turistik.ru/tours/progulka-s-ekskursovodom-po-parku-krasnodar-i-parku-oblakov-8,https://storage.yandexcloud.net/kraskideti/tours/%D0%9F%D0%B0%D1%80%D0%BA%20%D0%93%D0%B0%D0%BB%D0%B8%D1%86%D0%BA%D0%BE%D0%B3%D0%BE.webp,https://storage.yandexcloud.net/kraskideti/tours/%D0%A1%D1%82%D0%B0%D0%B4%D0%B8%D0%BE%D0%BD%20%C2%AB%D0%9A%D1%80%D0%B0%D1%81%D0%BD%D0%BE%D0%B4%D0%B0%D1%80%C2%BB.jpg,https://storage.yandexcloud.net/kraskideti/tours/%D0%9A%D1%80%D0%B0%D1%81%D0%BD%D0%B0%D1%8F%20%D1%83%D0%BB%D0%B8%D1%86%D0%B0.jpg,,,,,,,,,,,,,,,,,,,,,,,,,,,,,,,,,,,,,,
да ,1045,Краснодар: история и секреты города,krasnodar-istoricheskij-centr-ekskursiya,1,Amra Turistik,https://amra-turistik.ru/tours/krasnodar-krasivyj-yuzhnyj-gorod-ekskursiya-po-istoricheskoj-chasti-goroda-4,https://storage.yandexcloud.net/kraskideti/tours/%D0%9F%D0%B0%D0%BC%D1%8F%D1%82%D0%BD%D0%B8%D0%BA%20%D0%95%D0%BA%D0%B0%D1%82%D0%B5%D1%80%D0%B8%D0%BD%D0%B5%20II.jpg,https://storage.yandexcloud.net/kraskideti/tours/%D0%9A%D1%83%D0%B1%D0%B0%D0%BD%D1%81%D0%BA%D0%BE%D0%BC%D1%83%20%D0%BA%D0%B0%D0%B7%D0%B0%D1%87%D0%B5%D1%81%D1%82%D0%B2%D1%83.jpg,,https://storage.yandexcloud.net/kraskideti/tours/%D0%A1%D0%BE%D0%B1%D0%B0%D1%87%D0%BA%D0%B8%D0%BD%D0%B0%20%D1%81%D1%82%D0%BE%D0%BB%D0%B8%D1%86%D0%B0.jpg,https://storage.yandexcloud.net/kraskideti/tours/%D0%9A%D1%83%D0%B1%D0%B0%D0%BD%D1%81%D0%BA%D0%BE%D0%BC%D1%83%20%D0%BA%D0%B0%D0%B7%D0%B0%D1%87%D0%B5%D1%81%D1%82%D0%B2%D1%83.jpg,https://storage.yandexcloud.net/kraskideti/tours/%D0%9F%D0%BB%D0%BE%D1%89%D0%B0%D0%B4%D1%8C%20%D0%9F%D1%83%D1%88%D0%BA%D0%B8%D0%BD%D0%B0.webp,https://storage.yandexcloud.net/kraskideti/tours/%D0%B3%D1%80%D0%B0%D1%84%D1%81%D0%BA%D0%B0%D1%8F%20%D0%BF%D1%80%D0%B8%D1%81%D1%82%D0%B0%D0%BD%D1%8C%20%D0%BF%D0%B0%D0%BC%D1%8F%D1%82%D0%BD%D0%B8%D0%BA.jpg,https://storage.yandexcloud.net/kraskideti/tours/%D0%A5%D1%83%D0%B4%D0%BE%D0%B6%D0%B5%D1%81%D1%82%D0%B2%D0%B5%D0%BD%D0%BD%D1%8B%D0%B9%20%D0%BC%D1%83%D0%B7%D0%B5%D0%B9.jpg,https://storage.yandexcloud.net/kraskideti/tours/%D0%9F%D0%B0%D0%BC%D1%8F%D1%82%D0%BD%D0%B8%D0%BA%20%D0%95%D0%BA%D0%B0%D1%82%D0%B5%D1%80%D0%B8%D0%BD%D0%B5%20II.jpg,,,,,,,,,,,,,,,,,,,,,,,,,,,,,,,,
да ,1046,Крым: Новый Свет — Феодосия — Мрия,krym-novyj-svet-mriya-2-dnya,2,Amra Turistik,https://amra-turistik.ru/tours/krym-na-lajte-ot-vinnyh-istorij-goliczyna-do-yalty-i-mrii-4,https://storage.yandexcloud.net/kraskideti/tours/%D0%A2%D1%80%D0%BE%D0%BF%D0%B0%20%D0%93%D0%BE%D0%BB%D0%B8%D1%86%D1%8B%D0%BD%D0%B0..jpg,https://storage.yandexcloud.net/kraskideti/tours/%D0%A2%D1%80%D0%B8%20%D0%B1%D1%83%D1%85%D1%82%D1%8B%20%D0%9D%D0%BE%D0%B2%D0%BE%D0%B3%D0%BE%20%D0%A1%D0%B2%D0%B5%D1%82%D0%B0%20%D0%B2%20%D0%BA%D1%80%D1%8B%D0%BC%D1%83.jpg,https://storage.yandexcloud.net/kraskideti/tours/Mriya%20Resort.webp,https://storage.yandexcloud.net/kraskideti/tours/%D0%A2%D1%80%D0%BE%D0%BF%D0%B0%20%D0%93%D0%BE%D0%BB%D0%B8%D1%86%D1%8B%D0%BD%D0%B0..jpg,https://storage.yandexcloud.net/kraskideti/tours/%D0%A2%D1%80%D0%BE%D0%BF%D0%B0%20%D0%93%D0%BE%D0%BB%D0%B8%D1%86%D1%8B%D0%BD%D0%B0..jpg,https://storage.yandexcloud.net/kraskideti/tours/%D0%9C%D1%8B%D1%81%20%D0%9A%D0%B0%D0%BF%D1%87%D0%B8%D0%BA.jpg,https://storage.yandexcloud.net/kraskideti/tours/%D0%9A%D1%80%D1%8B%D0%BC%D1%81%D0%BA%D0%B8%D0%B9%20%D0%BC%D0%BE%D1%81%D1%82.avif,https://storage.yandexcloud.net/kraskideti/tours/%D0%A4%D0%B5%D0%BE%D0%B4%D0%BE%D1%81%D0%B8%D1%8F%20%D0%BB%D1%83%D1%87%D1%88%D0%B5%D0%B8%20%D1%84%D0%BE%D1%82%D0%BE.webp,https://storage.yandexcloud.net/kraskideti/tours/Mriya%20Resort.webp,,,,,,,,,,,,,,,,,,,,,,,,,,,,,,,,
да ,1047,Крым: Фестиваль сакуры в Мрие и дворцы ЮБК,krym-mriya-dvorcy-jubk-2-dnya,2,Amra Turistik,https://amra-turistik.ru/tours/krym-pinterest-tur-festival-sakury-v-mrie-i-dvorczy,https://storage.yandexcloud.net/kraskideti/tours/%D0%A4%D0%B5%D1%81%D1%82%D0%B8%D0%B2%D0%B0%D0%BB%D1%8C%20%D1%81%D0%B0%D0%BA%D1%83%D1%80%D1%8B%20%D0%B2%20Mriya%20Resort.jpg,https://storage.yandexcloud.net/kraskideti/tours/%D0%AF%D0%BB%D1%82%D0%B0.webp,https://storage.yandexcloud.net/kraskideti/tours/Mriya%20Resort.webp,https://storage.yandexcloud.net/kraskideti/tours/%D0%94%D0%B2%D0%BE%D1%80%D1%86%D1%8B%20%D0%AE%D0%91%D0%9A%20%D0%B8%D0%BB%D0%B8%20%D0%90%D0%B9-%D0%9F%D0%B5%D1%82%D1%80%D0%B8.jpg,https://storage.yandexcloud.net/kraskideti/tours/%D0%9C%D0%B0%D1%81%D1%81%D0%B0%D0%BD%D0%B4%D1%80%D0%BE%D0%B2%D1%81%D0%BA%D0%B8%D0%B9%20%D0%B4%D0%B2%D0%BE%D1%80%D0%B5%D1%86.webp,https://storage.yandexcloud.net/kraskideti/tours/%D0%9B%D0%B8%D0%B2%D0%B0%D0%B4%D0%B8%D0%B9%D1%81%D0%BA%D0%B8%D0%B9%20%D0%B4%D0%B2%D0%BE%D1%80%D0%B5%D1%86.jpg,https://storage.yandexcloud.net/kraskideti/tours/%D0%92%D0%BE%D1%80%D0%BE%D0%BD%D1%86%D0%BE%D0%B2%D1%81%D0%BA%D0%B8%D0%B9%20%D0%B4%D0%B2%D0%BE%D1%80%D0%B5%D1%86.jpeg,https://storage.yandexcloud.net/kraskideti/tours/%D0%9C%D1%80%D0%B8%D1%8F.webp,,,,,,,,,,,,,,,,,,,,,,,,,,,,,,,,,
да ,1048,"Крым: ЮБК, Новый Херсонес и Севастополь",krym-jubk-novyj-hersones-sevastopol,2,Amra Turistik,https://amra-turistik.ru/tours/krym-na-lajte-ot-vinnyh-istorij-goliczyna-do-yalty-i-mrii-5,https://storage.yandexcloud.net/kraskideti/tours/%D0%9B%D0%B8%D0%B2%D0%B0%D0%B4%D0%B8%D0%B9%D1%81%D0%BA%D0%B8%D0%B9%20%D0%B4%D0%B2%D0%BE%D1%80%D0%B5%D1%86.jpg,https://storage.yandexcloud.net/kraskideti/tours/%D0%9B%D0%B0%D1%81%D1%82%D0%BE%D1%87%D0%BA%D0%B8%D0%BD%D0%BE%20%D0%B3%D0%BD%D0%B5%D0%B7%D0%B4%D0%BE%20%D1%81%20%D0%BF%D0%B0%D0%BD%D0%BE%D1%80%D0%B0%D0%BC%D0%BE%D0%B9%20%D0%BC%D0%BE%D1%80%D1%8F.jpg,https://storage.yandexcloud.net/kraskideti/tours/%D0%9D%D0%BE%D0%B2%D1%8B%D0%B9%20%D0%A5%D0%B5%D1%80%D1%81%D0%BE%D0%BD%D0%B5%D1%81.jpg,https://storage.yandexcloud.net/kraskideti/tours/%D0%B3%D1%80%D0%B0%D1%84%D1%81%D0%BA%D0%B0%D1%8F%20%D0%BF%D1%80%D0%B8%D1%81%D1%82%D0%B0%D0%BD%D1%8C%20%D0%BF%D0%B0%D0%BC%D1%8F%D1%82%D0%BD%D0%B8%D0%BA.jpg,https://storage.yandexcloud.net/kraskideti/tours/%D0%9B%D0%B0%D1%81%D1%82%D0%BE%D1%87%D0%BA%D0%B8%D0%BD%D0%BE%20%D0%B3%D0%BD%D0%B5%D0%B7%D0%B4%D0%BE%20%D1%81%20%D0%BF%D0%B0%D0%BD%D0%BE%D1%80%D0%B0%D0%BC%D0%BE%D0%B9%20%D0%BC%D0%BE%D1%80%D1%8F.jpg,https://storage.yandexcloud.net/kraskideti/tours/%D0%94%D0%B2%D0%BE%D1%80%D1%86%D1%8B%20%D0%AE%D0%91%D0%9A%20%D0%B8%D0%BB%D0%B8%20%D0%90%D0%B9-%D0%9F%D0%B5%D1%82%D1%80%D0%B8.jpg,https://storage.yandexcloud.net/kraskideti/tours/%D0%9F%D0%BB%D0%BE%D1%89%D0%B0%D0%B4%D1%8C%20%D0%9D%D0%B0%D1%85%D0%B8%D0%BC%D0%BE%D0%B2%D0%B0.jpg,https://storage.yandexcloud.net/kraskideti/tours/%D0%9C%D0%B0%D1%81%D1%81%D0%B0%D0%BD%D0%B4%D1%80%D0%BE%D0%B2%D1%81%D0%BA%D0%B8%D0%B9%20%D0%B4%D0%B2%D0%BE%D1%80%D0%B5%D1%86.webp,https://storage.yandexcloud.net/kraskideti/tours/%D0%9F%D1%80%D0%B8%D0%BC%D0%BE%D1%80%D1%81%D0%BA%D0%B8%D0%B9%20%D0%B1%D1%83%D0%BB%D1%8C%D0%B2%D0%B0%D1%80.jpg,https://storage.yandexcloud.net/kraskideti/tours/%D0%9A%D1%80%D1%8B%D0%BC%D1%81%D0%BA%D0%B8%D0%B9%20%D0%BC%D0%BE%D1%81%D1%82.avif,https://storage.yandexcloud.net/kraskideti/tours/%D0%A4%D0%BE%D1%80%D0%BE%D1%81%D1%81%D0%BA%D0%B8%D0%B9%20%D1%85%D1%80%D0%B0%D0%BC.jpg,,,,,,,,,,,,,,,,,,,,,,,,,,,,,,
да ,1049,Крым: большое путешествие на 5 дней,krym-bolshoe-puteshestvie,5,Amra Turistik,https://amra-turistik.ru/tours/volshebnyj-zapadnyj-bereg-kryma-3-h-dnevnyj-33,https://storage.yandexcloud.net/kraskideti/tours/%D0%AF%D0%BB%D1%82%D0%B0.webp,https://storage.yandexcloud.net/kraskideti/tours/%D0%90%D0%B9-%D0%9F%D0%B5%D1%82%D1%80%D0%B8.jpg,https://storage.yandexcloud.net/kraskideti/tours/%D0%9A%D1%80%D1%8B%D0%BC%D1%81%D0%BA%D0%B8%D0%B9%20%D0%BC%D0%BE%D1%81%D1%82.avif,https://storage.yandexcloud.net/kraskideti/tours/%D0%9B%D0%B0%D1%81%D1%82%D0%BE%D1%87%D0%BA%D0%B8%D0%BD%D0%BE%20%D0%B3%D0%BD%D0%B5%D0%B7%D0%B4%D0%BE%20%D1%81%20%D0%BF%D0%B0%D0%BD%D0%BE%D1%80%D0%B0%D0%BC%D0%BE%D0%B9%20%D0%BC%D0%BE%D1%80%D1%8F.jpg,https://storage.yandexcloud.net/kraskideti/tours/%D0%A3%D1%81%D0%BF%D0%B5%D0%BD%D1%81%D0%BA%D0%B8%D0%B9%20%D0%BC%D0%BE%D0%BD%D0%B0%D1%81%D1%82%D1%8B%D1%80%D1%8C.webp,https://storage.yandexcloud.net/kraskideti/tours/%D0%A7%D1%83%D1%84%D1%83%D1%82-%D0%9A%D0%B0%D0%BB%D0%B5.jpg,https://storage.yandexcloud.net/kraskideti/tours/%D0%94%D0%B2%D0%BE%D1%80%D1%86%D1%8B%20%D0%AE%D0%91%D0%9A%20%D0%B8%D0%BB%D0%B8%20%D0%90%D0%B9-%D0%9F%D0%B5%D1%82%D1%80%D0%B8.jpg,https://storage.yandexcloud.net/kraskideti/tours/%D0%9F%D0%BB%D0%BE%D1%89%D0%B0%D0%B4%D1%8C%20%D0%9D%D0%B0%D1%85%D0%B8%D0%BC%D0%BE%D0%B2%D0%B0.jpg,https://storage.yandexcloud.net/kraskideti/tours/%D0%9B%D0%B8%D0%B2%D0%B0%D0%B4%D0%B8%D0%B9%D1%81%D0%BA%D0%B8%D0%B9%20%D0%B4%D0%B2%D0%BE%D1%80%D0%B5%D1%86.jpg,https://storage.yandexcloud.net/kraskideti/tours/%D0%92%D0%BE%D1%80%D0%BE%D0%BD%D1%86%D0%BE%D0%B2%D1%81%D0%BA%D0%B8%D0%B9%20%D0%B4%D0%B2%D0%BE%D1%80%D0%B5%D1%86.jpeg,https://storage.yandexcloud.net/kraskideti/tours/%D0%93%D0%B5%D0%BB%D0%B5%D0%BD%D0%B4%D0%B6%D0%B8%D0%BA%D1%81%D0%BA%D0%B0%D1%8F%20%D0%BD%D0%B0%D0%B1%D0%B5%D1%80%D0%B5%D0%B6%D0%BD%D0%B0%D1%8F.jpg,https://storage.yandexcloud.net/kraskideti/tours/%D0%9C%D0%B0%D1%81%D1%81%D0%B0%D0%BD%D0%B4%D1%80%D0%BE%D0%B2%D1%81%D0%BA%D0%B8%D0%B9%20%D0%B4%D0%B2%D0%BE%D1%80%D0%B5%D1%86.webp,https://storage.yandexcloud.net/kraskideti/tours/%D0%91%D0%BB%D0%B0%D0%B3%D0%BE%D0%B2%D0%B5%D1%89%D0%B5%D0%BD%D1%81%D0%BA%D0%B8%D0%B9%20%D1%81%D0%BE%D0%B1%D0%BE%D1%80.jpg,https://storage.yandexcloud.net/kraskideti/tours/%D0%A5%D0%B0%D0%BD%D1%81%D0%BA%D0%B8%D0%B9%20%D0%B4%D0%B2%D0%BE%D1%80%D0%B5%D1%86.jpg,https://storage.yandexcloud.net/kraskideti/tours/%D0%A3%D1%81%D0%BF%D0%B5%D0%BD%D1%81%D0%BA%D0%B8%D0%B9%20%D0%BC%D0%BE%D0%BD%D0%B0%D1%81%D1%82%D1%8B%D1%80%D1%8C.webp,https://storage.yandexcloud.net/kraskideti/tours/%D0%9C%D0%B8%D1%85%D0%B0%D0%B9%D0%BB%D0%BE%D0%B2%D1%81%D0%BA%D0%B0%D1%8F%20%D0%B1%D0%B0%D1%82%D0%B0%D1%80%D0%B5%D1%8F.jpg,https://storage.yandexcloud.net/kraskideti/tours/%D0%9D%D0%B0%D0%B1%D0%B5%D1%80%D0%B5%D0%B6%D0%BD%D0%B0%D1%8F%20%D0%9A%D0%B0%D1%81%D0%BF%D0%B8%D0%B9%D1%81%D0%BA%D0%BE%D0%B3%D0%BE.jpg,https://storage.yandexcloud.net/kraskideti/tours/%D0%91%D0%B0%D1%85%D1%87%D0%B8%D1%81%D0%B0%D1%80%D0%B0%D0%B9%D1%81%D0%BA%D0%B8%D0%B9%20%D1%84%D0%BE%D0%BD%D1%82%D0%B0%D0%BD.jpg,https://storage.yandexcloud.net/kraskideti/tours/%D0%91%D0%B0%D0%BB%D0%B0%D0%BA%D0%BB%D0%B0%D0%B2%D0%B0.jpg,https://storage.yandexcloud.net/kraskideti/tours/%D0%9D%D0%B0%D0%B1%D0%B5%D1%80%D0%B5%D0%B6%D0%BD%D0%B0%D1%8F%20%D0%9F%D0%B8%D0%BD%D1%8B.jpg,https://storage.yandexcloud.net/kraskideti/tours/%D0%AE%D0%B6%D0%BD%D1%8B%D0%B9%20%D0%B1%D0%B5%D1%80%D0%B5%D0%B3%20%D0%9A%D1%80%D1%8B%D0%BC%D0%B0.webp,https://storage.yandexcloud.net/kraskideti/tours/%D0%93%D1%83%D1%80%D0%B7%D1%83%D1%84%20%E2%80%94%20%D0%9D%D0%B8%D0%BA%D0%B8%D1%82%D1%81%D0%BA%D0%B8%D0%B9%20%D1%81%D0%B0%D0%B4.jpg,,,,,,,,,,,,,,,,,,,
да ,1050,"Кубанская лоза: Лефкадия, винодельня «Мысхако» и вечер в Абрау",kubanskaya-loza-lefkadiya-myshako-abrau,1,Amra Turistik,https://amra-turistik.ru/tours/romantika-i-vino-lefkadiya-staryj-park-shato-pino-4,https://storage.yandexcloud.net/kraskideti/tours/%D0%90%D0%B1%D1%80%D0%B0%D1%83%20%D0%B4%D1%8E%D1%80%D1%81%D0%BE.webp,https://storage.yandexcloud.net/kraskideti/tours/%D0%93%D0%BE%D1%80%D1%8B%20%D0%9A%D0%BE%D0%BB%D0%B4%D1%83%D0%BD.jpg,https://storage.yandexcloud.net/kraskideti/tours/%D0%9C%D1%8B%D1%81%D1%85%D0%B0%D0%BA%D0%BE.jpg,https://storage.yandexcloud.net/kraskideti/tours/%D0%97%D0%B0%D0%BA%D0%B0%D1%82%20%D0%B2%20%D0%90%D0%B1%D1%80%D0%B0%D1%83-%D0%94%D1%8E%D1%80%D1%81%D0%BE.webp,https://storage.yandexcloud.net/kraskideti/tours/%D0%9C%D1%8B%D1%81%D1%85%D0%B0%D0%BA%D0%BE.jpg,,,,,,,,,,,,,,,,,,,,,,,,,,,,,,,,,,,,
да ,1051,Лефкадия — Старый Парк — Шато-Пино,lefkadiya-staryj-park-shato-pino,1,Amra Turistik,https://amra-turistik.ru/tours/romantika-i-vino-lefkadiya-staryj-park-shato-pino-3/,https://storage.yandexcloud.net/kraskideti/tours/%D0%9D%D0%B0%D0%B1%D0%B5%D1%80%D0%B5%D0%B6%D0%BD%D0%B0%D1%8F%20%D0%93%D0%B5%D0%BB%D0%B5%D0%BD%D0%B4%D0%B6%D0%B8%D0%BA%D0%B0.jpg,https://storage.yandexcloud.net/kraskideti/tours/%D0%90%D0%B1%D1%80%D0%B0%D1%83%20%D0%B4%D1%8E%D1%80%D1%81%D0%BE.webp,https://storage.yandexcloud.net/kraskideti/tours/%D0%94%D0%BE%D0%BB%D0%B8%D0%BD%D0%B0%20%D0%9B%D0%B5%D1%84%D0%BA%D0%B0%D0%B4%D0%B8%D1%8F.jpg,https://storage.yandexcloud.net/kraskideti/tours/%D0%A1%D1%82%D0%B0%D1%80%D1%8B%D0%B9%20%D0%9F%D0%B0%D1%80%D0%BA%20%D0%B2%20%D0%9A%D0%B0%D0%B1%D0%B0%D1%80%D0%B4%D0%B8%D0%BD%D0%BA%D0%B5.jpg,https://storage.yandexcloud.net/kraskideti/tours/%D0%A8%D0%B0%D1%82%D0%BE-%D0%9F%D0%B8%D0%BD%D0%BE.jpg,https://storage.yandexcloud.net/kraskideti/tours/%D0%93%D0%BE%D1%80%D1%8B%20%D0%9A%D0%BE%D0%BB%D0%B4%D1%83%D0%BD.jpg,https://storage.yandexcloud.net/kraskideti/tours/%D0%90%D0%BB%D1%83%D0%BF%D0%BA%D0%B8%D0%BD%D1%81%D0%BA%D0%B8%D0%B9%20%D0%BF%D0%B0%D1%80%D0%BA.webp,https://storage.yandexcloud.net/kraskideti/tours/%D0%94%D0%BE%D0%BB%D0%B8%D0%BD%D0%B0%20%D0%9B%D0%B5%D1%84%D0%BA%D0%B0%D0%B4%D0%B8%D1%8F.jpg,,,,,,,,,,,,,,,,,,,,,,,,,,,,,,,,,
да ,1052,"Лучшая весна в Грузии и Армении: 7 дней, две страны",gruziya-i-armeniya-7-dnej,7,Amra Turistik,https://amra-turistik.ru/tours/luchshaya-vesna-v-gruzii-i-armenii,https://storage.yandexcloud.net/kraskideti/tours/%D0%92%D0%BE%D0%B5%D0%BD%D0%BD%D0%BE-%D0%93%D1%80%D1%83%D0%B7%D0%B8%D0%BD%D1%81%D0%BA%D0%B0%D1%8F%20%D0%B4%D0%BE%D1%80%D0%BE%D0%B3%D0%B0%20%E2%80%94%20%D0%A2%D0%B1%D0%B8%D0%BB%D0%B8%D1%81%D0%B8.jpg,https://storage.yandexcloud.net/kraskideti/tours/%D0%A5%D0%BE%D1%80%20%D0%92%D0%B8%D1%80%D0%B0%D0%BF%20%E2%80%94%20%D0%90%D1%80%D0%B0%D1%80%D0%B0%D1%82%20%D0%BD%D0%B0%20%D0%BB%D0%B0%D0%B4%D0%BE%D0%BD%D0%B8.webp,https://storage.yandexcloud.net/kraskideti/tours/%D0%92%D0%BE%D0%B5%D0%BD%D0%BD%D0%BE-%D0%93%D1%80%D1%83%D0%B7%D0%B8%D0%BD%D1%81%D0%BA%D0%B0%D1%8F%20%D0%B4%D0%BE%D1%80%D0%BE%D0%B3%D0%B0%20%E2%80%94%20%D0%A2%D0%B1%D0%B8%D0%BB%D0%B8%D1%81%D0%B8.jpg,https://storage.yandexcloud.net/kraskideti/tours/%D0%9A%D0%B0%D1%85%D0%B5%D1%82%D0%B8%D1%8F.jpg,https://storage.yandexcloud.net/kraskideti/tours/%D0%A5%D0%BE%D1%80%20%D0%92%D0%B8%D1%80%D0%B0%D0%BF%20%E2%80%94%20%D0%90%D1%80%D0%B0%D1%80%D0%B0%D1%82%20%D0%BD%D0%B0%20%D0%BB%D0%B0%D0%B4%D0%BE%D0%BD%D0%B8.webp,https://storage.yandexcloud.net/kraskideti/tours/%D0%9D%D0%BE%D1%80%D0%B0%D0%B2%D0%B0%D0%BD%D0%BA%20%D1%81%D1%80%D0%B5%D0%B4%D0%B8%20%D0%BA%D1%80%D0%B0%D1%81%D0%BD%D1%8B%D1%85%20%D1%81%D0%BA%D0%B0%D0%BB.jpg,https://storage.yandexcloud.net/kraskideti/tours/%D0%9C%D0%BE%D0%BD%D0%B0%D1%81%D1%82%D1%8B%D1%80%D1%8C%20%D0%93%D0%B5%D0%B3%D0%B0%D1%80%D0%B4.avif,https://storage.yandexcloud.net/kraskideti/tours/%D0%9E%D0%B7%D0%B5%D1%80%D0%BE%20%D0%A1%D0%B5%D0%B2%D0%B0%D0%BD%20%E2%80%94%20%C2%AB%D0%B0%D1%80%D0%BC%D1%8F%D0%BD%D1%81%D0%BA%D0%BE%D0%B5%20%D0%BC%D0%BE%D1%80%D0%B5%C2%BB.jpg,https://storage.yandexcloud.net/kraskideti/tours/%D0%9A%D0%B8%D0%BD%D0%B4%D0%B7%D0%BC%D0%B0%D1%80%D0%B0%D1%83%D0%BB%D0%B8.jpg,https://storage.yandexcloud.net/kraskideti/tours/%D0%92%D0%BE%D0%B5%D0%BD%D0%BD%D0%BE-%D0%93%D1%80%D1%83%D0%B7%D0%B8%D0%BD%D1%81%D0%BA%D0%B0%D1%8F%20%D0%B4%D0%BE%D1%80%D0%BE%D0%B3%D0%B0%20%E2%80%94%20%D0%A2%D0%B1%D0%B8%D0%BB%D0%B8%D1%81%D0%B8.jpg,https://storage.yandexcloud.net/kraskideti/tours/%D0%97%D0%B0%D0%BC%D0%BE%D0%BA%20%D0%90%D0%BD%D0%B0%D0%BD%D1%83%D1%80%D0%B8.jpg,https://storage.yandexcloud.net/kraskideti/tours/%D0%9C%D0%BE%D1%81%D1%82%20%D0%9C%D0%B8%D1%80%D0%B0.jpg,https://storage.yandexcloud.net/kraskideti/tours/%D0%9C%D0%BE%D0%BD%D0%B0%D1%81%D1%82%D1%8B%D1%80%D1%8C%20%D0%91%D0%BE%D0%B4%D0%B1%D0%B5.jpeg,https://storage.yandexcloud.net/kraskideti/tours/%D0%9C%D0%BE%D0%BD%D0%B0%D1%81%D1%82%D1%8B%D1%80%D1%8C%20%D0%A1%D0%B0%D0%BD%D0%B0%D0%B8%D0%BD.webp,https://storage.yandexcloud.net/kraskideti/tours/%D0%9C%D0%BE%D0%BD%D0%B0%D1%81%D1%82%D1%8B%D1%80%D1%8C%20%D0%A1%D0%B5%D0%B2%D0%B0%D0%BD%D0%B0%D0%B2%D0%B0%D0%BD%D0%BA.jpg,https://storage.yandexcloud.net/kraskideti/tours/%D0%9F%D0%B5%D1%89%D0%B5%D1%80%D0%B0%20%D0%90%D1%80%D0%B5%D0%BD%D0%B8.webp,https://storage.yandexcloud.net/kraskideti/tours/%D0%A5%D1%80%D0%B0%D0%BC%20%D0%93%D0%B0%D1%80%D0%BD%D0%B8.jpg,https://storage.yandexcloud.net/kraskideti/tours/%D0%92%D0%B5%D1%80%D1%85%D0%BD%D0%B8%D0%B9%20%D0%9B%D0%B0%D1%80%D1%81.webp,https://storage.yandexcloud.net/kraskideti/tours/%D0%A5%D1%80%D0%B0%D0%BC%20%D0%9C%D0%B5%D1%82%D0%B5%D1%85%D0%B8.webp,https://storage.yandexcloud.net/kraskideti/tours/%D0%9F%D0%BB%D0%BE%D1%89%D0%B0%D0%B4%D1%8C%20%D0%95%D0%B2%D1%80%D0%BE%D0%BF%D1%8B%20%D0%B3%D1%80%D1%83%D0%B7%D0%B8%D1%8F.jpg,https://storage.yandexcloud.net/kraskideti/tours/%D0%9F%D0%B0%D1%80%D0%BA%20%D0%A0%D0%B8%D0%BA%D0%BE.webp,https://storage.yandexcloud.net/kraskideti/tours/%D0%9A%D1%80%D0%B5%D0%BF%D0%BE%D1%81%D1%82%D1%8C%20%D0%9D%D0%B0%D1%80%D0%B8%D0%BA%D0%B0%D0%BB%D0%B0.jpg,https://storage.yandexcloud.net/kraskideti/tours/%D0%9F%D1%80%D0%BE%D1%81%D0%BF%D0%B5%D0%BA%D1%82%20%D0%A0%D1%83%D1%81%D1%82%D0%B0%D0%B2%D0%B5%D0%BB%D0%BB%D0%B8.jpg,https://storage.yandexcloud.net/kraskideti/tours/%D0%A1%D0%B2%D1%8F%D1%82%D0%BE%D0%B9%20%D0%9D%D0%B8%D0%BD%D0%BE.jpg,https://storage.yandexcloud.net/kraskideti/tours/%D0%9F%D0%B5%D1%89%D0%B5%D1%80%D0%B0%20%D0%90%D1%80%D0%B5%D0%BD%D0%B8.webp,https://storage.yandexcloud.net/kraskideti/tours/%D0%98%D1%81%D0%B0%D0%B0%D0%BA%D0%B8%D0%B5%D0%B2%D1%81%D0%BA%D0%B0%D1%8F%20%D0%BF%D0%BB%D0%BE%D1%89%D0%B0%D0%B4%D1%8C.jpg,https://storage.yandexcloud.net/kraskideti/tours/%D0%A5%D1%80%D0%B0%D0%BC%20%D0%93%D0%B0%D1%80%D0%BD%D0%B8.jpg,https://storage.yandexcloud.net/kraskideti/tours/%D0%92%D0%BE%D0%B5%D0%BD%D0%BD%D0%BE-%D0%93%D1%80%D1%83%D0%B7%D0%B8%D0%BD%D1%81%D0%BA%D0%B0%D1%8F%20%D0%B4%D0%BE%D1%80%D0%BE%D0%B3%D0%B0%20%E2%80%94%20%D0%A2%D0%B1%D0%B8%D0%BB%D0%B8%D1%81%D0%B8.jpg,https://storage.yandexcloud.net/kraskideti/tours/%D0%A5%D1%80%D0%B0%D0%BC%20%D0%93%D0%B0%D1%80%D0%BD%D0%B8.jpg,https://storage.yandexcloud.net/kraskideti/tours/%D0%9C%D0%BE%D0%BD%D0%B0%D1%81%D1%82%D1%8B%D1%80%D1%8C%20%D0%94%D0%B6%D0%B2%D0%B0%D1%80%D0%B8.webp,,,,,,,,,,,
да ,1053,"Маршрут ВелоSea: Голубая бухта, смотровые и Геленджик",velosea-golubaya-buhta-gelendzhik,1,Amra Turistik,https://amra-turistik.ru/tours/zahvatyvayushhij-marshrut-velosea-i-gelendzhik-8,https://storage.yandexcloud.net/kraskideti/tours/%D0%9D%D0%B0%D0%B1%D0%B5%D1%80%D0%B5%D0%B6%D0%BD%D0%B0%D1%8F%20%D0%93%D0%B5%D0%BB%D0%B5%D0%BD%D0%B4%D0%B6%D0%B8%D0%BA%D0%B0.jpg,https://storage.yandexcloud.net/kraskideti/tours/%D0%A1%D0%BC%D0%BE%D1%82%D1%80%D0%BE%D0%B2%D0%B0%D1%8F%20%C2%AB%D0%9E%D0%B4%D0%B8%D0%BD%D0%BE%D0%BA%D0%B0%D1%8F%20%D1%81%D0%BA%D0%B0%D0%BC%D0%B5%D0%B9%D0%BA%D0%B0%C2%BB%20%D0%BD%D0%B0%D0%B4%20%D0%BC%D0%BE%D1%80%D0%B5%D0%BC.jpg,https://storage.yandexcloud.net/kraskideti/tours/%D0%9B%D0%B5%D1%81%D1%82%D0%BD%D0%B8%D1%86%D0%B0%20287%20%D1%81%D1%82%D1%83%D0%BF%D0%B5%D0%BD%D0%B5%D0%B9%20%D0%BA%20%D0%B2%D0%BE%D0%B4%D0%B5.webp,https://storage.yandexcloud.net/kraskideti/tours/%D0%A1%D0%BE%D1%81%D0%BD%D0%BE%D0%B2%D1%8B%D0%B9%20%D0%BB%D0%B5%D1%81%20%D0%BD%D0%B0%D0%B4%20%D0%B1%D0%B8%D1%80%D1%8E%D0%B7%D0%BE%D0%B2%D0%BE%D0%B9%20%D0%B1%D1%83%D1%85%D1%82%D0%BE%D0%B9.jpg,https://storage.yandexcloud.net/kraskideti/tours/%D0%A1%D0%BA%D0%B0%D0%BB%D0%B0%20%D0%A3%D1%82%D1%8E%D0%B3.jpg,https://storage.yandexcloud.net/kraskideti/tours/%D0%92%D0%BE%D0%B4%D0%BE%D0%BF%D0%B0%D0%B4%D1%8B%20%D0%96%D0%B0%D0%BD%D0%B5%2C%20%D0%93%D0%BE%D0%BB%D1%83%D0%B1%D0%B0%D1%8F%20%D0%B1%D0%B5%D0%B7%D0%B4%D0%BD%D0%B0.webp,,,,,,,,,,,,,,,,,,,,,,,,,,,,,,,,,,,
да,1054,Мезмай: Орлиная полка и Верхнекурджипское ущелье,mezmaj-orlinaya-polka-verhnekurdzhipskoe,1,Amra Turistik,https://amra-turistik.ru/tours/lyubimyj-mezmaj-orlinaya-polka-verhnekurdzhipskoe-ushhele-32,https://storage.yandexcloud.net/kraskideti/tours/%D0%90%D0%B4%D1%8B%D0%B3%D0%B5%D1%8F.webp,https://storage.yandexcloud.net/kraskideti/tours/%D0%9E%D1%80%D0%BB%D0%B8%D0%BD%D0%B0%D1%8F%20%D0%BF%D0%BE%D0%BB%D0%BA%D0%B0.jpg,https://storage.yandexcloud.net/kraskideti/tours/%D0%97%D0%B0%D0%BA%D0%BE%D0%BB%D0%B4%D0%BE%D0%B2%D0%B0%D0%BD%D0%BD%D1%8B%D0%B9%20%D0%BB%D0%B5%D1%81.jpg,https://storage.yandexcloud.net/kraskideti/tours/%D0%91%D0%B8%D0%BE%D1%81%D1%84%D0%B5%D1%80%D0%BD%D1%8B%D0%B9%20%D0%B7%D0%B0%D0%BF%D0%BE%D0%B2%D0%B5%D0%B4%D0%BD%D0%B8%D0%BA%20%D0%AE%D0%9D%D0%95%D0%A1%D0%9A%D0%9E.jpg,https://storage.yandexcloud.net/kraskideti/tours/%D0%9E%D1%80%D0%BB%D0%B8%D0%BD%D0%B0%D1%8F%20%D0%BF%D0%BE%D0%BB%D0%BA%D0%B0.jpg,https://storage.yandexcloud.net/kraskideti/tours/%D0%B2%D0%BE%D0%B4%D0%BE%D0%BF%D0%B0%D0%B4%20%D1%88%D0%B5%D1%81%D1%82%D0%B8%D0%BC%D0%B5%D1%82%D1%80%D0%BE%D0%B2%D0%BA%D0%B0.jpg,https://storage.yandexcloud.net/kraskideti/tours/%D0%9F%D0%B5%D1%89%D0%B5%D1%80%D0%B0%20%D0%98%D1%81%D0%B8%D1%87%D0%B5%D0%BD%D0%BA%D0%BE.jpg,https://storage.yandexcloud.net/kraskideti/tours/%D0%92%D0%B5%D1%80%D1%85%D0%BD%D0%B5%D0%BA%D1%83%D1%80%D0%B4%D0%B6%D0%B8%D0%BF%D1%81%D0%BA%D0%BE%D0%B5%20%D1%83%D1%89%D0%B5%D0%BB%D1%8C%D0%B5.webp,https://storage.yandexcloud.net/kraskideti/tours/%D0%92%D0%BE%D0%B4%D0%BE%D0%BF%D0%B0%D0%B4%D1%8B%20%D0%92%D0%B5%D1%80%D1%85%D0%BD%D0%B5%D0%BA%D1%83%D1%80%D0%B4%D0%B6%D0%B8%D0%BF%D1%81%D0%BA%D0%BE%D0%B3%D0%BE.webp,,,,,,,,,,,,,,,,,,,,,,,,,,,,,,,,
да,1055,"Мезмай: Орлиная полка, Гуамское ущелье и термальные источники",mezmaj-orlinaya-polka-guamskoe-termy,1,Amra Turistik,https://amra-turistik.ru/tours/lyubimyj-mezmaj-orlinaya-polka-guamskoe-ushhele-ot-mezmaya-do-guamki-i-termy-8,https://storage.yandexcloud.net/kraskideti/tours/%D0%93%D0%BE%D1%80%D1%8B%20%D0%9A%D0%BE%D0%BB%D0%B4%D1%83%D0%BD.jpg,https://storage.yandexcloud.net/kraskideti/tours/%D0%93%D1%83%D0%B0%D0%BC%D1%81%D0%BA%D0%BE%D0%B5%20%D1%83%D1%89%D0%B5%D0%BB%D1%8C%D0%B5.jpg,https://storage.yandexcloud.net/kraskideti/tours/%D0%93%D1%83%D0%B0%D0%BC%D1%81%D0%BA%D0%BE%D0%B5%20%D1%83%D1%89%D0%B5%D0%BB%D1%8C%D0%B5.jpg,,,,,,,,,,,,,,,,,,,,,,,,,,,,,,,,,,,,,,
да,1056,"Морской вояж: Голубая бездна, скала Парус, Геленджик",morskoj-voyazh-golubaya-bezdna-parus-gelendzhik,1,Amra Turistik,https://amra-turistik.ru/tours/morskoj-voyazh-golubaya-bezdna-skala-parus-gelendzhik-12,https://storage.yandexcloud.net/kraskideti/tours/%D0%93%D0%BE%D1%80%D1%8B%20%D0%9A%D0%BE%D0%BB%D0%B4%D1%83%D0%BD.jpg,https://storage.yandexcloud.net/kraskideti/tours/%D0%92%D0%BE%D0%B4%D0%BE%D0%BF%D0%B0%D0%B4%D1%8B%20%D0%96%D0%B0%D0%BD%D0%B5%2C%20%D0%93%D0%BE%D0%BB%D1%83%D0%B1%D0%B0%D1%8F%20%D0%B1%D0%B5%D0%B7%D0%B4%D0%BD%D0%B0.webp,https://storage.yandexcloud.net/kraskideti/tours/%D0%A1%D0%BA%D0%B0%D0%BB%D0%B0%20%D0%9F%D0%B0%D1%80%D1%83%D1%81.jpg,https://storage.yandexcloud.net/kraskideti/tours/%D0%9D%D0%B0%D0%B1%D0%B5%D1%80%D0%B5%D0%B6%D0%BD%D0%B0%D1%8F%20%D0%93%D0%B5%D0%BB%D0%B5%D0%BD%D0%B4%D0%B6%D0%B8%D0%BA%D0%B0.jpg,,,,,,,,,,,,,,,,,,,,,,,,,,,,,,,,,,,,,
да,1057,Парад тюльпанов в Крыму и дворцы ЮБК,parad-tyulpanov-krym-dvorcy-2-dnya,2,Amra Turistik,https://amra-turistik.ru/tours/parad-tyulpanov-v-krymu-i-dvorczy,https://storage.yandexcloud.net/kraskideti/tours/%D0%92%D0%BE%D1%80%D0%BE%D0%BD%D1%86%D0%BE%D0%B2%D1%81%D0%BA%D0%B8%D0%B9%20%D0%B4%D0%B2%D0%BE%D1%80%D0%B5%D1%86.jpeg,https://storage.yandexcloud.net/kraskideti/tours/%D0%9B%D0%B0%D1%81%D1%82%D0%BE%D1%87%D0%BA%D0%B8%D0%BD%D0%BE%20%D0%B3%D0%BD%D0%B5%D0%B7%D0%B4%D0%BE%20%D1%81%20%D0%BF%D0%B0%D0%BD%D0%BE%D1%80%D0%B0%D0%BC%D0%BE%D0%B9%20%D0%BC%D0%BE%D1%80%D1%8F.jpg,https://storage.yandexcloud.net/kraskideti/tours/%D0%9F%D0%B0%D1%80%D0%B0%D0%B4%20%D1%82%D1%8E%D0%BB%D1%8C%D0%BF%D0%B0%D0%BD%D0%BE%D0%B2%20%D0%B2%20%D0%9D%D0%B8%D0%BA%D0%B8%D1%82%D1%81%D0%BA%D0%BE%D0%BC%20%D1%81%D0%B0%D0%B4%D1%83.jpg,https://storage.yandexcloud.net/kraskideti/tours/%D0%9B%D0%B8%D0%B2%D0%B0%D0%B4%D0%B8%D0%B9%D1%81%D0%BA%D0%B8%D0%B9%20%D0%B4%D0%B2%D0%BE%D1%80%D0%B5%D1%86.jpg,https://storage.yandexcloud.net/kraskideti/tours/%D0%9D%D0%B0%D0%B1%D0%B5%D1%80%D0%B5%D0%B6%D0%BD%D0%B0%D1%8F%20%D0%9F%D0%B8%D0%BD%D1%8B.jpg,https://storage.yandexcloud.net/kraskideti/tours/%D0%9B%D0%B0%D1%81%D1%82%D0%BE%D1%87%D0%BA%D0%B8%D0%BD%D0%BE%20%D0%B3%D0%BD%D0%B5%D0%B7%D0%B4%D0%BE%20%D1%81%20%D0%BF%D0%B0%D0%BD%D0%BE%D1%80%D0%B0%D0%BC%D0%BE%D0%B9%20%D0%BC%D0%BE%D1%80%D1%8F.jpg,https://storage.yandexcloud.net/kraskideti/tours/%D0%94%D0%B2%D0%BE%D1%80%D1%86%D1%8B%20%D0%AE%D0%91%D0%9A%20%D0%B8%D0%BB%D0%B8%20%D0%90%D0%B9-%D0%9F%D0%B5%D1%82%D1%80%D0%B8.jpg,https://storage.yandexcloud.net/kraskideti/tours/%D0%9C%D0%B0%D1%81%D1%81%D0%B0%D0%BD%D0%B4%D1%80%D0%BE%D0%B2%D1%81%D0%BA%D0%B8%D0%B9%20%D0%B4%D0%B2%D0%BE%D1%80%D0%B5%D1%86.webp,https://storage.yandexcloud.net/kraskideti/tours/%D0%90%D0%BB%D1%83%D0%BF%D0%BA%D0%B8%D0%BD%D1%81%D0%BA%D0%B8%D0%B9%20%D0%BF%D0%B0%D1%80%D0%BA.webp,https://storage.yandexcloud.net/kraskideti/tours/%D0%90%D1%8E-%D0%94%D0%B0%D0%B3.webp,https://storage.yandexcloud.net/kraskideti/tours/%D0%93%D1%83%D1%80%D0%B7%D1%83%D1%84%20%E2%80%94%20%D0%9D%D0%B8%D0%BA%D0%B8%D1%82%D1%81%D0%BA%D0%B8%D0%B9%20%D1%81%D0%B0%D0%B4.jpg,https://storage.yandexcloud.net/kraskideti/tours/%D0%9F%D0%B0%D1%80%D0%B0%D0%B4%20%D1%82%D1%8E%D0%BB%D1%8C%D0%BF%D0%B0%D0%BD%D0%BE%D0%B2%20%D0%B2%20%D0%9D%D0%B8%D0%BA%D0%B8%D1%82%D1%81%D0%BA%D0%BE%D0%BC%20%D1%81%D0%B0%D0%B4%D1%83.jpg,https://storage.yandexcloud.net/kraskideti/tours/%D0%A3%D1%82%D1%91%D1%81%20%E2%80%94%20%D0%93%D1%83%D1%80%D0%B7%D1%83%D1%84.webp,,,,,,,,,,,,,,,,,,,,,,,,,,,,
да,1058,Парад тюльпанов и Новый Херсонес,parad-tyulpanov-novyj-hersones-1-den,1,Amra Turistik,https://amra-turistik.ru/tours/bal-hrizantem-i-novyj-hersones,https://storage.yandexcloud.net/kraskideti/tours/%D0%9F%D0%B0%D1%80%D0%B0%D0%B4%20%D1%82%D1%8E%D0%BB%D1%8C%D0%BF%D0%B0%D0%BD%D0%BE%D0%B2%20%D0%B2%20%D0%9D%D0%B8%D0%BA%D0%B8%D1%82%D1%81%D0%BA%D0%BE%D0%BC%20%D1%81%D0%B0%D0%B4%D1%83.jpg,https://storage.yandexcloud.net/kraskideti/tours/%D0%93%D1%83%D1%80%D0%B7%D1%83%D1%84%20%E2%80%94%20%D0%9D%D0%B8%D0%BA%D0%B8%D1%82%D1%81%D0%BA%D0%B8%D0%B9%20%D1%81%D0%B0%D0%B4.jpg,https://storage.yandexcloud.net/kraskideti/tours/%D0%9D%D0%BE%D0%B2%D1%8B%D0%B9%20%D0%A5%D0%B5%D1%80%D1%81%D0%BE%D0%BD%D0%B5%D1%81.jpg,https://storage.yandexcloud.net/kraskideti/tours/%D0%AF%D0%BB%D1%82%D0%B0.webp,https://storage.yandexcloud.net/kraskideti/tours/%D0%9B%D0%B0%D1%81%D1%82%D0%BE%D1%87%D0%BA%D0%B8%D0%BD%D0%BE%20%D0%B3%D0%BD%D0%B5%D0%B7%D0%B4%D0%BE%20%D1%81%20%D0%BF%D0%B0%D0%BD%D0%BE%D1%80%D0%B0%D0%BC%D0%BE%D0%B9%20%D0%BC%D0%BE%D1%80%D1%8F.jpg,https://storage.yandexcloud.net/kraskideti/tours/%D0%9A%D1%80%D1%8B%D0%BC%D1%81%D0%BA%D0%B8%D0%B9%20%D0%BC%D0%BE%D1%81%D1%82.avif,,,,,,,,,,,,,,,,,,,,,,,,,,,,,,,,,,,
да,1059,Парк Краснодар и Парк Облаков: экскурсия с гидом,park-krasnodar-oblakov-ekskursiya,1,Amra Turistik,https://amra-turistik.ru/tours/progulka-s-ekskursovodom-po-parku-krasnodar-i-parku-oblakov-8,https://storage.yandexcloud.net/kraskideti/tours/%D0%9F%D0%B0%D1%80%D0%BA%20%D0%93%D0%B0%D0%BB%D0%B8%D1%86%D0%BA%D0%BE%D0%B3%D0%BE.webp,https://storage.yandexcloud.net/kraskideti/tours/%D0%9F%D0%B0%D1%80%D0%BA%20%D0%93%D0%B0%D0%BB%D0%B8%D1%86%D0%BA%D0%BE%D0%B3%D0%BE.webp,https://storage.yandexcloud.net/kraskideti/tours/%D0%BF%D0%B0%D1%80%D0%BA%20%D0%BE%D0%B1%D0%BB%D0%B0%D0%BA%D0%BE%D0%B2.webp,https://storage.yandexcloud.net/kraskideti/tours/%D0%90%D0%BB%D1%83%D0%BF%D0%BA%D0%B8%D0%BD%D1%81%D0%BA%D0%B8%D0%B9%20%D0%BF%D0%B0%D1%80%D0%BA.webp,https://storage.yandexcloud.net/kraskideti/tours/%D0%9F%D0%B0%D1%80%D0%BA%20%D0%93%D0%B0%D0%BB%D0%B8%D1%86%D0%BA%D0%BE%D0%B3%D0%BE.webp,https://storage.yandexcloud.net/kraskideti/tours/%D0%90%D0%BD%D0%B3%D0%BB%D0%B8%D0%B9%D1%81%D0%BA%D0%B8%D0%B9%20%D0%BF%D0%B0%D1%80%D0%BA.jpg,,,,,,,,,,,,,,,,,,,,,,,,,,,,,,,,,,,
да,1060,Пасха в Абхазии: весна в стране души,pasha-v-abhazii-2-dnya,2,Amra Turistik,https://amra-turistik.ru/tours/pervomajskie-prazdniki-v-abhazii,https://storage.yandexcloud.net/kraskideti/tours/%D0%93%D0%B0%D0%B3%D1%80%D0%B0.jpg,https://storage.yandexcloud.net/kraskideti/tours/%D0%9E%D0%B7%D0%B5%D1%80%D0%BE%20%D0%A0%D0%B8%D1%86%D0%B0%20%D0%B8%20%D0%AE%D0%BF%D1%88%D0%B0%D1%80%D1%81%D0%BA%D0%B8%D0%B9%20%D0%BA%D0%B0%D0%BD%D1%8C%D0%BE%D0%BD.webp,https://storage.yandexcloud.net/kraskideti/tours/%D0%9E%D0%B7%D0%B5%D1%80%D0%BE%20%D0%A0%D0%B8%D1%86%D0%B0%20%E2%80%94%20%D0%9C%D1%8E%D1%81%D1%81%D0%B5%D1%80%D0%B0.jpg,https://storage.yandexcloud.net/kraskideti/tours/%D0%9D%D0%BE%D0%B2%D0%BE%D0%B0%D1%84%D0%BE%D0%BD%D1%81%D0%BA%D0%B8%D0%B9%20%D0%BC%D0%BE%D0%BD%D0%B0%D1%81%D1%82%D1%8B%D1%80%D1%8C.jpg,https://storage.yandexcloud.net/kraskideti/tours/%D0%A1%D0%B5%D0%BB%D0%BE%20%D0%9B%D1%8B%D1%85%D0%BD%D1%8B.jpeg,https://storage.yandexcloud.net/kraskideti/tours/%D0%93%D0%B0%D0%B3%D1%80%D0%B0.jpg,https://storage.yandexcloud.net/kraskideti/tours/%D0%A1%D0%B8%D0%BC%D0%BE%D0%BD%D0%BE-%D0%9A%D0%B0%D0%BD%D0%B0%D0%BD%D0%B8%D1%82%D1%81%D0%BA%D0%B8%D0%B9.jpeg,https://storage.yandexcloud.net/kraskideti/tours/%D0%92%D0%BE%D0%B4%D0%BE%D0%BF%D0%B0%D0%B4%D1%8B%20%D0%94%D0%B5%D0%B2%D0%B8%D1%87%D1%8C%D0%B8.jpg,https://storage.yandexcloud.net/kraskideti/tours/%D0%A5%D1%80%D0%B0%D0%BC%20%D0%90%D0%BC%D0%B1%D0%B0%D1%80%D0%B0.jpg,https://storage.yandexcloud.net/kraskideti/tours/%D0%9D%D0%BE%D0%B2%D0%BE%D0%B0%D1%84%D0%BE%D0%BD%D1%81%D0%BA%D0%B0%D1%8F%20%D0%BF%D0%B5%D1%89%D0%B5%D1%80%D0%B0.webp,https://storage.yandexcloud.net/kraskideti/tours/%D0%90%D0%BB%D1%83%D0%BF%D0%BA%D0%B8%D0%BD%D1%81%D0%BA%D0%B8%D0%B9%20%D0%BF%D0%B0%D1%80%D0%BA.webp,https://storage.yandexcloud.net/kraskideti/tours/%D0%90%D1%80%D0%B3%D1%83%D0%BD%D1%81%D0%BA%D0%BE%D0%B5%20%D1%83%D1%89%D0%B5%D0%BB%D1%8C%D0%B5.jpg,https://storage.yandexcloud.net/kraskideti/tours/%D0%BD%D0%BE%D0%B2%D1%8B%D0%B9%20%D0%B0%D1%84%D0%BE%D0%BD.webp,https://storage.yandexcloud.net/kraskideti/tours/%D0%93%D0%B0%D0%B3%D1%80%D0%B8%D0%BF%D1%88.webp,https://storage.yandexcloud.net/kraskideti/tours/%D0%93%D0%B0%D0%B3%D1%80%D0%B8%D0%BF%D1%88.webp,https://storage.yandexcloud.net/kraskideti/tours/%D0%9A%D1%80%D0%B5%D0%BF%D0%BE%D1%81%D1%82%D1%8C%20%D0%90%D0%B1%D0%B0%D0%B0%D1%82%D0%B0.jpg,https://storage.yandexcloud.net/kraskideti/tours/%D0%9D%D0%BE%D0%B2%D0%BE%D0%B0%D1%84%D0%BE%D0%BD%D1%81%D0%BA%D0%B0%D1%8F%20%D0%BF%D0%B5%D1%89%D0%B5%D1%80%D0%B0.webp,https://storage.yandexcloud.net/kraskideti/tours/%D0%93%D0%B5%D0%BD%D1%83%D1%8D%D0%B7%D1%81%D0%BA%D0%B0%D1%8F%20%D0%B1%D0%B0%D1%88%D0%BD%D1%8F.webp,https://storage.yandexcloud.net/kraskideti/tours/%D0%90%D0%BD%D0%B0%D0%BA%D0%BE%D0%BF%D0%B8%D0%B9%D1%81%D0%BA%D0%B0%D1%8F%20%D0%BA%D1%80%D0%B5%D0%BF%D0%BE%D1%81%D1%82%D1%8C.jpg,,,,,,,,,,,,,,,,,,,,,,
да,1061,"Пасха в Атамани: казачьи традиции, Тамань и Лермонтов",pasha-v-atamani-1-den,1,Amra Turistik,https://amra-turistik.ru/tours/edem-na-masleniczu-v-ataman,https://storage.yandexcloud.net/kraskideti/tours/%D0%93%D0%BE%D1%80%D1%8B%20%D0%9A%D0%BE%D0%BB%D0%B4%D1%83%D0%BD.jpg,https://storage.yandexcloud.net/kraskideti/tours/%D0%A2%D0%B0%D0%BC%D0%B0%D0%BD%D1%8C%20%E2%80%94%20%D0%90%D1%82%D0%B0%D0%BC%D0%B0%D0%BD%D1%8C.jpg,https://storage.yandexcloud.net/kraskideti/tours/%D0%94%D0%BE%D0%BC%D0%B8%D0%BA%20%D0%9B%D0%B5%D1%80%D0%BC%D0%BE%D0%BD%D1%82%D0%BE%D0%B2%D0%B0%20%D0%B2%20%D0%A2%D0%B0%D0%BC%D0%B0%D0%BD%D0%B8.jpeg,https://storage.yandexcloud.net/kraskideti/tours/%D0%9A%D1%80%D1%8B%D0%BC%D1%81%D0%BA%D0%B8%D0%B9%20%D0%BC%D0%BE%D1%81%D1%82.avif,https://storage.yandexcloud.net/kraskideti/tours/%D0%A4%D0%BE%D1%80%D0%BE%D1%81%D1%81%D0%BA%D0%B8%D0%B9%20%D1%85%D1%80%D0%B0%D0%BC.jpg,https://storage.yandexcloud.net/kraskideti/tours/%D0%A2%D0%B0%D0%BC%D0%B0%D0%BD%D1%8C%20%E2%80%94%20%D0%90%D1%82%D0%B0%D0%BC%D0%B0%D0%BD%D1%8C.jpg,,,,,,,,,,,,,,,,,,,,,,,,,,,,,,,,,,,
да,1062,Пасха в Свято-Михайловском мужском монастыре,pasha-svyato-mihajlovskij-monastyr-1-den,1,Amra Turistik,https://amra-turistik.ru/tours/pasha-v-svyato-mihajlovskom-muzhskom-monastyre,https://storage.yandexcloud.net/kraskideti/tours/%D0%90%D0%B4%D1%8B%D0%B3%D0%B5%D1%8F.webp,https://storage.yandexcloud.net/kraskideti/tours/%D0%9F%D0%B0%D1%81%D1%85%D0%B0%20%D0%B2%20%D0%B4%D0%B5%D0%B9%D1%81%D1%82%D0%B2%D1%83%D1%8E%D1%89%D0%B5%D0%BC%20%D0%B3%D0%BE%D1%80%D0%BD%D0%BE%D0%BC%20%D0%BC%D0%BE%D0%BD%D0%B0%D1%81%D1%82%D1%8B%D1%80%D0%B5.jpg,https://storage.yandexcloud.net/kraskideti/tours/%D0%9F%D0%BE%D0%B4%D0%B7%D0%B5%D0%BC%D0%BD%D1%8B%D0%B9%20%D0%BC%D0%BE%D0%BD%D0%B0%D1%81%D1%82%D1%8B%D1%80%D1%8C.jpg,https://storage.yandexcloud.net/kraskideti/tours/%D0%93%D0%BE%D1%80%D0%B0%20%D0%A4%D0%B8%D0%B7%D0%B8%D0%B0%D0%B1%D0%B3%D0%BE.jpg,https://storage.yandexcloud.net/kraskideti/tours/%D0%A1%D0%B2%D1%8F%D1%82%D0%BE%D0%B9%20%D0%9D%D0%B8%D0%BD%D0%BE.jpg,https://storage.yandexcloud.net/kraskideti/tours/%D0%A1%D0%B2%D1%8F%D1%82%D0%BE-%D0%9C%D0%B8%D1%85%D0%B0%D0%B9%D0%BB%D0%BE%D0%B2%D1%81%D0%BA%D0%B8%D0%B9%20%D0%BC%D0%BE%D0%BD%D0%B0%D1%81%D1%82%D1%8B%D1%80%D1%8C%20%E2%80%94%20%D0%9B%D0%B0%D0%B3%D0%BE-%D0%9D%D0%B0%D0%BA%D0%B8.jpg,,,,,,,,,,,,,,,,,,,,,,,,,,,,,,,,,,,
да,1063,Планческие скалы и конная ферма «Владимировка»,plancheskie-skaly-konnaya-ferma-vladimirovka,1,Amra Turistik,https://amra-turistik.ru/tours/plancheskie-skaly-i-konnaya-ferma-vladimirovka-48,https://storage.yandexcloud.net/kraskideti/tours/%D0%93%D0%BE%D1%80%D1%8B%20%D0%9A%D0%BE%D0%BB%D0%B4%D1%83%D0%BD.jpg,https://storage.yandexcloud.net/kraskideti/tours/%D0%9F%D0%BB%D0%B0%D0%BD%D1%87%D0%B5%D1%81%D0%BA%D0%B8%D0%B5%20%D1%81%D0%BA%D0%B0%D0%BB%D1%8B.jpg,https://storage.yandexcloud.net/kraskideti/tours/%D0%9A%D0%BE%D0%BD%D0%BD%D0%B0%D1%8F%20%D1%84%D0%B5%D1%80%D0%BC%D0%B0%20%C2%AB%D0%92%D0%BB%D0%B0%D0%B4%D0%B8%D0%BC%D0%B8%D1%80%D0%BE%D0%B2%D0%BA%D0%B0%C2%BB.jpg,https://storage.yandexcloud.net/kraskideti/tours/%D0%A0%D0%B5%D0%BA%D0%B0%20%D0%A3%D0%B1%D0%B8%D0%BD.jpg,https://storage.yandexcloud.net/kraskideti/tours/%D0%A1%D0%BE%D0%B1%D0%B5%D1%80-%D0%91%D0%B0%D1%88.webp,https://storage.yandexcloud.net/kraskideti/tours/%D0%93%D0%BE%D1%80%D1%8B%20%D0%90%D0%B4%D1%8B%D0%B3%D0%B5%D0%B8.jpg,https://storage.yandexcloud.net/kraskideti/tours/%D0%91%D0%B5%D1%81%D0%B5%D0%B4%D0%BA%D0%B0%20%D0%9E%D1%81%D1%82%D1%80%D0%BE%D0%B2%D1%81%D0%BA%D0%BE%D0%B3%D0%BE.jpg,,,,,,,,,,,,,,,,,,,,,,,,,,,,,,,,,,
да,1064,Плато Лаго-Наки и Азишская пещера,lago-naki-1-den,1,Amra Turistik,https://amra-turistik.ru/tours/krasivejshij-vidovoj-tur-po-smotrovym-lago-naki-2/,https://storage.yandexcloud.net/kraskideti/tours/%D0%9F%D0%BB%D0%B0%D1%82%D0%BE%20%D0%9B%D0%B0%D0%B3%D0%BE.jpg,https://storage.yandexcloud.net/kraskideti/tours/%D0%90%D0%B4%D1%8B%D0%B3%D0%B5%D1%8F.webp,https://storage.yandexcloud.net/kraskideti/tours/%D0%90%D0%B7%D0%B8%D1%88%D1%81%D0%BA%D0%B0%D1%8F%20%D0%BF%D0%B5%D1%89%D0%B5%D1%80%D0%B0.jpg,https://storage.yandexcloud.net/kraskideti/tours/%D0%A5%D0%B0%D0%B4%D0%B6%D0%BE%D1%85%D1%81%D0%BA%D0%B0%D1%8F%20%D1%82%D0%B5%D1%81%D0%BD%D0%B8%D0%BD%D0%B0.jpg,https://storage.yandexcloud.net/kraskideti/tours/%D0%92%D0%BE%D0%B4%D0%BE%D0%BF%D0%B0%D0%B4%D1%8B%20%D0%A0%D1%83%D1%84%D0%B0%D0%B1%D0%B3%D0%BE.jpg,,,,,,,,,,,,,,,,,,,,,,,,,,,,,,,,,,,,
да,1065,"По водопадам Мезмая: Темнолесье, Университетский и Чинарёв",vodopady-mezmaya-temnolesye,1,Amra Turistik,https://amra-turistik.ru/tours/po-vodopadam-mezmaya-vodopady-temnolesya,https://storage.yandexcloud.net/kraskideti/tours/%D0%93%D0%BE%D1%80%D1%8B%20%D0%9A%D0%BE%D0%BB%D0%B4%D1%83%D0%BD.jpg,https://storage.yandexcloud.net/kraskideti/tours/%D0%92%D0%BE%D0%B4%D0%BE%D0%BF%D0%B0%D0%B4%20%D0%A3%D0%BD%D0%B8%D0%B2%D0%B5%D1%80%D1%81%D0%B8%D1%82%D0%B5%D1%82%D1%81%D0%BA%D0%B8%D0%B9.jpg,https://storage.yandexcloud.net/kraskideti/tours/%D0%A7%D0%B8%D0%BD%D0%B0%D1%80%D1%91%D0%B2%20%D0%B2%D0%BE%D0%B4%D0%BE%D0%BF%D0%B0%D0%B4%20%D0%B2%20%D1%83%D1%89%D0%B5%D0%BB%D1%8C%D0%B5.jpg,https://storage.yandexcloud.net/kraskideti/tours/%D0%9F%D0%B5%D1%89%D0%B5%D1%80%D0%B0%20%D0%98%D1%81%D0%B8%D1%87%D0%B5%D0%BD%D0%BA%D0%BE.jpg,https://storage.yandexcloud.net/kraskideti/tours/%D0%B2%D0%BE%D0%B4%D0%BE%D0%BF%D0%B0%D0%B4%20%D1%88%D0%B5%D1%81%D1%82%D0%B8%D0%BC%D0%B5%D1%82%D1%80%D0%BE%D0%B2%D0%BA%D0%B0.jpg,https://storage.yandexcloud.net/kraskideti/tours/%D0%91%D0%B5%D0%BB%D0%BE%D1%80%D0%B5%D1%87%D0%B5%D0%BD%D1%81%D0%BA%D0%B8%D0%B9%20%D0%B2%D0%BE%D0%B4%D0%BE%D0%BF%D0%B0%D0%B4%20%E2%80%94%20%D0%9F%D0%B8%D1%82%D0%B5%D0%B9%D0%BD%D1%8B%D0%B9%20%D0%B4%D0%BE%D0%BC.jpg,,https://storage.yandexcloud.net/kraskideti/tours/%D0%B2%D0%BE%D0%B4%D0%BE%D0%BF%D0%B0%D0%B4%20%D1%88%D0%B5%D1%81%D1%82%D0%B8%D0%BC%D0%B5%D1%82%D1%80%D0%BE%D0%B2%D0%BA%D0%B0.jpg,https://storage.yandexcloud.net/kraskideti/tours/%D0%92%D0%BE%D0%B4%D0%BE%D0%BF%D0%B0%D0%B4%20%D0%A3%D0%BD%D0%B8%D0%B2%D0%B5%D1%80%D1%81%D0%B8%D1%82%D0%B5%D1%82%D1%81%D0%BA%D0%B8%D0%B9.jpg,,,,,,,,,,,,,,,,,,,,,,,,,,,,,,,,
да,1066,Поместье Голубицкое — Анапа — Супсех,golubickoe-anapa-supsex,1,Amra Turistik,https://amra-turistik.ru/product-category/russia/iz-krasnodara/,https://storage.yandexcloud.net/kraskideti/tours/%D0%90%D0%B1%D1%80%D0%B0%D1%83%20%D0%B4%D1%8E%D1%80%D1%81%D0%BE.webp,https://storage.yandexcloud.net/kraskideti/tours/%D0%94%D0%B2%D0%B0%20%D0%BC%D0%BE%D1%80%D1%8F%20%E2%80%94%20%D0%90%D0%B7%D0%BE%D0%B2%D1%81%D0%BA%D0%BE%D0%B5%20%D0%B8%20%D0%A7%D1%91%D1%80%D0%BD%D0%BE%D0%B5.jpg,https://storage.yandexcloud.net/kraskideti/tours/%D0%91%D0%BE%D0%BB%D0%BE%D1%82%D0%BD%D1%8B%D0%B5%20%D0%BA%D0%B8%D0%BF%D0%B0%D1%80%D0%B8%D1%81%D1%8B%20%D0%B2%20%D0%A1%D1%83%D0%BA%D0%BA%D0%BE.jpg,https://storage.yandexcloud.net/kraskideti/tours/%D0%A1%D0%BC%D0%BE%D1%82%D1%80%D0%BE%D0%B2%D1%8B%D0%B5%20%D0%A1%D1%83%D0%BF%D1%81%D0%B5%D1%85%D0%B0%20%E2%80%94%20%D0%9B%D0%B0%D1%81%D1%82%D0%BE%D1%87%D0%BA%D0%B8%D0%BD%D1%8B%20%D0%93%D0%BD%D1%91%D0%B7%D0%B4%D0%B0.webp,https://storage.yandexcloud.net/kraskideti/tours/%D0%9F%D0%BE%D0%BC%D0%B5%D1%81%D1%82%D1%8C%D0%B5%20%D0%93%D0%BE%D0%BB%D1%83%D0%B1%D0%B8%D1%86%D0%BA%D0%BE%D0%B5%20%E2%80%94%20Chateau%20Tamagne.jpg,https://storage.yandexcloud.net/kraskideti/tours/%D0%9F%D0%B0%D0%BD%D0%BE%D1%80%D0%B0%D0%BC%D0%B0%20%D0%BE%D1%82%20%D0%90%D0%BD%D0%B0%D0%BF%D1%8B%20%D0%B4%D0%BE%20%D0%9D%D0%BE%D0%B2%D0%BE%D1%80%D0%BE%D1%81%D1%81%D0%B8%D0%B9%D1%81%D0%BA%D0%B0.webp,https://storage.yandexcloud.net/kraskideti/tours/%D0%A4%D0%B0%D0%BD%D0%B0%D0%B3%D0%BE%D1%80%D0%B8%D1%8F%20%E2%80%94%20%D0%90%D0%B7%D0%BE%D0%B2%D1%81%D0%BA%D0%BE%D0%B5%20%D0%BC%D0%BE%D1%80%D0%B5.webp,,,,,,,,,,,,,,,,,,,,,,,,,,,,,,,,,,
да,1067,"Рассвет на Ай-Петри, парад тюльпанов и дворцы Крыма",rassvet-aj-petri-parad-tyulpanov-dvorcy,1,Amra Turistik,https://amra-turistik.ru/tours/rassvet-na-aj-petri-bal-hrizantem-i-dvorczy-2,https://storage.yandexcloud.net/kraskideti/tours/%D0%90%D0%B9-%D0%9F%D0%B5%D1%82%D1%80%D0%B8.jpg,https://storage.yandexcloud.net/kraskideti/tours/%D0%9C%D0%BE%D1%80%D1%81%D0%BA%D0%B0%D1%8F%20%D0%BF%D1%80%D0%BE%D0%B3%D1%83%D0%BB%D0%BA%D0%B0%20%D0%BA%20%D0%9B%D0%B0%D1%81%D1%82%D0%BE%D1%87%D0%BA%D0%B8%D0%BD%D1%83%20%D0%B3%D0%BD%D0%B5%D0%B7%D0%B4%D1%83.jpg,https://storage.yandexcloud.net/kraskideti/tours/%D0%9F%D0%B0%D1%80%D0%B0%D0%B4%20%D1%82%D1%8E%D0%BB%D1%8C%D0%BF%D0%B0%D0%BD%D0%BE%D0%B2%20%D0%B2%20%D0%9D%D0%B8%D0%BA%D0%B8%D1%82%D1%81%D0%BA%D0%BE%D0%BC%20%D1%81%D0%B0%D0%B4%D1%83.jpg,https://storage.yandexcloud.net/kraskideti/tours/%D0%AF%D0%BB%D1%82%D0%B0.webp,https://storage.yandexcloud.net/kraskideti/tours/%D0%AF%D0%BB%D1%82%D0%B0.webp,https://storage.yandexcloud.net/kraskideti/tours/%D0%A3%D1%87%D0%B0%D0%BD-%D0%A1%D1%83.jpeg,https://storage.yandexcloud.net/kraskideti/tours/%D0%91%D0%B5%D0%BB%D0%BE%D1%80%D0%B5%D1%87%D0%B5%D0%BD%D1%81%D0%BA%D0%B8%D0%B9%20%D0%B2%D0%BE%D0%B4%D0%BE%D0%BF%D0%B0%D0%B4%20%E2%80%94%20%D0%9F%D0%B8%D1%82%D0%B5%D0%B9%D0%BD%D1%8B%D0%B9%20%D0%B4%D0%BE%D0%BC.jpg,https://storage.yandexcloud.net/kraskideti/tours/%D0%91%D0%B5%D0%BB%D0%BE%D1%80%D0%B5%D1%87%D0%B5%D0%BD%D1%81%D0%BA%D0%B8%D0%B9%20%D0%B2%D0%BE%D0%B4%D0%BE%D0%BF%D0%B0%D0%B4%20%E2%80%94%20%D0%9F%D0%B8%D1%82%D0%B5%D0%B9%D0%BD%D1%8B%D0%B9%20%D0%B4%D0%BE%D0%BC.jpg,https://storage.yandexcloud.net/kraskideti/tours/%D0%90%D0%BB%D1%83%D0%BF%D0%BA%D0%B8%D0%BD%D1%81%D0%BA%D0%B8%D0%B9%20%D0%BF%D0%B0%D1%80%D0%BA.webp,https://storage.yandexcloud.net/kraskideti/tours/%D0%9A%D1%80%D0%B0%D1%81%D0%BD%D0%B0%D1%8F%20%D1%83%D0%BB%D0%B8%D1%86%D0%B0.jpg,https://storage.yandexcloud.net/kraskideti/tours/%D0%9C%D0%B0%D1%81%D1%81%D0%B0%D0%BD%D0%B4%D1%80%D0%BE%D0%B2%D1%81%D0%BA%D0%B8%D0%B9%20%D0%B4%D0%B2%D0%BE%D1%80%D0%B5%D1%86.webp,https://storage.yandexcloud.net/kraskideti/tours/%D0%90%D0%B9-%D0%9F%D0%B5%D1%82%D1%80%D0%B8.jpg,,https://storage.yandexcloud.net/kraskideti/tours/%D0%90%D0%B9-%D0%9F%D0%B5%D1%82%D1%80%D0%B8.jpg,,,,,,,,,,,,,,,,,,,,,,,,,,,
да,1068,Рафтинг и весна в Лаго-Наки,rafting-vesna-lago-naki,1,Amra Turistik,https://amra-turistik.ru/tours/rafting-i-vesna-v-lago-naki-2,https://storage.yandexcloud.net/kraskideti/tours/%D0%9F%D0%BB%D0%B0%D1%82%D0%BE%20%D0%9B%D0%B0%D0%B3%D0%BE.jpg,https://storage.yandexcloud.net/kraskideti/tours/%D0%90%D0%B4%D1%8B%D0%B3%D0%B5%D1%8F.webp,https://storage.yandexcloud.net/kraskideti/tours/%D0%A0%D0%B0%D1%84%D1%82%D0%B8%D0%BD%D0%B3%20%D0%BF%D0%BE%20%D0%B3%D1%80%D0%B0%D0%BD%D0%B8%D1%82%D0%BD%D0%BE%D0%BC%D1%83%20%D0%BA%D0%B0%D0%BD%D1%8C%D0%BE%D0%BD%D1%83%20%D0%91%D0%B5%D0%BB%D0%BE%D0%B9.jpg,https://storage.yandexcloud.net/kraskideti/tours/%D0%9C%D1%83%D0%B7%D0%B5%D0%B9%20%C2%AB%D0%93%D0%BE%D1%80%D0%BE%D0%B4%D1%81%D0%BA%D0%B0%D1%8F%20%D0%BF%D0%B0%D0%BD%D0%BE%D1%80%D0%B0%D0%BC%D0%B0%C2%BB.jpg,https://storage.yandexcloud.net/kraskideti/tours/%D0%9B%D0%B0%D0%B3%D0%BE-%D0%9D%D0%B0%D0%BA%D0%B8.jpg,https://storage.yandexcloud.net/kraskideti/tours/%D0%93%D0%BE%D1%80%D1%8B%20%D0%90%D0%B4%D1%8B%D0%B3%D0%B5%D0%B8.jpg,https://storage.yandexcloud.net/kraskideti/tours/%D0%A0%D0%B0%D1%84%D1%82%D0%B8%D0%BD%D0%B3%20%D0%BF%D0%BE%20%D0%B3%D1%80%D0%B0%D0%BD%D0%B8%D1%82%D0%BD%D0%BE%D0%BC%D1%83%20%D0%BA%D0%B0%D0%BD%D1%8C%D0%BE%D0%BD%D1%83%20%D0%91%D0%B5%D0%BB%D0%BE%D0%B9.jpg,,,,,,,,,,,,,,,,,,,,,,,,,,,,,,,,,,
да,1069,Релакс-тур: замок Шато де Талю и Геленджик,relaks-shato-de-talyu-gelendzhik,1,Amra Turistik,https://amra-turistik.ru/tours/relaks-tur-na-poberezhe-zamok-shato-de-talyu-i-gelendzhik-12,https://storage.yandexcloud.net/kraskideti/tours/%D0%9D%D0%B0%D0%B1%D0%B5%D1%80%D0%B5%D0%B6%D0%BD%D0%B0%D1%8F%20%D0%93%D0%B5%D0%BB%D0%B5%D0%BD%D0%B4%D0%B6%D0%B8%D0%BA%D0%B0.jpg,https://storage.yandexcloud.net/kraskideti/tours/%D0%A8%D0%B0%D1%82%D0%BE%20%D0%B4%D0%B5%20%D0%A2%D0%B0%D0%BB%D1%8E%20%E2%80%94%20%D0%93%D0%B5%D0%BB%D0%B5%D0%BD%D0%B4%D0%B6%D0%B8%D0%BA.jpg,https://storage.yandexcloud.net/kraskideti/tours/%D0%93%D0%B5%D0%BB%D0%B5%D0%BD%D0%B4%D0%B6%D0%B8%D0%BA%D1%81%D0%BA%D0%B0%D1%8F%20%D0%BD%D0%B0%D0%B1%D0%B5%D1%80%D0%B5%D0%B6%D0%BD%D0%B0%D1%8F.jpg,,,,,,,,,,,,,,,,,,,,,,,,,,,,,,,,,,,,,,
да,1070,"Самая красивая дорога России: Джилы-Су, Чегем и подножие Эльбруса",krasivaya-doroga-rossii-i-chegem-2-dnya,2,Amra Turistik,https://amra-turistik.ru/tours/samaya-krasivaya-doroga-v-rossii-i-chegem-7,https://storage.yandexcloud.net/kraskideti/tours/%D0%9F%D1%80%D0%B8%D1%8D%D0%BB%D1%8C%D0%B1%D1%80%D1%83%D1%81%D1%8C%D0%B5.webp,https://storage.yandexcloud.net/kraskideti/tours/%D0%9D%D0%B0%D1%80%D0%B7%D0%B0%D0%BD%D0%BD%D0%B0%D1%8F%20%D0%B3%D0%B0%D0%BB%D0%B5%D1%80%D0%B5%D1%8F.jpg,https://storage.yandexcloud.net/kraskideti/tours/%D0%94%D0%B6%D0%B8%D0%BB%D1%8B-%D0%A1%D1%83.webp,https://storage.yandexcloud.net/kraskideti/tours/%D0%92%D0%BE%D0%B4%D0%BE%D0%BF%D0%B0%D0%B4%D1%8B%20%D0%AD%D0%BC%D0%B8%D1%80%2C%20%D0%A1%D1%83%D0%BB%D1%82%D0%B0%D0%BD%20%D0%B8%20%D0%9A%D0%B0%D1%80%D0%B0%D0%BA%D0%B0%D1%8F-%D0%A1%D1%83.jpg,https://storage.yandexcloud.net/kraskideti/tours/%D0%9D%D0%B0%D1%80%D0%B7%D0%B0%D0%BD%D0%BD%D1%8B%D0%B5%20%D0%B8%D1%81%D1%82%D0%BE%D1%87%D0%BD%D0%B8%D0%BA%D0%B8%20%D0%94%D0%B6%D0%B8%D0%BB%D1%8B-%D0%A1%D1%83.jpg,https://storage.yandexcloud.net/kraskideti/tours/%D0%9F%D0%BE%D0%BB%D1%91%D1%82%D1%8B%20%D0%BD%D0%B0%20%D0%BF%D0%B0%D1%80%D0%B0%D0%BF%D0%BB%D0%B0%D0%BD%D0%B5%20%D0%BD%D0%B0%D0%B4%20%D0%A7%D0%B5%D0%B3%D0%B5%D0%BC%D0%BE%D0%BC.webp,https://storage.yandexcloud.net/kraskideti/tours/%D0%AD%D0%BB%D1%8C-%D0%A2%D1%8E%D0%B1%D1%8E.jpg,https://storage.yandexcloud.net/kraskideti/tours/%D0%90%D0%B1%D0%B0%D0%B9-%D0%A1%D1%83.jpg,https://storage.yandexcloud.net/kraskideti/tours/%D0%92%D0%BE%D0%B4%D0%BE%D0%BF%D0%B0%D0%B4%D1%8B%20%D0%A7%D0%B5%D0%B3%D0%B5%D0%BC%D1%81%D0%BA%D0%BE%D0%B3%D0%BE.jpg,https://storage.yandexcloud.net/kraskideti/tours/%D0%92%D0%B8%D0%B4%20%D0%BD%D0%B0%20%D0%9A%D0%B0%D0%B2%D0%BA%D0%B0%D0%B7%D1%81%D0%BA%D0%B8%D0%B9%20%D1%85%D1%80%D0%B5%D0%B1%D0%B5%D1%82.jpg,https://storage.yandexcloud.net/kraskideti/tours/%D0%94%D0%B6%D0%B8%D0%BB%D1%8B-%D0%A1%D1%83%20%E2%80%94%20%D0%A7%D0%B5%D0%B3%D0%B5%D0%BC%D1%81%D0%BA%D0%B8%D0%B5%20%D0%B2%D0%BE%D0%B4%D0%BE%D0%BF%D0%B0%D0%B4%D1%8B.webp,https://storage.yandexcloud.net/kraskideti/tours/%D0%92%D0%BE%D0%B4%D0%BE%D0%BF%D0%B0%D0%B4%20%D0%AD%D0%BC%D0%B8%D1%80.webp,https://storage.yandexcloud.net/kraskideti/tours/%D0%91%D0%B5%D0%BB%D0%BE%D1%80%D0%B5%D1%87%D0%B5%D0%BD%D1%81%D0%BA%D0%B8%D0%B9%20%D0%B2%D0%BE%D0%B4%D0%BE%D0%BF%D0%B0%D0%B4%20%E2%80%94%20%D0%9F%D0%B8%D1%82%D0%B5%D0%B9%D0%BD%D1%8B%D0%B9%20%D0%B4%D0%BE%D0%BC.jpg,https://storage.yandexcloud.net/kraskideti/tours/%D0%91%D0%B5%D0%BB%D0%BE%D1%80%D0%B5%D1%87%D0%B5%D0%BD%D1%81%D0%BA%D0%B8%D0%B9%20%D0%B2%D0%BE%D0%B4%D0%BE%D0%BF%D0%B0%D0%B4%20%E2%80%94%20%D0%9F%D0%B8%D1%82%D0%B5%D0%B9%D0%BD%D1%8B%D0%B9%20%D0%B4%D0%BE%D0%BC.jpg,https://storage.yandexcloud.net/kraskideti/tours/%D0%A7%D0%B5%D0%B3%D0%B5%D0%BC%D1%81%D0%BA%D0%BE%D0%BC%20%D1%83%D1%89%D0%B5%D0%BB%D1%8C%D0%B5.jpeg,https://storage.yandexcloud.net/kraskideti/tours/%D0%90%D0%B1%D0%B0%D0%B9-%D0%A1%D1%83.jpg,https://storage.yandexcloud.net/kraskideti/tours/%D0%A7%D0%B5%D0%B3%D0%B5%D0%BC%D1%81%D0%BA%D0%BE%D0%BC%20%D1%83%D1%89%D0%B5%D0%BB%D1%8C%D0%B5.jpeg,,,,,,,,,,,,,,,,,,,,,,,,
да,1071,Санкт-Петербург и Карелия за 9 дней,spb-kareliya-9-dnej,9,Amra Turistik,https://amra-turistik.ru/tours/lyubimyj-sankt-peterburg-i-kareliya-7,https://storage.yandexcloud.net/kraskideti/tours/%D0%91%D0%B5%D0%BB%D1%8B%D0%B5%20%D0%BD%D0%BE%D1%87%D0%B8%20%D0%9F%D0%B5%D1%82%D0%B5%D1%80%D0%B1%D1%83%D1%80%D0%B3%D0%B0.jpg,https://storage.yandexcloud.net/kraskideti/tours/%D0%9A%D0%B0%D1%85%D0%B5%D1%82%D0%B8%D1%8F.jpg,https://storage.yandexcloud.net/kraskideti/tours/%D0%AD%D1%80%D0%BC%D0%B8%D1%82%D0%B0%D0%B6%20%D0%B8%20%D0%9F%D0%B5%D1%82%D0%B5%D1%80%D0%B3%D0%BE%D1%84.webp,https://storage.yandexcloud.net/kraskideti/tours/%D0%AF%D0%BD%D1%82%D0%B0%D1%80%D0%BD%D0%B0%D1%8F%20%D0%BA%D0%BE%D0%BC%D0%BD%D0%B0%D1%82%D0%B0%20%D0%B2%20%D0%A6%D0%B0%D1%80%D1%81%D0%BA%D0%BE%D0%BC%20%D0%A1%D0%B5%D0%BB%D0%B5.jpg,https://storage.yandexcloud.net/kraskideti/tours/%D0%9F%D0%B0%D1%80%D0%BA%20%D0%A0%D1%83%D1%81%D0%BA%D0%B5%D0%B0%D0%BB%D0%B0.webp,https://storage.yandexcloud.net/kraskideti/tours/%D0%9E%D1%81%D1%82%D1%80%D0%BE%D0%B2%20%D0%9A%D0%B8%D0%B6%D0%B8.jpg,https://storage.yandexcloud.net/kraskideti/tours/%D0%A0%D0%B0%D0%B7%D0%B2%D0%BE%D0%B4%D0%BD%D1%8B%D0%B5%20%D0%BC%D0%BE%D1%81%D1%82%D1%8B%20%D0%9F%D0%B5%D1%82%D0%B5%D1%80%D0%B1%D1%83%D1%80%D0%B3%D0%B0.jpg,https://storage.yandexcloud.net/kraskideti/tours/%D0%A0%D0%B0%D0%B7%D0%B2%D0%BE%D0%B4%D0%BD%D1%8B%D0%B5%20%D0%BC%D0%BE%D1%81%D1%82%D1%8B%20%D0%9F%D0%B5%D1%82%D0%B5%D1%80%D0%B1%D1%83%D1%80%D0%B3%D0%B0.jpg,https://storage.yandexcloud.net/kraskideti/tours/%D0%A4%D0%BE%D0%BD%D1%82%D0%B0%D0%BD%D1%8B%20%D0%9F%D0%B5%D1%82%D0%B5%D1%80%D0%B3%D0%BE%D1%84%D0%B0.jpg,,https://storage.yandexcloud.net/kraskideti/tours/%D0%93%D0%BE%D1%80%D0%B0%20%D0%A1%D0%B0%D0%BC%D0%BF%D0%BE%2C%20%D0%9A%D0%B8%D0%B2%D0%B0%D1%87%2C%20%D0%9C%D0%B0%D1%80%D1%86%D0%B8%D0%B0%D0%BB%D1%8C%D0%BD%D1%8B%D0%B5%20%D0%B2%D0%BE%D0%B4%D1%8B.jpg,https://storage.yandexcloud.net/kraskideti/tours/%D0%92%D0%BE%D0%B4%D0%BE%D0%BF%D0%B0%D0%B4%D1%8B%20%D0%90%D1%85%D0%B2%D0%B5%D0%BD%D0%BA%D0%BE%D1%81%D0%BA%D0%B8.jpg,https://storage.yandexcloud.net/kraskideti/tours/%D0%93%D0%BE%D1%80%D0%B0%20%D0%A1%D0%B0%D0%BC%D0%BF%D0%BE.jpg,https://storage.yandexcloud.net/kraskideti/tours/%D0%91%D0%B5%D0%BB%D0%BE%D1%80%D0%B5%D1%87%D0%B5%D0%BD%D1%81%D0%BA%D0%B8%D0%B9%20%D0%B2%D0%BE%D0%B4%D0%BE%D0%BF%D0%B0%D0%B4%20%E2%80%94%20%D0%9F%D0%B8%D1%82%D0%B5%D0%B9%D0%BD%D1%8B%D0%B9%20%D0%B4%D0%BE%D0%BC.jpg,https://storage.yandexcloud.net/kraskideti/tours/%D0%98%D1%81%D0%B0%D0%B0%D0%BA%D0%B8%D0%B5%D0%B2%D1%81%D0%BA%D0%B0%D1%8F%20%D0%BF%D0%BB%D0%BE%D1%89%D0%B0%D0%B4%D1%8C.jpg,https://storage.yandexcloud.net/kraskideti/tours/%D0%98%D1%81%D0%B0%D0%B0%D0%BA%D0%B8%D0%B5%D0%B2%D1%81%D0%BA%D0%B8%D0%B9%20%D1%81%D0%BE%D0%B1%D0%BE%D1%80..jpg,https://storage.yandexcloud.net/kraskideti/tours/%D0%A0%D0%B0%D0%B7%D0%B2%D0%BE%D0%B4%D0%BD%D1%8B%D0%B5%20%D0%BC%D0%BE%D1%81%D1%82%D1%8B%20%D0%9F%D0%B5%D1%82%D0%B5%D1%80%D0%B1%D1%83%D1%80%D0%B3%D0%B0.jpg,https://storage.yandexcloud.net/kraskideti/tours/%D0%95%D0%BA%D0%B0%D1%82%D0%B5%D1%80%D0%B8%D0%BD%D0%B8%D0%BD%D1%81%D0%BA%D0%B8%D0%B9%20%D0%B4%D0%B2%D0%BE%D1%80%D0%B5%D1%86.jpg,https://storage.yandexcloud.net/kraskideti/tours/%D0%9F%D1%80%D0%B5%D0%BE%D0%B1%D1%80%D0%B0%D0%B6%D0%B5%D0%BD%D1%81%D0%BA%D0%B0%D1%8F%20%D1%86%D0%B5%D1%80%D0%BA%D0%BE%D0%B2%D1%8C.jpg,https://storage.yandexcloud.net/kraskideti/tours/%D0%93%D0%B5%D0%BB%D0%B5%D0%BD%D0%B4%D0%B6%D0%B8%D0%BA%D1%81%D0%BA%D0%B0%D1%8F%20%D0%BD%D0%B0%D0%B1%D0%B5%D1%80%D0%B5%D0%B6%D0%BD%D0%B0%D1%8F.jpg,https://storage.yandexcloud.net/kraskideti/tours/%D0%91%D0%BB%D0%B0%D0%B3%D0%BE%D0%B2%D0%B5%D1%89%D0%B5%D0%BD%D1%81%D0%BA%D0%B0%D1%8F%20%D1%86%D0%B5%D1%80%D0%BA%D0%BE%D0%B2%D1%8C.webp,https://storage.yandexcloud.net/kraskideti/tours/%D0%A4%D0%BE%D0%BD%D1%82%D0%B0%D0%BD%D1%8B%20%D0%9F%D0%B5%D1%82%D0%B5%D1%80%D0%B3%D0%BE%D1%84%D0%B0.jpg,https://storage.yandexcloud.net/kraskideti/tours/%D0%9B%D0%B0%D0%B4%D0%BE%D0%B6%D1%81%D0%BA%D0%B8%D0%B5%20%D1%88%D1%85%D0%B5%D1%80%D1%8B.jpeg,,,,,,,,,,,,,,,,,,
да,1072,Северная Осетия на выходные,severnaya-osetiya-weekend,2,Amra Turistik,https://amra-turistik.ru/tours/dvuhdnevnaya-krasavicza-osetiya-13,https://storage.yandexcloud.net/kraskideti/tours/%D0%A6%D0%B5%D0%B9%D1%81%D0%BA%D0%BE%D0%B5%20%D1%83%D1%89%D0%B5%D0%BB%D1%8C%D0%B5.jpg,https://storage.yandexcloud.net/kraskideti/tours/%D0%93%D0%BE%D1%80%D0%BE%D0%B4%20%D0%BC%D1%91%D1%80%D1%82%D0%B2%D1%8B%D1%85%20%D0%94%D0%B0%D1%80%D0%B3%D0%B0%D0%B2%D1%81.webp,https://storage.yandexcloud.net/kraskideti/tours/%D0%A6%D0%B5%D0%B9%D1%81%D0%BA%D0%B8%D0%B9%20%D0%BB%D0%B5%D0%B4%D0%BD%D0%B8%D0%BA.jpg,https://storage.yandexcloud.net/kraskideti/tours/%D0%9C%D0%B8%D0%B4%D0%B0%D0%B3%D1%80%D0%B0%D0%B1%D0%B8%D0%BD%D1%81%D0%BA%D0%B8%D0%B5%20%D0%B2%D0%BE%D0%B4%D0%BE%D0%BF%D0%B0%D0%B4%D1%8B.jpg,https://storage.yandexcloud.net/kraskideti/tours/%D0%A6%D0%B5%D0%B9%D1%81%D0%BA%D0%BE%D0%B5%20%D1%83%D1%89%D0%B5%D0%BB%D1%8C%D0%B5.jpg,https://storage.yandexcloud.net/kraskideti/tours/%D0%9A%D1%80%D0%B5%D0%BF%D0%BE%D1%81%D1%82%D1%8C%20%D0%94%D0%B7%D0%B8%D0%B2%D0%B3%D0%B8%D1%81.jpg,https://storage.yandexcloud.net/kraskideti/tours/%D0%9A%D1%83%D1%80%D1%82%D0%B0%D1%82%D0%B8%D0%BD%D1%81%D0%BA%D0%BE%D0%B5%20%D1%83%D1%89%D0%B5%D0%BB%D1%8C%D0%B5.jpg,https://storage.yandexcloud.net/kraskideti/tours/%D0%9A%D0%B0%D1%80%D0%BC%D0%B0%D0%B4%D0%BE%D0%BD%D1%81%D0%BA%D0%BE%D0%B5%20%D1%83%D1%89%D0%B5%D0%BB%D1%8C%D0%B5.jpg,,,,,,,,,,,,,,,,,,,,,,,,,,,,,,,,,
да,1073,"Сказочное побережье: Старый Парк, Шато-Пино и Абрау-Дюрсо",skazochnoe-poberezhe-staryj-park-shato-pino-abrau,1,Amra Turistik,https://amra-turistik.ru/tours/skazochnoe-poberezhe-krasivyj-staryj-park-shato-pino-abrau-7,https://storage.yandexcloud.net/kraskideti/tours/%D0%90%D0%B1%D1%80%D0%B0%D1%83%20%D0%B4%D1%8E%D1%80%D1%81%D0%BE.webp,https://storage.yandexcloud.net/kraskideti/tours/%D0%9D%D0%B0%D0%B1%D0%B5%D1%80%D0%B5%D0%B6%D0%BD%D0%B0%D1%8F%20%D0%93%D0%B5%D0%BB%D0%B5%D0%BD%D0%B4%D0%B6%D0%B8%D0%BA%D0%B0.jpg,https://storage.yandexcloud.net/kraskideti/tours/%D0%A8%D0%B0%D1%82%D0%BE-%D0%9F%D0%B8%D0%BD%D0%BE.jpg,https://storage.yandexcloud.net/kraskideti/tours/%D0%A8%D0%B0%D1%82%D0%BE-%D0%9F%D0%B8%D0%BD%D0%BE.jpg,https://storage.yandexcloud.net/kraskideti/tours/%D0%AD%D0%BA%D0%BE-%D1%82%D1%80%D0%BE%D0%BF%D0%B0%20%D0%B2%D0%BE%D0%BA%D1%80%D1%83%D0%B3%20%D0%BE%D0%B7%D0%B5%D1%80%D0%B0%20%D0%90%D0%B1%D1%80%D0%B0%D1%83%20%E2%80%94%207%20%D0%BA%D0%BC.webp,,https://storage.yandexcloud.net/kraskideti/tours/%D0%93%D0%BE%D1%80%D1%8B%20%D0%9A%D0%BE%D0%BB%D0%B4%D1%83%D0%BD.jpg,,,,,,,,,,,,,,,,,,,,,,,,,,,,,,,,,,
да,1074,"Скала Чёртов Палец, Савранская канатная дорога и Лаго-Наки",chertov-palec-savranskaya-kanatnaya-lago-naki,1,Amra Turistik,https://amra-turistik.ru/tours/skala-chertov-palecz-savranskaya-kanatnaya-doroga-lago-naki-6,https://storage.yandexcloud.net/kraskideti/tours/%D0%9B%D0%B0%D0%B3%D0%BE-%D0%9D%D0%B0%D0%BA%D0%B8.jpg,https://storage.yandexcloud.net/kraskideti/tours/%D0%90%D0%B4%D1%8B%D0%B3%D0%B5%D1%8F.webp,https://storage.yandexcloud.net/kraskideti/tours/%D0%A1%D0%BA%D0%B0%D0%BB%D0%B0%20%D0%A7%D1%91%D1%80%D1%82%D0%BE%D0%B2%20%D0%9F%D0%B0%D0%BB%D0%B5%D1%86.jpeg,https://storage.yandexcloud.net/kraskideti/tours/%D0%91%D0%B5%D0%BB%D0%BE%D1%80%D0%B5%D1%87%D0%B5%D0%BD%D1%81%D0%BA%D0%B8%D0%B9%20%D0%B2%D0%BE%D0%B4%D0%BE%D0%BF%D0%B0%D0%B4%20%E2%80%94%20%D0%A1%D0%B0%D0%B2%D1%80%D0%B0%D0%BD%D1%81%D0%BA%D0%B0%D1%8F%20%D0%BA%D0%B0%D0%BD%D0%B0%D1%82%D0%BA%D0%B0.jpg,https://storage.yandexcloud.net/kraskideti/tours/%D0%90%D0%B7%D0%B8%D1%88%D1%81%D0%BA%D0%B8%D0%B9%20%D0%BF%D0%B5%D1%80%D0%B5%D0%B2%D0%B0%D0%BB.jpg,https://storage.yandexcloud.net/kraskideti/tours/%D0%9F%D0%BB%D0%B0%D1%82%D0%BE%20%D0%9B%D0%B0%D0%B3%D0%BE.jpg,,,,,,,,,,,,,,,,,,,,,,,,,,,,,,,,,,,
да,1075,Солнечная Грузия: большой тур от Тбилиси до Батуми за 9 дней,solnechnaya-gruziya-bolshoj-tur-9-dnej,9,Amra Turistik,https://amra-turistik.ru/tours/solnechnaya-gruziya-bolshoj-tur-ot-tbilisi-do-batumi-5,https://storage.yandexcloud.net/kraskideti/tours/%D0%92%D0%BE%D0%B5%D0%BD%D0%BD%D0%BE-%D0%93%D1%80%D1%83%D0%B7%D0%B8%D0%BD%D1%81%D0%BA%D0%B0%D1%8F%20%D0%B4%D0%BE%D1%80%D0%BE%D0%B3%D0%B0%20%E2%80%94%20%D0%A2%D0%B1%D0%B8%D0%BB%D0%B8%D1%81%D0%B8.jpg,https://storage.yandexcloud.net/kraskideti/tours/%D0%92%D0%BE%D0%B5%D0%BD%D0%BD%D0%BE-%D0%93%D1%80%D1%83%D0%B7%D0%B8%D0%BD%D1%81%D0%BA%D0%B0%D1%8F%20%D0%B4%D0%BE%D1%80%D0%BE%D0%B3%D0%B0%20%E2%80%94%20%D0%A2%D0%B1%D0%B8%D0%BB%D0%B8%D1%81%D0%B8.jpg,https://storage.yandexcloud.net/kraskideti/tours/%D0%9A%D0%B0%D1%85%D0%B5%D1%82%D0%B8%D1%8F.jpg,https://storage.yandexcloud.net/kraskideti/tours/%D0%92%D0%B0%D1%80%D0%B4%D0%B7%D0%B8%D0%B0.webp,https://storage.yandexcloud.net/kraskideti/tours/%D0%91%D0%BE%D1%80%D0%B6%D0%BE%D0%BC%D0%B8.webp,https://storage.yandexcloud.net/kraskideti/tours/%D0%9A%D1%83%D1%82%D0%B0%D0%B8%D1%81%D0%B8%20%E2%80%94%20%D0%91%D0%B0%D1%82%D1%83%D0%BC%D0%B8.jpg,https://storage.yandexcloud.net/kraskideti/tours/%D0%93%D0%BE%D1%80%D0%BD%D0%B0%D1%8F%20%D0%90%D0%B4%D0%B6%D0%B0%D1%80%D0%B8%D1%8F.webp,https://storage.yandexcloud.net/kraskideti/tours/%D0%90%D0%BB%D0%B8%20%D0%B8%20%D0%9D%D0%B8%D0%BD%D0%BE.webp,https://storage.yandexcloud.net/kraskideti/tours/%D0%A1%D0%B0%D0%BC%D1%86%D1%85%D0%B5-%D0%94%D0%B6%D0%B0%D0%B2%D0%B0%D1%85%D0%B5%D1%82%D0%B8.jpg,https://storage.yandexcloud.net/kraskideti/tours/%D0%9C%D0%BE%D1%81%D1%82%20%D0%9C%D0%B8%D1%80%D0%B0.jpg,https://storage.yandexcloud.net/kraskideti/tours/%D0%A1%D0%BE%D0%B1%D0%BE%D1%80%20%D0%A2%D1%80%D0%BE%D0%B8%D1%86%D1%8B.webp,https://storage.yandexcloud.net/kraskideti/tours/%D0%9C%D0%BE%D0%BD%D0%B0%D1%81%D1%82%D1%8B%D1%80%D1%8C%20%D0%94%D0%B6%D0%B2%D0%B0%D1%80%D0%B8.webp,https://storage.yandexcloud.net/kraskideti/tours/%D0%A1%D0%BE%D0%B1%D0%BE%D1%80%20%D0%A1%D0%B2%D0%B5%D1%82%D0%B8%D1%86%D1%85%D0%BE%D0%B2%D0%B5%D0%BB%D0%B8.jpg,https://storage.yandexcloud.net/kraskideti/tours/%D0%9A%D1%80%D0%B5%D0%BF%D0%BE%D1%81%D1%82%D1%8C%20%D0%A0%D0%B0%D0%B1%D0%B0%D1%82.webp,https://storage.yandexcloud.net/kraskideti/tours/%D0%A5%D1%80%D0%B0%D0%BC%20%D0%91%D0%B0%D0%B3%D1%80%D0%B0%D1%82%D0%B0.jpg,https://storage.yandexcloud.net/kraskideti/tours/%D0%9A%D1%80%D0%B5%D0%BF%D0%BE%D1%81%D1%82%D1%8C%20%D0%93%D0%BE%D0%BD%D0%B8%D0%BE.jpg,https://storage.yandexcloud.net/kraskideti/tours/%D0%93%D0%B0%D0%BB%D0%B0%D1%82%D1%81%D0%BA%D0%B8%D0%B9%20%D0%BC%D0%BE%D1%81%D1%82.jpg,https://storage.yandexcloud.net/kraskideti/tours/%D0%9C%D1%86%D1%85%D0%B5%D1%82%D0%B0%20%E2%80%94%20%D0%94%D0%B6%D0%B2%D0%B0%D1%80%D0%B8%2C%20%D0%A1%D0%B2%D0%B5%D1%82%D0%B8%D1%86%D1%85%D0%BE%D0%B2%D0%B5%D0%BB%D0%B8%2C%20%D0%A1%D0%B0%D0%BC%D1%82%D0%B0%D0%B2%D1%80%D0%BE.jpg,https://storage.yandexcloud.net/kraskideti/tours/%D0%9A%D1%83%D1%82%D0%B0%D0%B8%D1%81%D0%B8%20%E2%80%94%20%D0%91%D0%B0%D1%82%D1%83%D0%BC%D0%B8.jpg,https://storage.yandexcloud.net/kraskideti/tours/%D0%9F%D0%B0%D1%80%D0%BA%20%D0%9C%D0%BE%D1%80%D0%B8%D1%86%D0%B0.jpg,https://storage.yandexcloud.net/kraskideti/tours/%D0%97%D0%B0%D0%BC%D0%BE%D0%BA%20%D0%90%D0%BD%D0%B0%D0%BD%D1%83%D1%80%D0%B8.jpg,https://storage.yandexcloud.net/kraskideti/tours/%D0%92%D0%B5%D1%80%D1%85%D0%BD%D0%B8%D0%B9%20%D0%9B%D0%B0%D1%80%D1%81.webp,https://storage.yandexcloud.net/kraskideti/tours/%D0%A5%D1%80%D0%B0%D0%BC%20%D0%9C%D0%B5%D1%82%D0%B5%D1%85%D0%B8.webp,https://storage.yandexcloud.net/kraskideti/tours/%D0%9F%D0%BB%D0%BE%D1%89%D0%B0%D0%B4%D1%8C%20%D0%95%D0%B2%D1%80%D0%BE%D0%BF%D1%8B%20%D0%B3%D1%80%D1%83%D0%B7%D0%B8%D1%8F.jpg,https://storage.yandexcloud.net/kraskideti/tours/%D0%9F%D0%B0%D1%80%D0%BA%20%D0%A0%D0%B8%D0%BA%D0%BE.webp,https://storage.yandexcloud.net/kraskideti/tours/%D0%9F%D1%80%D0%BE%D1%81%D0%BF%D0%B5%D0%BA%D1%82%20%D0%A0%D1%83%D1%81%D1%82%D0%B0%D0%B2%D0%B5%D0%BB%D0%BB%D0%B8.jpg,https://storage.yandexcloud.net/kraskideti/tours/%D0%9C%D0%BE%D0%BD%D0%B0%D1%81%D1%82%D1%8B%D1%80%D1%8C%20%D0%91%D0%BE%D0%B4%D0%B1%D0%B5.jpeg,https://storage.yandexcloud.net/kraskideti/tours/%D0%A1%D0%B5%D0%BB%D0%BE%20%D0%91%D0%B8%D0%B4%D0%B0%D1%83%D1%80%D0%B8.webp,https://storage.yandexcloud.net/kraskideti/tours/%D0%A1%D0%B2%D1%8F%D1%82%D0%BE%D0%B9%20%D0%9D%D0%B8%D0%BD%D0%BE.jpg,https://storage.yandexcloud.net/kraskideti/tours/%D0%9C%D1%86%D1%85%D0%B5%D1%82%D0%B0%20%E2%80%94%20%C2%AB%D0%92%D1%82%D0%BE%D1%80%D0%BE%D0%B9%20%D0%98%D0%B5%D1%80%D1%83%D1%81%D0%B0%D0%BB%D0%B8%D0%BC%C2%BB.jpeg,https://storage.yandexcloud.net/kraskideti/tours/%D0%9C%D0%BE%D0%BD%D0%B0%D1%81%D1%82%D1%8B%D1%80%D1%8C%20%D0%A1%D0%B0%D0%BC%D1%82%D0%B0%D0%B2%D1%80%D0%BE.jpg,https://storage.yandexcloud.net/kraskideti/tours/%D0%9C%D0%B5%D1%87%D0%B5%D1%82%D1%8C%20%D0%9E%D1%80%D1%82%D0%B0.jpg,https://storage.yandexcloud.net/kraskideti/tours/%D0%A3%D0%BB%D0%B8%D1%86%D0%B0%20%D0%A0%D1%83%D1%81%D1%82%D0%B0%D0%B2%D0%B5%D0%BB%D0%BB%D0%B8.webp,,,,,,,,
да,1076,Сочи + Абхазия из Ростова,sochi-abhazia-4-dnya,4,Amra Turistik,https://amra-turistik.ru/tours/strana-morya-solncza-i-neveroyatnoj-krasoty-abhaziya-15,https://storage.yandexcloud.net/kraskideti/tours/%D0%9E%D0%BB%D0%B8%D0%BC%D0%BF%D0%B8%D0%B9%D1%81%D0%BA%D0%B8%D0%B9%20%D0%BF%D0%B0%D1%80%D0%BA.jpg,https://storage.yandexcloud.net/kraskideti/tours/%D0%9E%D0%BB%D0%B8%D0%BC%D0%BF%D0%B8%D0%B9%D1%81%D0%BA%D0%B8%D0%B9%20%D0%BF%D0%B0%D1%80%D0%BA.jpg,https://storage.yandexcloud.net/kraskideti/tours/%D0%9A%D1%80%D0%B0%D1%81%D0%BD%D0%B0%D1%8F%20%D0%9F%D0%BE%D0%BB%D1%8F%D0%BD%D0%B0.jpg,https://storage.yandexcloud.net/kraskideti/tours/%D0%9E%D0%B7%D0%B5%D1%80%D0%BE%20%D0%A0%D0%B8%D1%86%D0%B0.webp,https://storage.yandexcloud.net/kraskideti/tours/%D0%AE%D0%B6%D0%BD%D1%8B%D0%B5%20%D0%BA%D1%83%D0%BB%D1%8C%D1%82%D1%83%D1%80%D1%8B.webp,https://storage.yandexcloud.net/kraskideti/tours/%D0%A4%D0%B8%D1%88%D1%82.webp,https://storage.yandexcloud.net/kraskideti/tours/%D0%A0%D0%BE%D0%B7%D0%B0%20%D0%A5%D1%83%D1%82%D0%BE%D1%80.jpg,https://storage.yandexcloud.net/kraskideti/tours/%D0%9D%D0%B0%D0%B1%D0%B5%D1%80%D0%B5%D0%B6%D0%BD%D0%B0%D1%8F%20%D0%93%D0%B0%D0%B3%D1%80%D1%8B.jpg,https://storage.yandexcloud.net/kraskideti/tours/%D0%93%D0%B0%D0%B3%D1%80%D0%B0.jpg,https://storage.yandexcloud.net/kraskideti/tours/%D0%93%D0%B0%D0%B3%D1%80%D0%B0.jpg,,,,,,,,,,,,,,,,,,,,,,,,,,,,,,,
да,1077,Сочи на выходные,sochi-weekend-2-dnya,2,Amra Turistik,https://amra-turistik.ru/tours/abhaziya-strana-gor-ozer-kanonov-i-vodopadov-5,https://storage.yandexcloud.net/kraskideti/tours/%D0%9E%D0%BB%D0%B8%D0%BC%D0%BF%D0%B8%D0%B9%D1%81%D0%BA%D0%B8%D0%B9%20%D0%BF%D0%B0%D1%80%D0%BA.jpg,https://storage.yandexcloud.net/kraskideti/tours/%D0%9E%D0%BB%D0%B8%D0%BC%D0%BF%D0%B8%D0%B9%D1%81%D0%BA%D0%B8%D0%B9%20%D0%BF%D0%B0%D1%80%D0%BA.jpg,https://storage.yandexcloud.net/kraskideti/tours/%D0%9A%D1%80%D0%B0%D1%81%D0%BD%D0%B0%D1%8F%20%D0%9F%D0%BE%D0%BB%D1%8F%D0%BD%D0%B0.jpg,https://storage.yandexcloud.net/kraskideti/tours/%D0%A8%D0%BE%D1%83%20%D1%84%D0%BE%D0%BD%D1%82%D0%B0%D0%BD%D0%BE%D0%B2.jpg,https://storage.yandexcloud.net/kraskideti/tours/%D0%AE%D0%B6%D0%BD%D1%8B%D0%B5%20%D0%BA%D1%83%D0%BB%D1%8C%D1%82%D1%83%D1%80%D1%8B.webp,https://storage.yandexcloud.net/kraskideti/tours/%D0%A4%D0%B8%D1%88%D1%82.webp,https://storage.yandexcloud.net/kraskideti/tours/%D0%9D%D0%B0%D0%B1%D0%B5%D1%80%D0%B5%D0%B6%D0%BD%D0%B0%D1%8F%20%D0%90%D0%B4%D0%BB%D0%B5%D1%80%D0%B0.jpg,https://storage.yandexcloud.net/kraskideti/tours/%D0%A0%D0%BE%D0%B7%D0%B0%20%D0%A5%D1%83%D1%82%D0%BE%D1%80.jpg,,,,,,,,,,,,,,,,,,,,,,,,,,,,,,,,,
да,1078,Стамбул Лайт: 5 дней с сопровождающим,stambul-lajt-5-dnej,5,Amra Turistik,https://amra-turistik.ru/tours/stambul-lajt-tur-na-festival-tyulpanov,https://storage.yandexcloud.net/kraskideti/tours/%D0%A1%D1%82%D0%B0%D0%BC%D0%B1%D1%83%D0%BB.jpg,https://storage.yandexcloud.net/kraskideti/tours/%D0%A4%D0%B5%D1%81%D1%82%D0%B8%D0%B2%D0%B0%D0%BB%D1%8C%20%D1%82%D1%8E%D0%BB%D1%8C%D0%BF%D0%B0%D0%BD%D0%BE%D0%B2%20%D0%B2%20%D0%BF%D0%B0%D1%80%D0%BA%D0%B5%20%D0%AD%D0%BC%D0%B8%D1%80%D0%B3%D0%B0%D0%BD.webp,,https://storage.yandexcloud.net/kraskideti/tours/%D0%9C%D0%B5%D1%87%D0%B5%D1%82%D1%8C%20%D0%A1%D1%83%D0%BB%D0%B5%D0%B9%D0%BC%D0%B0%D0%BD%D0%B8%D0%B5.webp,,https://storage.yandexcloud.net/kraskideti/tours/%D0%93%D0%B5%D0%BD%D1%83%D1%8D%D0%B7%D1%81%D0%BA%D0%B0%D1%8F%20%D0%BA%D1%80%D0%B5%D0%BF%D0%BE%D1%81%D1%82%D1%8C%20XIV%20%D0%B2%D0%B5%D0%BA%D0%B0.jpg,https://storage.yandexcloud.net/kraskideti/tours/%D0%90%D0%B9-%D0%A1%D0%BE%D1%84%D0%B8%D1%8F.jpg,https://storage.yandexcloud.net/kraskideti/tours/%D0%9F%D0%BB%D0%BE%D1%89%D0%B0%D0%B4%D1%8C%20%D0%A1%D1%83%D0%BB%D1%82%D0%B0%D0%BD%D0%B0%D1%85%D0%BC%D0%B5%D1%82.jpg,https://storage.yandexcloud.net/kraskideti/tours/%D0%9F%D0%B0%D1%80%D0%BA%20%D0%93%D1%8E%D0%BB%D1%8C%D1%85%D0%B0%D0%BD%D0%B5.jpg,https://storage.yandexcloud.net/kraskideti/tours/%D0%94%D0%B2%D0%BE%D1%80%D0%B5%D1%86%20%D0%94%D0%BE%D0%BB%D0%BC%D0%B0%D0%B1%D0%B0%D1%85%D1%87%D0%B5%20%E2%80%94%20%D0%98%D1%81%D1%82%D0%B8%D0%BA%D0%BB%D1%8F%D0%BB%D1%8C.jpg,https://storage.yandexcloud.net/kraskideti/tours/%D0%9F%D0%BB%D0%BE%D1%89%D0%B0%D0%B4%D1%8C%20%D0%A2%D0%B0%D0%BA%D1%81%D0%B8%D0%BC.webp,https://storage.yandexcloud.net/kraskideti/tours/%D0%9C%D0%B5%D1%87%D0%B5%D1%82%D1%8C%20%D0%A1%D1%83%D0%BB%D0%B5%D0%B9%D0%BC%D0%B0%D0%BD%D0%B8%D0%B5.webp,https://storage.yandexcloud.net/kraskideti/tours/%D0%95%D0%B3%D0%B8%D0%BF%D0%B5%D1%82%D1%81%D0%BA%D0%B8%D0%B9%20%D0%B1%D0%B0%D0%B7%D0%B0%D1%80.jpg,https://storage.yandexcloud.net/kraskideti/tours/%D0%93%D0%B0%D0%BB%D0%B0%D1%82%D1%81%D0%BA%D0%B0%D1%8F%20%D0%B1%D0%B0%D1%88%D0%BD%D1%8F.webp,https://storage.yandexcloud.net/kraskideti/tours/%D0%94%D0%B2%D0%BE%D1%80%D0%B5%D1%86%20%D0%98%D0%B1%D1%80%D0%B0%D0%B3%D0%B8%D0%BC%D0%B0.webp,https://storage.yandexcloud.net/kraskideti/tours/%D0%9F%D0%B0%D1%80%D0%BA%20%D0%AD%D0%BC%D0%B8%D1%80%D0%B3%D0%B0%D0%BD.webp,https://storage.yandexcloud.net/kraskideti/tours/%D0%A3%D0%BB%D0%B8%D1%86%D0%B0%20%D0%98%D1%81%D1%82%D0%B8%D0%BA%D0%BB%D1%8F%D0%BB%D1%8C.jpg,,https://storage.yandexcloud.net/kraskideti/tours/%D0%A4%D0%B5%D1%81%D1%82%D0%B8%D0%B2%D0%B0%D0%BB%D1%8C%20%D1%82%D1%8E%D0%BB%D1%8C%D0%BF%D0%B0%D0%BD%D0%BE%D0%B2%20%D0%B2%20%D0%AD%D0%BB%D0%B8%D1%81%D1%82%D0%B5.jpg,https://storage.yandexcloud.net/kraskideti/tours/%D0%A5%D0%BE%D0%BB%D0%BC%20%D0%9F%D1%8C%D0%B5%D1%80%D0%B0%20%D0%9B%D0%BE%D1%82%D0%B8%20%E2%80%94%20%D0%91%D0%B0%D0%BB%D0%B0%D1%82.webp,,,,,,,,,,,,,,,,,,,,,
да,1079,Стамбул: влюбиться за 5 дней,stambul-5-dnej-s-gidom,5,Amra Turistik,https://amra-turistik.ru/tours/stambul-gorod-na-dvuh-kontinentah-gorod-tam-gde-serdcze,https://storage.yandexcloud.net/kraskideti/tours/%D0%A1%D1%82%D0%B0%D0%BC%D0%B1%D1%83%D0%BB.jpg,,https://storage.yandexcloud.net/kraskideti/tours/%D0%94%D0%B2%D0%BE%D1%80%D0%B5%D1%86%20%D0%A2%D0%BE%D0%BF%D0%BA%D0%B0%D0%BF%D1%8B%20%D1%81%20%D0%B3%D0%B0%D1%80%D0%B5%D0%BC%D0%BE%D0%BC.webp,https://storage.yandexcloud.net/kraskideti/tours/%D0%9F%D1%80%D0%BE%D0%B3%D1%83%D0%BB%D0%BA%D0%B0%20%D0%BF%D0%BE%20%D0%91%D0%BE%D1%81%D1%84%D0%BE%D1%80%D1%83.jpg,,https://storage.yandexcloud.net/kraskideti/tours/%D0%94%D0%B2%D0%BE%D1%80%D0%B5%D1%86%20%D0%A2%D0%BE%D0%BF%D0%BA%D0%B0%D0%BF%D1%8B%20%D1%81%20%D0%B3%D0%B0%D1%80%D0%B5%D0%BC%D0%BE%D0%BC.webp,https://storage.yandexcloud.net/kraskideti/tours/%D0%90%D0%B9-%D0%A1%D0%BE%D1%84%D0%B8%D1%8F.jpg,https://storage.yandexcloud.net/kraskideti/tours/%D0%94%D0%B2%D0%BE%D1%80%D0%B5%D1%86%20%D0%98%D0%B1%D1%80%D0%B0%D0%B3%D0%B8%D0%BC%D0%B0.webp,https://storage.yandexcloud.net/kraskideti/tours/%D0%9F%D0%B0%D1%80%D0%BA%20%D0%93%D1%8E%D0%BB%D1%8C%D1%85%D0%B0%D0%BD%D0%B5.jpg,https://storage.yandexcloud.net/kraskideti/tours/%D0%9F%D0%BB%D0%BE%D1%89%D0%B0%D0%B4%D1%8C%20%D0%A2%D0%B0%D0%BA%D1%81%D0%B8%D0%BC.webp,https://storage.yandexcloud.net/kraskideti/tours/%D0%A3%D0%BB%D0%B8%D1%86%D0%B0%20%D0%98%D1%81%D1%82%D0%B8%D0%BA%D0%BB%D1%8F%D0%BB%D1%8C.jpg,https://storage.yandexcloud.net/kraskideti/tours/%D0%91%D0%B0%D1%88%D0%BD%D1%8F%20%D0%A1%D1%8E%D1%8E%D0%BC%D0%B1%D0%B8%D0%BA%D0%B5%20%E2%80%94%20%C2%AB%D0%BF%D0%B0%D0%B4%D0%B0%D1%8E%D1%89%D0%B0%D1%8F%20%D0%B1%D0%B0%D1%88%D0%BD%D1%8F%C2%BB%20%D0%9A%D0%B0%D0%B7%D0%B0%D0%BD%D0%B8.jpg,https://storage.yandexcloud.net/kraskideti/tours/%D0%9C%D0%B5%D1%87%D0%B5%D1%82%D1%8C%20%D0%A1%D1%83%D0%BB%D0%B5%D0%B9%D0%BC%D0%B0%D0%BD%D0%B8%D0%B5.webp,https://storage.yandexcloud.net/kraskideti/tours/%D0%93%D0%B0%D0%BB%D0%B0%D1%82%D1%81%D0%BA%D0%B8%D0%B9%20%D0%BC%D0%BE%D1%81%D1%82.jpg,,https://storage.yandexcloud.net/kraskideti/tours/%D0%94%D0%B2%D0%BE%D1%80%D0%B5%D1%86%20%D0%94%D0%BE%D0%BB%D0%BC%D0%B0%D0%B1%D0%B0%D1%85%D1%87%D0%B5%20..webp,,https://storage.yandexcloud.net/kraskideti/tours/%D0%94%D0%B2%D0%BE%D1%80%D0%B5%D1%86%20%D0%94%D0%BE%D0%BB%D0%BC%D0%B0%D0%B1%D0%B0%D1%85%D1%87%D0%B5%20..webp,https://storage.yandexcloud.net/kraskideti/tours/%D0%A5%D0%BE%D0%BB%D0%BC%20%D0%9F%D1%8C%D0%B5%D1%80%D0%B0%20%D0%9B%D0%BE%D1%82%D0%B8%20%E2%80%94%20%D0%91%D0%B0%D0%BB%D0%B0%D1%82.webp,,,,,,,,,,,,,,,,,,,,,,
да,1080,Термальные источники «Водная Ривьера» и «Питейный дом» в Майкопе,termalnye-istochniki-vodnaya-rivera-pitejnyj-dom,1,Amra Turistik,https://amra-turistik.ru/tours/termalnye-istochniki-vodnaya-rivera-i-pitejnyj-dom-v-majkope-6,https://storage.yandexcloud.net/kraskideti/tours/%D0%90%D0%B4%D1%8B%D0%B3%D0%B5%D1%8F.webp,https://storage.yandexcloud.net/kraskideti/tours/%D0%9F%D0%B8%D1%82%D0%B5%D0%B9%D0%BD%D1%8B%D0%B9%20%D0%B4%D0%BE%D0%BC%201902%20%D0%B3%D0%BE%D0%B4%D0%B0.jpg,https://storage.yandexcloud.net/kraskideti/tours/%D0%91%D0%B5%D0%BB%D0%BE%D1%80%D0%B5%D1%87%D0%B5%D0%BD%D1%81%D0%BA%D0%B8%D0%B9%20%D0%B2%D0%BE%D0%B4%D0%BE%D0%BF%D0%B0%D0%B4%20%E2%80%94%20%D0%9F%D0%B8%D1%82%D0%B5%D0%B9%D0%BD%D1%8B%D0%B9%20%D0%B4%D0%BE%D0%BC.jpg,https://storage.yandexcloud.net/kraskideti/tours/%D0%9F%D0%B8%D1%82%D0%B5%D0%B9%D0%BD%D1%8B%D0%B9%20%D0%B4%D0%BE%D0%BC%20%D0%A0%D0%BE%D1%81%D1%81%D0%B8%D0%B9%D1%81%D0%BA%D0%BE%D0%B9%20%D0%BC%D0%BE%D0%BD%D0%BE%D0%BF%D0%BE%D0%BB%D0%B8%D0%B8.jpg,https://storage.yandexcloud.net/kraskideti/tours/%D0%A2%D0%B5%D1%80%D0%BC%D0%B0%D0%BB%D1%8C%D0%BD%D1%8B%D0%B5%20%D0%B8%D1%81%D1%82%D0%BE%D1%87%D0%BD%D0%B8%D0%BA%D0%B8.jpg,https://storage.yandexcloud.net/kraskideti/tours/%D0%A2%D0%B5%D1%80%D0%BC%D0%B0%D0%BB%D1%8C%D0%BD%D1%8B%D0%B5%20%D0%B8%D1%81%D1%82%D0%BE%D1%87%D0%BD%D0%B8%D0%BA%D0%B8%20%C2%AB%D0%92%D0%BE%D0%B4%D0%BD%D0%B0%D1%8F%20%D0%A0%D0%B8%D0%B2%D1%8C%D0%B5%D1%80%D0%B0%C2%BB.jpeg,https://storage.yandexcloud.net/kraskideti/tours/%D0%93%D0%BE%D1%80%D1%8B%20%D0%90%D0%B4%D1%8B%D0%B3%D0%B5%D0%B8.jpg,https://storage.yandexcloud.net/kraskideti/tours/%D0%91%D0%B5%D0%BB%D0%BE%D1%80%D0%B5%D1%87%D0%B5%D0%BD%D1%81%D0%BA%D0%B8%D0%B9%20%D0%B2%D0%BE%D0%B4%D0%BE%D0%BF%D0%B0%D0%B4%20%E2%80%94%20%D0%9F%D0%B8%D1%82%D0%B5%D0%B9%D0%BD%D1%8B%D0%B9%20%D0%B4%D0%BE%D0%BC.jpg,,,,,,,,,,,,,,,,,,,,,,,,,,,,,,,,,
да,1081,Термальные источники Адыгеи за 1 день,termy-adygei-1-den,1,Amra Turistik,https://amra-turistik.ru/tours/termalnye-istochniki-vodnaya-rivera-i-pitejnyj-dom-v-majkope-6/,https://storage.yandexcloud.net/kraskideti/tours/%D0%90%D0%B4%D1%8B%D0%B3%D0%B5%D1%8F.webp,https://storage.yandexcloud.net/kraskideti/tours/%D0%A2%D0%B5%D1%80%D0%BC%D0%B0%D0%BB%D1%8C%D0%BD%D1%8B%D0%B5%20%D0%B8%D1%81%D1%82%D0%BE%D1%87%D0%BD%D0%B8%D0%BA%D0%B8%20%D0%90%D0%B4%D1%8B%D0%B3%D0%B5%D0%B8.jpg,,,,,,,,,,,,,,,,,,,,,,,,,,,,,,,,,,,,,,,
да,1082,Тешебские водопады и музей «Хлеба и Вина» в Архипо-Осиповке,teshebskie-vodopady-muzej-hleba-i-vina,1,Amra Turistik,https://amra-turistik.ru/tours/vodopady-i-dolmeny-poberezhya-vodopady-teshebskie-i-reki-zhane-zakat-v-goluboj-bezdne,https://storage.yandexcloud.net/kraskideti/tours/%D0%9D%D0%B0%D0%B1%D0%B5%D1%80%D0%B5%D0%B6%D0%BD%D0%B0%D1%8F%20%D0%93%D0%B5%D0%BB%D0%B5%D0%BD%D0%B4%D0%B6%D0%B8%D0%BA%D0%B0.jpg,https://storage.yandexcloud.net/kraskideti/tours/%D0%A2%D0%B5%D1%88%D0%B5%D0%B1%D1%81%D0%BA%D0%B8%D0%B5%20%D0%B2%D0%BE%D0%B4%D0%BE%D0%BF%D0%B0%D0%B4%D1%8B.jpg,https://storage.yandexcloud.net/kraskideti/tours/%D0%9C%D1%83%D0%B7%D0%B5%D0%B9%20%C2%AB%D0%A5%D0%BB%D0%B5%D0%B1%D0%B0%20%D0%B8%20%D0%92%D0%B8%D0%BD%D0%B0%C2%BB.jpg,https://storage.yandexcloud.net/kraskideti/tours/%D0%A2%D0%B5%D1%88%D0%B5%D0%B1%D1%81%D0%BA%D0%B8%D0%B5%20%D0%B2%D0%BE%D0%B4%D0%BE%D0%BF%D0%B0%D0%B4%D1%8B.jpg,https://storage.yandexcloud.net/kraskideti/tours/%D0%9C%D0%B8%D1%85%D0%B0%D0%B9%D0%BB%D0%BE%D0%B2%D1%81%D0%BA%D0%B0%D1%8F%20%D0%B1%D0%B0%D1%82%D0%B0%D1%80%D0%B5%D1%8F.jpg,https://storage.yandexcloud.net/kraskideti/tours/%D0%9C%D0%B8%D1%85%D0%B0%D0%B9%D0%BB%D0%BE%D0%B2%D1%81%D0%BA%D0%BE%D0%B5%20%D1%83%D0%BA%D1%80%D0%B5%D0%BF%D0%BB%D0%B5%D0%BD%D0%B8%D0%B5.jpg,https://storage.yandexcloud.net/kraskideti/tours/%D0%90%D1%80%D1%85%D0%B8%D0%BF%D0%BE-%D0%9E%D1%81%D0%B8%D0%BF%D0%BE%D0%B2%D0%BA%D0%B8.jpg,https://storage.yandexcloud.net/kraskideti/tours/%D0%90%D1%80%D1%85%D0%B8%D0%BF%D0%BE-%D0%9E%D1%81%D0%B8%D0%BF%D0%BE%D0%B2%D0%BA%D0%B8.jpg,https://storage.yandexcloud.net/kraskideti/tours/%D0%90%D1%80%D1%85%D0%B8%D0%BF%D0%BE-%D0%9E%D1%81%D0%B8%D0%BF%D0%BE%D0%B2%D0%BA%D0%B8.jpg,https://storage.yandexcloud.net/kraskideti/tours/%D0%90%D1%80%D1%85%D0%B8%D0%BF%D0%BE-%D0%9E%D1%81%D0%B8%D0%BF%D0%BE%D0%B2%D0%BA%D0%B8.jpg,,,,,,,,,,,,,,,,,,,,,,,,,,,,,,,
да,1083,"Тур-восторг: Шато-Пино, смотровые, Старый Парк, Геленджик",tur-vostorg-shato-pino-staryj-park-gelendzhik,1,Amra Turistik,https://amra-turistik.ru/tours/tur-vostorg-shato-pino-smotrovye-staryj-park-gelendzhik-6,https://storage.yandexcloud.net/kraskideti/tours/%D0%93%D0%BE%D1%80%D1%8B%20%D0%9A%D0%BE%D0%BB%D0%B4%D1%83%D0%BD.jpg,https://storage.yandexcloud.net/kraskideti/tours/%D0%A8%D0%B0%D1%82%D0%BE-%D0%9F%D0%B8%D0%BD%D0%BE.jpg,https://storage.yandexcloud.net/kraskideti/tours/%D0%A1%D1%82%D0%B0%D1%80%D1%8B%D0%B9%20%D0%9F%D0%B0%D1%80%D0%BA%20%D0%B2%20%D0%9A%D0%B0%D0%B1%D0%B0%D1%80%D0%B4%D0%B8%D0%BD%D0%BA%D0%B5.jpg,https://storage.yandexcloud.net/kraskideti/tours/%D0%A1%D0%BC%D0%BE%D1%82%D1%80%D0%BE%D0%B2%D1%8B%D0%B5%20%D0%BF%D0%BB%D0%BE%D1%89%D0%B0%D0%B4%D0%BA%D0%B8%20%D0%BD%D0%B0%D0%B4%20%D0%A6%D0%B5%D0%BC%D0%B5%D1%81%D1%81%D0%BA%D0%BE%D0%B9%20%D0%B1%D1%83%D1%85%D1%82%D0%BE%D0%B9.jpg,,https://storage.yandexcloud.net/kraskideti/tours/%D0%93%D0%BE%D1%80%D1%8B%20%D0%9A%D0%BE%D0%BB%D0%B4%D1%83%D0%BD.jpg,https://storage.yandexcloud.net/kraskideti/tours/%D0%9D%D0%B0%D0%B1%D0%B5%D1%80%D0%B5%D0%B6%D0%BD%D0%B0%D1%8F%20%D0%9A%D0%B0%D0%B1%D0%B0%D1%80%D0%B4%D0%B8%D0%BD%D0%BA%D0%B8.jpg,https://storage.yandexcloud.net/kraskideti/tours/%D0%9D%D0%B0%D0%B1%D0%B5%D1%80%D0%B5%D0%B6%D0%BD%D0%B0%D1%8F%20%D0%93%D0%B5%D0%BB%D0%B5%D0%BD%D0%B4%D0%B6%D0%B8%D0%BA%D0%B0.jpg,https://storage.yandexcloud.net/kraskideti/tours/%D0%97%D0%B0%D0%BC%D0%BE%D0%BA%20%D0%A8%D0%B0%D1%82%D0%BE-%D0%AD%D0%BA%D1%80%D0%B5%D0%BD.jpg,,,,,,,,,,,,,,,,,,,,,,,,,,,,,,,,
да,1084,Тюльпаны Ростовского заповедника и эко-тропы,tyulpany-rostovskogo-zapovednika-eko-tropy,1,Amra Turistik,https://amra-turistik.ru/tours/tyulpany-rostovskogo-zapovednika-i-eko-tropy-3,https://storage.yandexcloud.net/kraskideti/tours/%D0%93%D0%BE%D1%80%D1%8B%20%D0%9A%D0%BE%D0%BB%D0%B4%D1%83%D0%BD.jpg,https://storage.yandexcloud.net/kraskideti/tours/%D0%A2%D1%8E%D0%BB%D1%8C%D0%BF%D0%B0%D0%BD%D1%8B%20%D0%A8%D1%80%D0%B5%D0%BD%D0%BA%D0%B0.webp,https://storage.yandexcloud.net/kraskideti/tours/%D0%AD%D0%BA%D0%BE-%D1%82%D1%80%D0%BE%D0%BF%D0%B0%20%D1%83%20%D0%BE%D0%B7%D0%B5%D1%80%D0%B0%20%D0%9C%D0%B0%D0%BD%D1%8B%D1%87-%D0%93%D1%83%D0%B4%D0%B8%D0%BB%D0%BE.webp,https://storage.yandexcloud.net/kraskideti/tours/%D0%A1%D0%BC%D0%BE%D1%82%D1%80%D0%BE%D0%B2%D0%B0%D1%8F%20%D0%B2%D1%8B%D1%88%D0%BA%D0%B0%20%D0%BD%D0%B0%D0%B4%20%D0%94%D0%BE%D0%BD%D1%81%D0%BA%D0%BE%D0%B9%20%D1%81%D1%82%D0%B5%D0%BF%D1%8C%D1%8E.webp,,,https://storage.yandexcloud.net/kraskideti/tours/%D0%A0%D0%BE%D1%81%D1%82%D0%BE%D0%B2%D1%81%D0%BA%D0%B8%D0%B9%20%D0%B7%D0%B0%D0%BF%D0%BE%D0%B2%D0%B5%D0%B4%D0%BD%D0%B8%D0%BA.jpg,https://storage.yandexcloud.net/kraskideti/tours/%D0%A0%D0%BE%D1%81%D1%82%D0%BE%D0%B2%D1%81%D0%BA%D0%B8%D0%B9%20%D0%B7%D0%B0%D0%BF%D0%BE%D0%B2%D0%B5%D0%B4%D0%BD%D0%B8%D0%BA.jpg,,,,,,,,,,,,,,,,,,,,,,,,,,,,,,,,,
да,1085,Тюльпаны и пионы Крыма,tyulpany-i-piony-kryma,1,Amra Turistik,https://amra-turistik.ru/tours/tyulpany-i-maki-kryma-3,https://storage.yandexcloud.net/kraskideti/tours/%D0%9E%D0%BF%D1%83%D0%BA%D1%81%D0%BA%D0%B8%D0%B9%20%D0%B7%D0%B0%D0%BF%D0%BE%D0%B2%D0%B5%D0%B4%D0%BD%D0%B8%D0%BA%20%E2%80%94%20%D0%9A%D0%BE%D1%8F%D1%88%D1%81%D0%BA%D0%BE%D0%B5%20%D0%BE%D0%B7%D0%B5%D1%80%D0%BE.webp,https://storage.yandexcloud.net/kraskideti/tours/%D0%9A%D0%BE%D1%8F%D1%88%D1%81%D0%BA%D0%BE%D0%B5%20%D1%80%D0%BE%D0%B7%D0%BE%D0%B2%D0%BE%D0%B5%20%D0%BE%D0%B7%D0%B5%D1%80%D0%BE.webp,https://storage.yandexcloud.net/kraskideti/tours/%D0%A0%D1%83%D0%B8%D0%BD%D1%8B%20%D0%B4%D1%80%D0%B5%D0%B2%D0%BD%D0%B5%D0%B9%20%D1%81%D1%82%D0%BE%D0%BB%D0%B8%D1%86%D1%8B%20%D0%9A%D0%B8%D0%BC%D0%BC%D0%B5%D1%80%D0%B8%D0%B8.webp,https://storage.yandexcloud.net/kraskideti/tours/%D0%9F%D0%B8%D0%BE%D0%BD%D1%8B%20%D1%83%20%D0%91%D0%B5%D0%BB%D0%BE%D0%B9%20%D1%81%D0%BA%D0%B0%D0%BB%D1%8B.jpg,https://storage.yandexcloud.net/kraskideti/tours/%D0%A1%D0%BA%D0%B0%D0%BB%D0%B0%20%D0%A0%D0%BE%D0%B7%D0%BE%D0%B2%D1%8B%D1%85%20%D1%81%D0%BA%D0%B2%D0%BE%D1%80%D1%86%D0%BE%D0%B2.jpg,https://storage.yandexcloud.net/kraskideti/tours/%D0%93%D0%BE%D1%80%D1%8B%20%D0%9E%D0%BF%D1%83%D0%BA.jpg,https://storage.yandexcloud.net/kraskideti/tours/%D0%A2%D1%8E%D0%BB%D1%8C%D0%BF%D0%B0%D0%BD%D1%8B%20%D0%A8%D1%80%D0%B5%D0%BD%D0%BA%D0%B0.webp,,,,,,,,,,,,,,,,,,,,,,,,,,,,,,,,,,
да,1086,"Тюльпаны мыса Опук, Кояшское озеро и Керчь",tyulpany-mysa-opuk-koyashskoe-kerch,1,Amra Turistik,https://amra-turistik.ru/tours/tyulpany-mysa-opuk-koyashskoe-ozero-kerch-22,https://storage.yandexcloud.net/kraskideti/tours/%D0%9E%D0%BF%D1%83%D0%BA%D1%81%D0%BA%D0%B8%D0%B9%20%D0%B7%D0%B0%D0%BF%D0%BE%D0%B2%D0%B5%D0%B4%D0%BD%D0%B8%D0%BA%20%E2%80%94%20%D0%9A%D0%BE%D1%8F%D1%88%D1%81%D0%BA%D0%BE%D0%B5%20%D0%BE%D0%B7%D0%B5%D1%80%D0%BE.webp,https://storage.yandexcloud.net/kraskideti/tours/%D0%9A%D0%BE%D1%8F%D1%88%D1%81%D0%BA%D0%BE%D0%B5%20%D1%80%D0%BE%D0%B7%D0%BE%D0%B2%D0%BE%D0%B5%20%D0%BE%D0%B7%D0%B5%D1%80%D0%BE.webp,https://storage.yandexcloud.net/kraskideti/tours/%D0%A0%D1%83%D0%B8%D0%BD%D1%8B%20%D0%B4%D1%80%D0%B5%D0%B2%D0%BD%D0%B5%D0%B9%20%D1%81%D1%82%D0%BE%D0%BB%D0%B8%D1%86%D1%8B%20%D0%9A%D0%B8%D0%BC%D0%BC%D0%B5%D1%80%D0%B8%D0%B8.webp,https://storage.yandexcloud.net/kraskideti/tours/%D0%93%D0%BE%D1%80%D1%8B%20%D0%9E%D0%BF%D1%83%D0%BA.jpg,https://storage.yandexcloud.net/kraskideti/tours/%D0%93%D0%BE%D1%80%D0%B0%20%D0%9C%D0%B8%D1%82%D1%80%D0%B8%D0%B4%D0%B0%D1%82.jpg,https://storage.yandexcloud.net/kraskideti/tours/%D0%A5%D1%80%D0%B0%D0%BC%20%D0%98%D0%BE%D0%B0%D0%BD%D0%BD%D0%B0.webp,https://storage.yandexcloud.net/kraskideti/tours/%D0%9E%D0%BF%D1%83%D0%BA%D1%81%D0%BA%D0%B8%D0%B9%20%D0%B7%D0%B0%D0%BF%D0%BE%D0%B2%D0%B5%D0%B4%D0%BD%D0%B8%D0%BA%20%E2%80%94%20%D0%9A%D0%BE%D1%8F%D1%88%D1%81%D0%BA%D0%BE%D0%B5%20%D0%BE%D0%B7%D0%B5%D1%80%D0%BE.webp,https://storage.yandexcloud.net/kraskideti/tours/%D0%93%D0%BE%D1%80%D0%B0%20%D0%9C%D0%B8%D1%82%D1%80%D0%B8%D0%B4%D0%B0%D1%82.jpg,https://storage.yandexcloud.net/kraskideti/tours/%D0%9A%D1%80%D1%8B%D0%BC%D1%81%D0%BA%D0%B8%D0%B9%20%D0%BC%D0%BE%D1%81%D1%82.avif,https://storage.yandexcloud.net/kraskideti/tours/%D0%9E%D0%BF%D1%83%D0%BA%D1%81%D0%BA%D0%B8%D0%B9%20%D0%B7%D0%B0%D0%BF%D0%BE%D0%B2%D0%B5%D0%B4%D0%BD%D0%B8%D0%BA%20%E2%80%94%20%D0%9A%D0%BE%D1%8F%D1%88%D1%81%D0%BA%D0%BE%D0%B5%20%D0%BE%D0%B7%D0%B5%D1%80%D0%BE.webp,,,,,,,,,,,,,,,,,,,,,,,,,,,,,,,
да,1087,"Фестиваль тюльпанов в Калмыкии: Страна Бумба, степи и барханы",festival-tyulpanov-kalmykiya-2-dnya,2,Amra Turistik,https://amra-turistik.ru/tours/festival-tyulpanov-v-kalmykii-strana-bumba-stepi-barhany-poyushhie-peski-i-goryashhaya-voda-3,https://storage.yandexcloud.net/kraskideti/tours/%D0%9A%D0%B0%D0%BB%D0%BC%D1%8B%D0%BA%D0%B8%D1%8F.webp,https://storage.yandexcloud.net/kraskideti/tours/%D0%A4%D0%B5%D1%81%D1%82%D0%B8%D0%B2%D0%B0%D0%BB%D1%8C%20%D1%82%D1%8E%D0%BB%D1%8C%D0%BF%D0%B0%D0%BD%D0%BE%D0%B2%20%D0%B2%20%D0%AD%D0%BB%D0%B8%D1%81%D1%82%D0%B5.jpg,https://storage.yandexcloud.net/kraskideti/tours/%D0%97%D0%BE%D0%BB%D0%BE%D1%82%D0%B0%D1%8F%20%D0%BE%D0%B1%D0%B8%D1%82%D0%B5%D0%BB%D1%8C%20%D0%91%D1%83%D0%B4%D0%B4%D1%8B.jpg,https://storage.yandexcloud.net/kraskideti/tours/%D0%A0%D0%BE%D0%B7%D0%BE%D0%B2%D0%BE%D0%B5%20%D0%9C%D0%B5%D0%BA%D0%BB%D0%B5%D1%82%D0%B8%D0%BD%D1%81%D0%BA%D0%BE%D0%B5%20%D0%BE%D0%B7%D0%B5%D1%80%D0%BE.jpg,https://storage.yandexcloud.net/kraskideti/tours/%D0%9F%D0%BE%D1%8E%D1%89%D0%B8%D0%B5%20%D0%B1%D0%B0%D1%80%D1%85%D0%B0%D0%BD%D1%8B.webp,https://storage.yandexcloud.net/kraskideti/tours/%D0%9A%D0%B0%D1%82%D0%B0%D0%BD%D0%B8%D0%B5%20%D0%BD%D0%B0%20%D0%B2%D0%B5%D1%80%D0%B1%D0%BB%D1%8E%D0%B4%D0%B0%D1%85%20%D0%B2%20%D0%A1%D1%82%D1%80%D0%B0%D0%BD%D0%B5%20%D0%91%D1%83%D0%BC%D0%B1%D0%B0.jpg,https://storage.yandexcloud.net/kraskideti/tours/%D0%A1%D0%B8%D1%82%D0%B8-%D0%A7%D0%B5%D1%81%D1%81.webp,https://storage.yandexcloud.net/kraskideti/tours/%D0%A1%D0%B5%D0%BB%D0%BE%20%D0%90%D0%B4%D1%8B%D0%BA.jpg,https://storage.yandexcloud.net/kraskideti/tours/%D0%A4%D0%B5%D1%81%D1%82%D0%B8%D0%B2%D0%B0%D0%BB%D1%8C%20%D1%82%D1%8E%D0%BB%D1%8C%D0%BF%D0%B0%D0%BD%D0%BE%D0%B2%20%D0%B2%20%D0%AD%D0%BB%D0%B8%D1%81%D1%82%D0%B5.jpg,https://storage.yandexcloud.net/kraskideti/tours/%D0%9A%D0%B0%D1%82%D0%B0%D0%BD%D0%B8%D0%B5%20%D0%BD%D0%B0%20%D0%B2%D0%B5%D1%80%D0%B1%D0%BB%D1%8E%D0%B4%D0%B0%D1%85%20%D0%B2%20%D0%A1%D1%82%D1%80%D0%B0%D0%BD%D0%B5%20%D0%91%D1%83%D0%BC%D0%B1%D0%B0.jpg,,,,,,,,,,,,,,,,,,,,,,,,,,,,,,,
да,1088,"Фестиваль тюльпанов в Калмыкии: Элиста, хурулы и степные тюльпаны",festival-tyulpanov-kalmykiya-1-den,1,Amra Turistik,https://amra-turistik.ru/tours/festival-tyulpanov-v-kalmykii-12,https://storage.yandexcloud.net/kraskideti/tours/%D0%9A%D0%B0%D0%BB%D0%BC%D1%8B%D0%BA%D0%B8%D1%8F.webp,https://storage.yandexcloud.net/kraskideti/tours/%D0%97%D0%BE%D0%BB%D0%BE%D1%82%D0%B0%D1%8F%20%D0%BE%D0%B1%D0%B8%D1%82%D0%B5%D0%BB%D1%8C%20%D0%91%D1%83%D0%B4%D0%B4%D1%8B.jpg,https://storage.yandexcloud.net/kraskideti/tours/%D0%98%D0%BD%D1%82%D0%B5%D1%80%D0%B0%D0%BA%D1%82%D0%B8%D0%B2%D0%BD%D1%8B%D0%B9%20%D0%BC%D1%83%D0%B7%D0%B5%D0%B9%20%D0%BA%D0%BE%D1%87%D0%B5%D0%B2%D0%BE%D0%B9%20%D0%BA%D1%83%D0%BB%D1%8C%D1%82%D1%83%D1%80%D1%8B.webp,https://storage.yandexcloud.net/kraskideti/tours/%D0%A2%D1%8E%D0%BB%D1%8C%D0%BF%D0%B0%D0%BD%D1%8B%20%D0%A8%D1%80%D0%B5%D0%BD%D0%BA%D0%B0.webp,https://storage.yandexcloud.net/kraskideti/tours/%D0%A1%D0%B8%D1%82%D0%B8-%D0%A7%D0%B5%D1%81%D1%81.webp,https://storage.yandexcloud.net/kraskideti/tours/%D0%A1%D1%82%D0%B0%D1%80%D1%8B%D0%B9%20%D0%A5%D1%83%D1%80%D1%83%D0%BB.webp,https://storage.yandexcloud.net/kraskideti/tours/%D0%9D%D0%BE%D0%B2%D1%8B%D0%B9%20%D0%A5%D1%83%D1%80%D1%83%D0%BB.jpg,https://storage.yandexcloud.net/kraskideti/tours/%D0%A4%D0%B5%D1%81%D1%82%D0%B8%D0%B2%D0%B0%D0%BB%D1%8C%20%D1%82%D1%8E%D0%BB%D1%8C%D0%BF%D0%B0%D0%BD%D0%BE%D0%B2%20%D0%B2%20%D0%AD%D0%BB%D0%B8%D1%81%D1%82%D0%B5.jpg,,,,,,,,,,,,,,,,,,,,,,,,,,,,,,,,,
да,1089,Чегем и Язык тролля с красавицей Верхней Балкарией,chegem-yazyk-trollya-verhnyaya-balkariya-2-dnya,2,Amra Turistik,https://amra-turistik.ru/tours/chegem-i-yazyk-trollya-s-krasaviczej-verhnej-balkariej-14,https://storage.yandexcloud.net/kraskideti/tours/%D0%9F%D1%80%D0%B8%D1%8D%D0%BB%D1%8C%D0%B1%D1%80%D1%83%D1%81%D1%8C%D0%B5.webp,https://storage.yandexcloud.net/kraskideti/tours/%D0%A7%D0%B5%D0%B3%D0%B5%D0%BC%D1%81%D0%BA%D0%B8%D0%B5%20%D0%B2%D0%BE%D0%B4%D0%BE%D0%BF%D0%B0%D0%B4%D1%8B.jpg,https://storage.yandexcloud.net/kraskideti/tours/%D0%9F%D0%BE%D0%BB%D1%91%D1%82%D1%8B%20%D0%BD%D0%B0%20%D0%BF%D0%B0%D1%80%D0%B0%D0%BF%D0%BB%D0%B0%D0%BD%D0%B5%20%D0%BD%D0%B0%D0%B4%20%D0%A7%D0%B5%D0%B3%D0%B5%D0%BC%D0%BE%D0%BC.webp,https://storage.yandexcloud.net/kraskideti/tours/%D0%AF%D0%B7%D1%8B%D0%BA%20%D1%82%D1%80%D0%BE%D0%BB%D0%BB%D1%8F.jpg,https://storage.yandexcloud.net/kraskideti/tours/%D0%93%D0%BE%D0%BB%D1%83%D0%B1%D0%BE%D0%B5%20%D0%BE%D0%B7%D0%B5%D1%80%D0%BE.jpg,https://storage.yandexcloud.net/kraskideti/tours/%D0%A7%D0%B5%D1%80%D0%B5%D0%BA%D1%81%D0%BA%D0%B0%D1%8F%20%D1%82%D0%B5%D1%81%D0%BD%D0%B8%D0%BD%D0%B0.jpg,https://storage.yandexcloud.net/kraskideti/tours/%D0%AD%D0%BB%D1%8C-%D0%A2%D1%8E%D0%B1%D1%8E.jpg,https://storage.yandexcloud.net/kraskideti/tours/%D0%90%D0%B1%D0%B0%D0%B9-%D0%A1%D1%83.jpg,https://storage.yandexcloud.net/kraskideti/tours/%D0%AF%D0%B7%D1%8B%D0%BA%20%D1%82%D1%80%D0%BE%D0%BB%D0%BB%D1%8F.jpg,https://storage.yandexcloud.net/kraskideti/tours/%D0%A6%D0%B5%D1%80%D0%B8%D0%BA-%D0%9A%D0%B5%D0%BB%D1%8C.webp,https://storage.yandexcloud.net/kraskideti/tours/%D0%9A%D1%8E%D0%BD%D0%BD%D1%8E%D0%BC-%D0%AD%D0%BB%D1%8C.jpg,https://storage.yandexcloud.net/kraskideti/tours/%D0%97%D0%B0%D0%BC%D0%BE%D0%BA%20%D0%A8%D0%B0%D1%82%D0%BE-%D0%AD%D0%BA%D1%80%D0%B5%D0%BD.jpg,https://storage.yandexcloud.net/kraskideti/tours/%D0%92%D0%B5%D1%80%D1%85%D0%BD%D1%8F%D1%8F%20%D0%91%D0%B0%D0%BB%D0%BA%D0%B0%D1%80%D0%B8%D1%8F.jpg,https://storage.yandexcloud.net/kraskideti/tours/%D0%90%D0%B1%D0%B0%D0%B9-%D0%A1%D1%83.jpg,https://storage.yandexcloud.net/kraskideti/tours/%D0%A7%D0%B5%D0%B3%D0%B5%D0%BC%D1%81%D0%BA%D0%BE%D0%BC%20%D1%83%D1%89%D0%B5%D0%BB%D1%8C%D0%B5.jpeg,,,,,,,,,,,,,,,,,,,,,,,,,,
да,1090,Чечня и Северная Осетия за 4 дня,chechnya-osetiya-4-dnya,4,Amra Turistik,https://amra-turistik.ru/tours/tri-respubliki-kavkaza-chechnyaingushetiya-i-severnaya-osetiya-13,https://storage.yandexcloud.net/kraskideti/tours/%D0%90%D1%80%D0%B3%D1%83%D0%BD%D1%81%D0%BA%D0%BE%D0%B5%20%D1%83%D1%89%D0%B5%D0%BB%D1%8C%D0%B5.jpg,,,https://storage.yandexcloud.net/kraskideti/tours/%D0%9C%D0%B5%D1%87%D0%B5%D1%82%D1%8C%20%C2%AB%D0%A1%D0%B5%D1%80%D0%B4%D1%86%D0%B5%20%D0%A7%D0%B5%D1%87%D0%BD%D0%B8%C2%BB.jpg,https://storage.yandexcloud.net/kraskideti/tours/%D0%93%D0%BE%D1%80%D0%BE%D0%B4%20%D0%BC%D1%91%D1%80%D1%82%D0%B2%D1%8B%D1%85%20%D0%94%D0%B0%D1%80%D0%B3%D0%B0%D0%B2%D1%81.webp,https://storage.yandexcloud.net/kraskideti/tours/%D0%93%D1%80%D0%BE%D0%B7%D0%BD%D1%8B%D0%B9-%D0%A1%D0%B8%D1%82%D0%B8.png,https://storage.yandexcloud.net/kraskideti/tours/%D0%A7%D0%B0%D0%BD%D1%82%D1%8B-%D0%90%D1%80%D0%B3%D1%83%D0%BD.jpg,https://storage.yandexcloud.net/kraskideti/tours/%D0%9A%D0%BE%D0%BC%D0%BF%D0%BB%D0%B5%D0%BA%D1%81%20%D0%9F%D1%85%D0%B0%D0%BA%D0%BE%D1%87.jpeg,https://storage.yandexcloud.net/kraskideti/tours/%D0%9C%D0%BE%D1%81%D1%82%20%D0%9C%D0%B8%D1%80%D0%B0.jpg,https://storage.yandexcloud.net/kraskideti/tours/%D0%90%D1%80%D0%B3%D1%83%D0%BD%D1%81%D0%BA%D0%BE%D0%B5%20%D1%83%D1%89%D0%B5%D0%BB%D1%8C%D0%B5.jpg,https://storage.yandexcloud.net/kraskideti/tours/%D0%9D%D0%B8%D1%85%D0%B0%D0%BB%D0%BE%D0%B9%D1%81%D0%BA%D0%B8%D0%B5%20%D0%B2%D0%BE%D0%B4%D0%BE%D0%BF%D0%B0%D0%B4%D1%8B.jpg,https://storage.yandexcloud.net/kraskideti/tours/%D0%A6%D0%B5%D0%B9%D1%81%D0%BA%D0%BE%D0%B5%20%D1%83%D1%89%D0%B5%D0%BB%D1%8C%D0%B5.jpg,https://storage.yandexcloud.net/kraskideti/tours/%D0%9A%D0%B0%D1%80%D0%BC%D0%B0%D0%B4%D0%BE%D0%BD%D1%81%D0%BA%D0%BE%D0%B5%20%D1%83%D1%89%D0%B5%D0%BB%D1%8C%D0%B5.jpg,https://storage.yandexcloud.net/kraskideti/tours/%D0%9C%D0%B8%D0%B4%D0%B0%D0%B3%D1%80%D0%B0%D0%B1%D0%B8%D0%BD%D1%81%D0%BA%D0%B8%D0%B5%20%D0%B2%D0%BE%D0%B4%D0%BE%D0%BF%D0%B0%D0%B4%D1%8B.jpg,https://storage.yandexcloud.net/kraskideti/tours/%D0%92%D0%BB%D0%B0%D0%B4%D0%B8%D0%BA%D0%B0%D0%B2%D0%BA%D0%B0%D0%B7%20%E2%80%94%20%D0%90%D0%BB%D0%B0%D0%B3%D0%B8%D1%80%D1%81%D0%BA%D0%BE%D0%B5%20%D1%83%D1%89%D0%B5%D0%BB%D1%8C%D0%B5.webp,https://storage.yandexcloud.net/kraskideti/tours/%D0%9C%D0%B5%D1%87%D0%B5%D1%82%D1%8C%20%C2%AB%D0%A1%D0%B5%D1%80%D0%B4%D1%86%D0%B5%20%D0%A7%D0%B5%D1%87%D0%BD%D0%B8%C2%BB.jpg,https://storage.yandexcloud.net/kraskideti/tours/%D0%A0%D0%B5%D0%BA%D0%B0%20%D0%90%D1%80%D0%B3%D1%83%D0%BD.jpg,https://storage.yandexcloud.net/kraskideti/tours/%D0%9C%D0%B5%D1%87%D0%B5%D1%82%D1%8C%20%D0%9C%D1%83%D1%85%D1%82%D0%B0%D1%80%D0%BE%D0%B2%D0%B0.jpg,https://storage.yandexcloud.net/kraskideti/tours/%D0%9A%D1%80%D0%B5%D0%BF%D0%BE%D1%81%D1%82%D1%8C%20%D0%94%D0%B7%D0%B8%D0%B2%D0%B3%D0%B8%D1%81.jpg,https://storage.yandexcloud.net/kraskideti/tours/%D0%9A%D1%83%D1%80%D1%82%D0%B0%D1%82%D0%B8%D0%BD%D1%81%D0%BA%D0%BE%D0%B5%20%D1%83%D1%89%D0%B5%D0%BB%D1%8C%D0%B5.jpg,https://storage.yandexcloud.net/kraskideti/tours/%D0%9F%D0%B0%D0%BC%D1%8F%D1%82%D0%BD%D0%B8%D0%BA%20%D0%A3%D0%B0%D1%81%D1%82%D1%8B%D1%80%D0%B4%D0%B6%D0%B8%20%D0%B2%20%D1%81%D0%BA%D0%B0%D0%BB%D0%B5.webp,https://storage.yandexcloud.net/kraskideti/tours/%D0%98%D1%81%D1%82%D0%BE%D1%87%D0%BD%D0%B8%D0%BA%D0%B8%20%D0%91%D0%B8%D1%80%D0%B0%D0%B3%D0%B7%D0%B0%D0%BD%D0%B3.webp,https://storage.yandexcloud.net/kraskideti/tours/%D0%A6%D0%B5%D0%B9%D1%81%D0%BA%D0%B8%D0%B9%20%D0%BB%D0%B5%D0%B4%D0%BD%D0%B8%D0%BA.jpg,,,,,,,,,,,,,,,,,,
да,1091,Шато де Талю — Геленджик — Старый Парк,shato-de-talyu-gelendzhik-staryj-park,1,Amra Turistik,https://amra-turistik.ru/tours/romantichnyj-i-krasivyj-tur-na-poberezhe-zamok-shato-de-talyu-gelendzhik-i-stary-park,https://storage.yandexcloud.net/kraskideti/tours/%D0%9D%D0%B0%D0%B1%D0%B5%D1%80%D0%B5%D0%B6%D0%BD%D0%B0%D1%8F%20%D0%93%D0%B5%D0%BB%D0%B5%D0%BD%D0%B4%D0%B6%D0%B8%D0%BA%D0%B0.jpg,https://storage.yandexcloud.net/kraskideti/tours/%D0%A8%D0%B0%D1%82%D0%BE%20%D0%B4%D0%B5%20%D0%A2%D0%B0%D0%BB%D1%8E%20%E2%80%94%20%D0%93%D0%B5%D0%BB%D0%B5%D0%BD%D0%B4%D0%B6%D0%B8%D0%BA.jpg,https://storage.yandexcloud.net/kraskideti/tours/%D0%9D%D0%B0%D0%B1%D0%B5%D1%80%D0%B5%D0%B6%D0%BD%D0%B0%D1%8F%20%D0%9A%D0%B0%D0%B1%D0%B0%D1%80%D0%B4%D0%B8%D0%BD%D0%BA%D0%B8.jpg,https://storage.yandexcloud.net/kraskideti/tours/%D0%A1%D1%82%D0%B0%D1%80%D1%8B%D0%B9%20%D0%9F%D0%B0%D1%80%D0%BA%20%D0%B2%20%D0%9A%D0%B0%D0%B1%D0%B0%D1%80%D0%B4%D0%B8%D0%BD%D0%BA%D0%B5.jpg,,,,,,,,,,,,,,,,,,,,,,,,,,,,,,,,,,,,,
да,1092,Элиста и степи Калмыкии,elista-kalmykiya-1-den,1,Amra Turistik,https://amra-turistik.ru/tours/festival-tyulpanov-v-kalmykii-12,https://storage.yandexcloud.net/kraskideti/tours/%D0%9A%D0%B0%D0%BB%D0%BC%D1%8B%D0%BA%D0%B8%D1%8F.webp,https://storage.yandexcloud.net/kraskideti/tours/%D0%9D%D0%BE%D0%B2%D1%8B%D0%B9%20%D0%A5%D1%83%D1%80%D1%83%D0%BB.jpg,https://storage.yandexcloud.net/kraskideti/tours/%D0%92%D0%B5%D1%80%D1%85%D0%BD%D0%B8%D0%B9%20%D0%B3%D0%BE%D1%80%D0%BE%D0%B4.jpg,https://storage.yandexcloud.net/kraskideti/tours/%D0%A4%D0%B5%D1%81%D1%82%D0%B8%D0%B2%D0%B0%D0%BB%D1%8C%20%D1%82%D1%8E%D0%BB%D1%8C%D0%BF%D0%B0%D0%BD%D0%BE%D0%B2%20%D0%B2%20%D0%AD%D0%BB%D0%B8%D1%81%D1%82%D0%B5.jpg,https://storage.yandexcloud.net/kraskideti/tours/%D0%A1%D0%B8%D1%82%D0%B8-%D0%A7%D0%B5%D1%81%D1%81.webp,https://storage.yandexcloud.net/kraskideti/tours/%D0%A4%D0%B5%D1%81%D1%82%D0%B8%D0%B2%D0%B0%D0%BB%D1%8C%20%D1%82%D1%8E%D0%BB%D1%8C%D0%BF%D0%B0%D0%BD%D0%BE%D0%B2%20%D0%B2%20%D0%AD%D0%BB%D0%B8%D1%81%D1%82%D0%B5.jpg,,,,,,,,,,,,,,,,,,,,,,,,,,,,,,,,,,,
да,1093,Эльбрус и Чегемские водопады,elbrus-i-chegem,2,Amra Turistik,https://amra-turistik.ru/tours/puteshestvie-v-prielbruse-ozero-donguz-orun-kyol-terskolskoe-ushhele-i-vodopad-terskol-3,https://storage.yandexcloud.net/kraskideti/tours/%D0%9F%D1%80%D0%B8%D1%8D%D0%BB%D1%8C%D0%B1%D1%80%D1%83%D1%81%D1%8C%D0%B5.webp,https://storage.yandexcloud.net/kraskideti/tours/%D0%A7%D0%B5%D0%B3%D0%B5%D0%BC%D1%81%D0%BA%D0%B8%D0%B5%20%D0%B2%D0%BE%D0%B4%D0%BE%D0%BF%D0%B0%D0%B4%D1%8B.jpg,https://storage.yandexcloud.net/kraskideti/tours/%D0%A2%D0%B5%D1%80%D0%BC%D0%B0%D0%BB%D1%8C%D0%BD%D1%8B%D0%B5%20%D0%B8%D1%81%D1%82%D0%BE%D1%87%D0%BD%D0%B8%D0%BA%D0%B8.jpg,https://storage.yandexcloud.net/kraskideti/tours/%D0%91%D0%B0%D0%BA%D1%81%D0%B0%D0%BD%D1%81%D0%BA%D0%BE%D0%B5%20%D1%83%D1%89%D0%B5%D0%BB%D1%8C%D0%B5.jpg,https://storage.yandexcloud.net/kraskideti/tours/%D0%93%D0%B5%D0%B4%D1%83%D0%BA%D0%BE.jpg,https://storage.yandexcloud.net/kraskideti/tours/%D0%90%D0%B1%D0%B0%D0%B9-%D0%A1%D1%83.jpg,https://storage.yandexcloud.net/kraskideti/tours/%D0%A7%D0%B5%D0%B3%D0%B5%D1%82.jpg,,,,,,,,,,,,,,,,,,,,,,,,,,,,,,,,,,
да,1094,"Эстетика и волшебство: Шато-Андре, усадьба Семигорье и Абрау",shato-andre-semigorye-abrau,1,Amra Turistik,https://amra-turistik.ru/tours/estetika-i-volshebstvo-shato-andre-usadba-semigore-i-abrau-4,https://storage.yandexcloud.net/kraskideti/tours/%D0%93%D0%BE%D1%80%D1%8B%20%D0%9A%D0%BE%D0%BB%D0%B4%D1%83%D0%BD.jpg,https://storage.yandexcloud.net/kraskideti/tours/%D0%90%D0%B1%D1%80%D0%B0%D1%83%20%D0%B4%D1%8E%D1%80%D1%81%D0%BE.webp,https://storage.yandexcloud.net/kraskideti/tours/%D0%A8%D0%B0%D1%82%D0%BE-%D0%90%D0%BD%D0%B4%D1%80%D0%B5%20%E2%80%94%20%D0%A1%D0%B5%D0%BC%D0%B8%D0%B3%D0%BE%D1%80%D1%8C%D0%B5.jpg,https://storage.yandexcloud.net/kraskideti/tours/%D0%A3%D1%81%D0%B0%D0%B4%D1%8C%D0%B1%D0%B0%20%D0%A1%D0%B5%D0%BC%D0%B8%D0%B3%D0%BE%D1%80%D1%8C%D0%B5.webp,,,,,,,,,,,,,,,,,,,,,,,,,,,,,,,,,,,,,
да,1095,"Юго-Восточное побережье Крыма: Судак, Новый Свет и Феодосия",yugo-vostochnoe-poberezhe-kryma-sudak-novyj-svet,1,Amra Turistik,https://amra-turistik.ru/tours/yugo-vostochnoe-poberezhe-kryma-sudak-novyj-svet-i-feodosiya-3,https://storage.yandexcloud.net/kraskideti/tours/%D0%A2%D1%80%D0%BE%D0%BF%D0%B0%20%D0%93%D0%BE%D0%BB%D0%B8%D1%86%D1%8B%D0%BD%D0%B0..jpg,https://storage.yandexcloud.net/kraskideti/tours/%D0%93%D0%B5%D0%BD%D1%83%D1%8D%D0%B7%D1%81%D0%BA%D0%B0%D1%8F%20%D0%BA%D1%80%D0%B5%D0%BF%D0%BE%D1%81%D1%82%D1%8C%20XIV%20%D0%B2%D0%B5%D0%BA%D0%B0.jpg,https://storage.yandexcloud.net/kraskideti/tours/%D0%9A%D1%80%D1%8B%D0%BC%D1%81%D0%BA%D0%B8%D0%B9%20%D0%BC%D0%BE%D1%81%D1%82.avif,https://storage.yandexcloud.net/kraskideti/tours/%D0%9C%D1%8B%D1%81%20%D0%9A%D0%B0%D0%BF%D1%87%D0%B8%D0%BA.jpg,https://storage.yandexcloud.net/kraskideti/tours/%D0%A1%D1%83%D0%B4%D0%B0%D0%BA.webp,https://storage.yandexcloud.net/kraskideti/tours/%D0%A2%D1%80%D0%BE%D0%BF%D0%B0%20%D0%93%D0%BE%D0%BB%D0%B8%D1%86%D1%8B%D0%BD%D0%B0..jpg,https://storage.yandexcloud.net/kraskideti/tours/%D0%9A%D0%BE%D0%BD%D1%81%D1%83%D0%BB%D1%8C%D1%81%D0%BA%D0%B8%D0%B9%20%D0%B7%D0%B0%D0%BC%D0%BE%D0%BA.webp,https://storage.yandexcloud.net/kraskideti/tours/%D0%A4%D0%B5%D0%BE%D0%B4%D0%BE%D1%81%D0%B8%D1%8F%20%D0%BB%D1%83%D1%87%D1%88%D0%B5%D0%B8%20%D1%84%D0%BE%D1%82%D0%BE.webp,,,,,,,,,,,,,,,,,,,,,,,,,,,,,,,,,
да,1096,Язык тролля и Красавица Верхняя Балкария,yazyk-trollya-verhnyaya-balkariya-1-den,1,Amra Turistik,https://amra-turistik.ru/tours/yazyk-trollya-i-krasavicza-verhnyaya-balkariya-11,https://storage.yandexcloud.net/kraskideti/tours/%D0%92%D0%B5%D1%80%D1%85%D0%BD%D1%8F%D1%8F%20%D0%91%D0%B0%D0%BB%D0%BA%D0%B0%D1%80%D0%B8%D1%8F.jpg,https://storage.yandexcloud.net/kraskideti/tours/%D0%AF%D0%B7%D1%8B%D0%BA%20%D1%82%D1%80%D0%BE%D0%BB%D0%BB%D1%8F.jpg,https://storage.yandexcloud.net/kraskideti/tours/%D0%93%D0%BE%D0%BB%D1%83%D0%B1%D0%BE%D0%B5%20%D0%BE%D0%B7%D0%B5%D1%80%D0%BE.jpg,https://storage.yandexcloud.net/kraskideti/tours/%D0%A7%D0%B5%D1%80%D0%B5%D0%BA%D1%81%D0%BA%D0%B0%D1%8F%20%D1%82%D0%B5%D1%81%D0%BD%D0%B8%D0%BD%D0%B0.jpg,https://storage.yandexcloud.net/kraskideti/tours/%D0%97%D0%B0%D0%BC%D0%BE%D0%BA%20%D0%A8%D0%B0%D1%82%D0%BE-%D0%AD%D0%BA%D1%80%D0%B5%D0%BD.jpg,https://storage.yandexcloud.net/kraskideti/tours/%D0%A6%D0%B5%D1%80%D0%B8%D0%BA-%D0%9A%D0%B5%D0%BB%D1%8C.webp,https://storage.yandexcloud.net/kraskideti/tours/%D0%92%D0%B5%D1%80%D1%85%D0%BD%D1%8F%D1%8F%20%D0%91%D0%B0%D0%BB%D0%BA%D0%B0%D1%80%D0%B8%D1%8F.jpg,https://storage.yandexcloud.net/kraskideti/tours/%D0%97%D0%B0%D0%BC%D0%BE%D0%BA%20%D0%A8%D0%B0%D1%82%D0%BE-%D0%AD%D0%BA%D1%80%D0%B5%D0%BD.jpg,,,,,,,,,,,,,,,,,,,,,,,,,,,,,,,,,
да,1097,Белые ночи Петербурга — 4 дня,peterburg-belye-nochi-4-dnya,4,Большая Страна,https://bolshayastrana.com/sankt-peterburg/belye-nochi-v-severnoj-stolice-362802,https://storage.yandexcloud.net/kraskideti/tours/%D0%91%D0%B5%D0%BB%D1%8B%D0%B5%20%D0%BD%D0%BE%D1%87%D0%B8%20%D0%9F%D0%B5%D1%82%D0%B5%D1%80%D0%B1%D1%83%D1%80%D0%B3%D0%B0.jpg,https://storage.yandexcloud.net/kraskideti/tours/%D0%AE%D1%81%D1%83%D0%BF%D0%BE%D0%B2%D1%81%D0%BA%D0%B8%D0%B9%20%D0%B4%D0%B2%D0%BE%D1%80%D0%B5%D1%86.jpg,https://storage.yandexcloud.net/kraskideti/tours/%D0%AF%D0%BD%D1%82%D0%B0%D1%80%D0%BD%D0%B0%D1%8F%20%D0%BA%D0%BE%D0%BC%D0%BD%D0%B0%D1%82%D0%B0%20%D0%B2%20%D0%A6%D0%B0%D1%80%D1%81%D0%BA%D0%BE%D0%BC%20%D0%A1%D0%B5%D0%BB%D0%B5.jpg,https://storage.yandexcloud.net/kraskideti/tours/%D0%AD%D1%80%D0%BC%D0%B8%D1%82%D0%B0%D0%B6%20%D0%B8%20%D0%9F%D0%B5%D1%82%D0%B5%D1%80%D0%B3%D0%BE%D1%84.webp,https://storage.yandexcloud.net/kraskideti/tours/%D0%A4%D0%BE%D0%BD%D1%82%D0%B0%D0%BD%D1%8B%20%D0%9F%D0%B5%D1%82%D0%B5%D1%80%D0%B3%D0%BE%D1%84%D0%B0.jpg,https://storage.yandexcloud.net/kraskideti/tours/%D0%98%D1%81%D0%B0%D0%B0%D0%BA%D0%B8%D0%B5%D0%B2%D1%81%D0%BA%D0%B8%D0%B9%20%D1%81%D0%BE%D0%B1%D0%BE%D1%80..jpg,https://storage.yandexcloud.net/kraskideti/tours/%D0%A4%D0%BE%D0%BD%D1%82%D0%B0%D0%BD%D1%8B%20%D0%9F%D0%B5%D1%82%D0%B5%D1%80%D0%B3%D0%BE%D1%84%D0%B0.jpg,https://storage.yandexcloud.net/kraskideti/tours/%D0%A1%D0%B5%D0%BB%D0%BE%20%D0%90%D0%B4%D1%8B%D0%BA.jpg,https://storage.yandexcloud.net/kraskideti/tours/%D0%95%D0%BA%D0%B0%D1%82%D0%B5%D1%80%D0%B8%D0%BD%D0%B8%D0%BD%D1%81%D0%BA%D0%B8%D0%B9%20%D0%B4%D0%B2%D0%BE%D1%80%D0%B5%D1%86.jpg,https://storage.yandexcloud.net/kraskideti/tours/%D0%9F%D0%B5%D1%82%D1%80%D0%BE%D0%BF%D0%B0%D0%B2%D0%BB%D0%BE%D0%B2%D1%81%D0%BA%D0%B0%D1%8F%20%D0%BA%D1%80%D0%B5%D0%BF%D0%BE%D1%81%D1%82%D1%8C.jpg,https://storage.yandexcloud.net/kraskideti/tours/%D0%9D%D0%B5%D0%B2%D1%81%D0%BA%D0%B8%D0%B9%20%D0%BF%D1%80%D0%BE%D1%81%D0%BF%D0%B5%D0%BA%D1%82.jpeg,,https://storage.yandexcloud.net/kraskideti/tours/%D0%A4%D0%B8%D0%BD%D1%81%D0%BA%D0%B8%D0%B9%20%D0%B7%D0%B0%D0%BB%D0%B8%D0%B2.jpg,,,,https://storage.yandexcloud.net/kraskideti/tours/%D0%9F%D0%BB%D0%BE%D1%89%D0%B0%D0%B4%D1%8C%20%D0%92%D0%BE%D1%81%D1%81%D1%82%D0%B0%D0%BD%D0%B8%D1%8F.jpg,https://storage.yandexcloud.net/kraskideti/tours/%D0%91%D0%B5%D0%BB%D1%8B%D0%B5%20%D0%BD%D0%BE%D1%87%D0%B8%20%D0%9F%D0%B5%D1%82%D0%B5%D1%80%D0%B1%D1%83%D1%80%D0%B3%D0%B0.jpg,,,,,,,,,,,,,,,,,,,,,,,
да,1098,Блистательный Петербург — 3 дня,peterburg-blistatelnyj-3-dnya,3,Большая Страна,https://bolshayastrana.com/sankt-peterburg/peterburg-lajt-3-dnya-366293,https://storage.yandexcloud.net/kraskideti/tours/%D0%91%D0%B5%D0%BB%D1%8B%D0%B5%20%D0%BD%D0%BE%D1%87%D0%B8%20%D0%9F%D0%B5%D1%82%D0%B5%D1%80%D0%B1%D1%83%D1%80%D0%B3%D0%B0.jpg,https://storage.yandexcloud.net/kraskideti/tours/%D0%91%D0%BE%D0%BB%D1%8C%D1%88%D0%BE%D0%B9%20%D0%9F%D0%B5%D1%82%D0%B5%D1%80%D0%B3%D0%BE%D1%84%D1%81%D0%BA%D0%B8%D0%B9%20%D0%B4%D0%B2%D0%BE%D1%80%D0%B5%D1%86%20%D0%B8%D0%B7%D0%BD%D1%83%D1%82%D1%80%D0%B8.jpg,https://storage.yandexcloud.net/kraskideti/tours/%D0%A4%D0%BE%D0%BD%D1%82%D0%B0%D0%BD%D1%8B%20%D0%9F%D0%B5%D1%82%D0%B5%D1%80%D0%B3%D0%BE%D1%84%D0%B0.jpg,https://storage.yandexcloud.net/kraskideti/tours/%D0%AD%D1%80%D0%BC%D0%B8%D1%82%D0%B0%D0%B6%20%D0%B8%20%D0%9F%D0%B5%D1%82%D0%B5%D1%80%D0%B3%D0%BE%D1%84.webp,https://storage.yandexcloud.net/kraskideti/tours/%D0%98%D1%81%D0%B0%D0%B0%D0%BA%D0%B8%D0%B5%D0%B2%D1%81%D0%BA%D0%B8%D0%B9%20%D1%81%D0%BE%D0%B1%D0%BE%D1%80..jpg,https://storage.yandexcloud.net/kraskideti/tours/%D0%A2%D0%B5%D0%BF%D0%BB%D0%BE%D1%85%D0%BE%D0%B4%20%D0%BF%D0%BE%20%D1%80%D0%B5%D0%BA%D0%B0%D0%BC.jpg,https://storage.yandexcloud.net/kraskideti/tours/%D0%9D%D0%B5%D0%B2%D1%81%D0%BA%D0%B8%D0%B9%20%D0%BF%D1%80%D0%BE%D1%81%D0%BF%D0%B5%D0%BA%D1%82.jpeg,https://storage.yandexcloud.net/kraskideti/tours/%D0%A4%D0%B8%D0%BD%D1%81%D0%BA%D0%B8%D0%B9%20%D0%B7%D0%B0%D0%BB%D0%B8%D0%B2.jpg,https://storage.yandexcloud.net/kraskideti/tours/%D0%9A%D0%B0%D0%B7%D0%B0%D0%BD%D1%81%D0%BA%D0%B8%D0%B9%20%D1%81%D0%BE%D0%B1%D0%BE%D1%80.jpg,https://storage.yandexcloud.net/kraskideti/tours/%D0%A4%D0%BE%D0%BD%D1%82%D0%B0%D0%BD%D1%8B%20%D0%9F%D0%B5%D1%82%D0%B5%D1%80%D0%B3%D0%BE%D1%84%D0%B0.jpg,https://storage.yandexcloud.net/kraskideti/tours/%D0%91%D0%B0%D1%85%D1%87%D0%B8%D1%81%D0%B0%D1%80%D0%B0%D0%B9%20%D0%B8%20%D0%A5%D0%B0%D0%BD%D1%81%D0%BA%D0%B8%D0%B9%20%D0%B4%D0%B2%D0%BE%D1%80%D0%B5%D1%86.jpg,https://storage.yandexcloud.net/kraskideti/tours/%D0%91%D0%BE%D0%BB%D1%8C%D1%88%D0%BE%D0%B9%20%D0%9F%D0%B5%D1%82%D0%B5%D1%80%D0%B3%D0%BE%D1%84%D1%81%D0%BA%D0%B8%D0%B9%20%D0%B4%D0%B2%D0%BE%D1%80%D0%B5%D1%86%20%D0%B8%D0%B7%D0%BD%D1%83%D1%82%D1%80%D0%B8.jpg,,,https://storage.yandexcloud.net/kraskideti/tours/%D0%91%D0%B5%D0%BB%D1%8B%D0%B5%20%D0%BD%D0%BE%D1%87%D0%B8%20%D0%9F%D0%B5%D1%82%D0%B5%D1%80%D0%B1%D1%83%D1%80%D0%B3%D0%B0.jpg,https://storage.yandexcloud.net/kraskideti/tours/%D0%A0%D0%B0%D0%B7%D0%B2%D0%BE%D0%B4%D0%BD%D1%8B%D0%B5%20%D0%BC%D0%BE%D1%81%D1%82%D1%8B%20%D0%9F%D0%B5%D1%82%D0%B5%D1%80%D0%B1%D1%83%D1%80%D0%B3%D0%B0.jpg,https://storage.yandexcloud.net/kraskideti/tours/%D0%91%D0%B5%D0%BB%D1%8B%D0%B5%20%D0%BD%D0%BE%D1%87%D0%B8%20%D0%9F%D0%B5%D1%82%D0%B5%D1%80%D0%B1%D1%83%D1%80%D0%B3%D0%B0.jpg,,,,,,,,,,,,,,,,,,,,,,,,
да,1099,Города Золотой Руси,goroda-zolotoj-rusi-5-dnej,5,Большая Страна,https://bolshayastrana.com/tury-po-zolotomu-kolcu/goroda-zolotoj-rusi-247031,https://storage.yandexcloud.net/kraskideti/tours/%D0%97%D0%BE%D0%BB%D0%BE%D1%82%D0%BE%D0%B9%20%D0%9A%D0%B0%D0%B7%D0%B0%D0%BD.webp,https://storage.yandexcloud.net/kraskideti/tours/%D0%9F%D0%BB%D1%91%D1%81.jpg,https://storage.yandexcloud.net/kraskideti/tours/%D0%90%D0%BB%D0%B5%D0%BA%D1%81%D0%B0%D0%BD%D0%B4%D1%80%D0%BE%D0%B2%D1%81%D0%BA%D0%B0%D1%8F%20%D1%81%D0%BB%D0%BE%D0%B1%D0%BE%D0%B4%D0%B0%20%D0%98%D0%B2%D0%B0%D0%BD%D0%B0%20%D0%93%D1%80%D0%BE%D0%B7%D0%BD%D0%BE%D0%B3%D0%BE.webp,https://storage.yandexcloud.net/kraskideti/tours/%D0%9D%D0%B0%20%D0%A1%D1%8B%D1%82%D0%BD%D0%BE%D0%BC%20%D0%B4%D0%B2%D0%BE%D1%80%D0%B5%20%D0%98%D0%B2%D0%B0%D0%BD%D0%B0%20%D0%93%D1%80%D0%BE%D0%B7%D0%BD%D0%BE%D0%B3%D0%BE.webp,,,https://storage.yandexcloud.net/kraskideti/tours/%D0%A6%D0%B5%D1%80%D0%BA%D0%BE%D0%B2%D1%8C%20%D0%9F%D0%BE%D0%BA%D1%80%D0%BE%D0%B2%D0%B0%20%D0%BD%D0%B0%20%D0%9D%D0%B5%D1%80%D0%BB%D0%B8.webp,https://storage.yandexcloud.net/kraskideti/tours/%D0%A2%D1%80%D0%BE%D0%B8%D1%86%D0%B5-%D0%A1%D0%B5%D1%80%D0%B3%D0%B8%D0%B5%D0%B2%D0%B0%20%D0%9B%D0%B0%D0%B2%D1%80%D0%B0%20%E2%80%94%20%D0%AE%D0%9D%D0%95%D0%A1%D0%9A%D0%9E.jpg,https://storage.yandexcloud.net/kraskideti/tours/%D0%9D%D0%B0%20%D0%A1%D1%8B%D1%82%D0%BD%D0%BE%D0%BC%20%D0%B4%D0%B2%D0%BE%D1%80%D0%B5%20%D0%98%D0%B2%D0%B0%D0%BD%D0%B0%20%D0%93%D1%80%D0%BE%D0%B7%D0%BD%D0%BE%D0%B3%D0%BE.webp,https://storage.yandexcloud.net/kraskideti/tours/%D0%9F%D0%B5%D1%80%D0%B5%D1%81%D0%BB%D0%B0%D0%B2%D0%BB%D1%8C-%D0%97%D0%B0%D0%BB%D0%B5%D1%81%D1%81%D0%BA%D0%B8%D0%B9.webp,https://storage.yandexcloud.net/kraskideti/tours/%D0%93%D0%BE%D1%80%D0%B0%20%D0%A1%D0%B0%D0%BC%D0%BF%D0%BE.jpg,https://storage.yandexcloud.net/kraskideti/tours/%D0%A1%D1%82%D0%B0%D1%80%D1%8B%D0%B9%20%D0%9F%D0%B0%D1%80%D0%BA%20%D0%B2%20%D0%9A%D0%B0%D0%B1%D0%B0%D1%80%D0%B4%D0%B8%D0%BD%D0%BA%D0%B5.jpg,https://storage.yandexcloud.net/kraskideti/tours/%D0%A4%D0%BE%D1%80%D0%BE%D1%81%D1%81%D0%BA%D0%B8%D0%B9%20%D1%85%D1%80%D0%B0%D0%BC.jpg,https://storage.yandexcloud.net/kraskideti/tours/%D0%91%D0%BB%D0%B0%D0%B3%D0%BE%D0%B2%D0%B5%D1%89%D0%B5%D0%BD%D1%81%D0%BA%D0%B8%D0%B9%20%D1%81%D0%BE%D0%B1%D0%BE%D1%80.jpg,https://storage.yandexcloud.net/kraskideti/tours/%D0%94%D0%BC%D0%B8%D1%82%D1%80%D0%B8%D0%B5%D0%B2%D1%81%D0%BA%D0%B8%D0%B9%20%D1%81%D0%BE%D0%B1%D0%BE%D1%80.jpg,https://storage.yandexcloud.net/kraskideti/tours/%D0%91%D0%BB%D0%B0%D0%B3%D0%BE%D0%B2%D0%B5%D1%89%D0%B5%D0%BD%D1%81%D0%BA%D0%B8%D0%B9%20%D1%81%D0%BE%D0%B1%D0%BE%D1%80.jpg,https://storage.yandexcloud.net/kraskideti/tours/%D0%A1%D1%83%D0%B7%D0%B4%D0%B0%D0%BB%D1%8C%D1%81%D0%BA%D0%B8%D0%B9%20%D0%BA%D1%80%D0%B5%D0%BC%D0%BB%D1%8C.jpg,https://storage.yandexcloud.net/kraskideti/tours/%D0%A0%D0%BE%D0%B6%D0%B4%D0%B5%D1%81%D1%82%D0%B2%D0%B5%D0%BD%D1%81%D0%BA%D0%B8%D0%B9%20%D1%81%D0%BE%D0%B1%D0%BE%D1%80.jpg,https://storage.yandexcloud.net/kraskideti/tours/%D0%9F%D0%BE%D0%BA%D1%80%D0%BE%D0%B2%D1%81%D0%BA%D0%B8%D0%B9%20%D0%BC%D0%BE%D0%BD%D0%B0%D1%81%D1%82%D1%8B%D1%80%D1%8C.webp,https://storage.yandexcloud.net/kraskideti/tours/%D0%A1%D0%BF%D0%B0%D1%81%D0%BE-%D0%9F%D1%80%D0%B5%D0%BE%D0%B1%D1%80%D0%B0%D0%B6%D0%B5%D0%BD%D1%81%D0%BA%D0%B8%D0%B9.jpeg,https://storage.yandexcloud.net/kraskideti/tours/%D0%A1%D0%BF%D0%B0%D1%81%D0%BE-%D0%9F%D1%80%D0%B5%D0%BE%D0%B1%D1%80%D0%B0%D0%B6%D0%B5%D0%BD%D1%81%D0%BA%D0%B8%D0%B9.jpeg,https://storage.yandexcloud.net/kraskideti/tours/%D0%A6%D0%B5%D1%80%D0%BA%D0%BE%D0%B2%D1%8C%20%D0%98%D0%BB%D1%8C%D0%B8.webp,https://storage.yandexcloud.net/kraskideti/tours/%D0%9D%D0%B0%D0%B1%D0%B5%D1%80%D0%B5%D0%B6%D0%BD%D0%B0%D1%8F%20%D0%92%D0%BE%D0%BB%D0%B3%D0%B8.webp,https://storage.yandexcloud.net/kraskideti/tours/%D0%98%D0%BF%D0%B0%D1%82%D1%8C%D0%B5%D0%B2%D1%81%D0%BA%D0%B8%D0%B9%20%D0%BC%D0%BE%D0%BD%D0%B0%D1%81%D1%82%D1%8B%D1%80%D1%8C.jpg,https://storage.yandexcloud.net/kraskideti/tours/%D0%98%D0%BF%D0%B0%D1%82%D1%8C%D0%B5%D0%B2%D1%81%D0%BA%D0%B8%D0%B9%20%D0%BC%D0%BE%D0%BD%D0%B0%D1%81%D1%82%D1%8B%D1%80%D1%8C.jpg,https://storage.yandexcloud.net/kraskideti/tours/%D0%9A%D0%BE%D1%81%D1%82%D1%80%D0%BE%D0%BC%D1%81%D0%BA%D0%BE%D0%B9%20%D0%BA%D1%80%D0%B5%D0%BC%D0%BB%D1%8C.png,https://storage.yandexcloud.net/kraskideti/tours/%D0%90%D0%BB%D0%B5%D0%BA%D1%81%D0%B0%D0%BD%D0%B4%D1%80%D0%BE%D0%B2%D1%81%D0%BA%D0%B8%D0%B9%20%D0%BA%D1%80%D0%B5%D0%BC%D0%BB%D1%8C.jpg,https://storage.yandexcloud.net/kraskideti/tours/%D0%90%D0%BB%D0%B5%D0%BA%D1%81%D0%B0%D0%BD%D0%B4%D1%80%D0%BE%D0%B2%D1%81%D0%BA%D0%B8%D0%B9%20%D0%BA%D1%80%D0%B5%D0%BC%D0%BB%D1%8C.jpg,https://storage.yandexcloud.net/kraskideti/tours/%D0%9C%D1%83%D0%B7%D0%B5%D0%B9%20%D1%84%D0%B8%D0%BD%D0%B8%D1%84%D1%82%D0%B8.jpg,https://storage.yandexcloud.net/kraskideti/tours/%D0%A0%D0%BE%D1%81%D1%82%D0%BE%D0%B2%D1%81%D0%BA%D0%B8%D0%B9%20%D0%BA%D1%80%D0%B5%D0%BC%D0%BB%D1%8C.jpg,https://storage.yandexcloud.net/kraskideti/tours/%D0%91%D0%BB%D0%B0%D0%B3%D0%BE%D0%B2%D0%B5%D1%89%D0%B5%D0%BD%D1%81%D0%BA%D0%B8%D0%B9%20%D1%81%D0%BE%D0%B1%D0%BE%D1%80.jpg,https://storage.yandexcloud.net/kraskideti/tours/%D0%9D%D0%B0%20%D0%A1%D1%8B%D1%82%D0%BD%D0%BE%D0%BC%20%D0%B4%D0%B2%D0%BE%D1%80%D0%B5%20%D0%98%D0%B2%D0%B0%D0%BD%D0%B0%20%D0%93%D1%80%D0%BE%D0%B7%D0%BD%D0%BE%D0%B3%D0%BE.webp,https://storage.yandexcloud.net/kraskideti/tours/%D0%90%D0%BB%D0%B5%D0%BA%D1%81%D0%B0%D0%BD%D0%B4%D1%80%D0%BE%D0%B2%D1%81%D0%BA%D0%B8%D0%B9%20%D0%BA%D1%80%D0%B5%D0%BC%D0%BB%D1%8C.jpg,https://storage.yandexcloud.net/kraskideti/tours/%D0%94%D0%BE%D0%BC-%D0%BA%D0%BE%D1%80%D0%B0%D0%B1%D0%BB%D1%8C.jpg,https://storage.yandexcloud.net/kraskideti/tours/%D0%A6%D0%B5%D1%80%D0%BA%D0%BE%D0%B2%D1%8C%20%D0%9F%D0%BE%D0%BA%D1%80%D0%BE%D0%B2%D0%B0%20%D0%BD%D0%B0%20%D0%9D%D0%B5%D1%80%D0%BB%D0%B8.webp,https://storage.yandexcloud.net/kraskideti/tours/%D0%9C%D1%83%D0%B7%D0%B5%D0%B9%20%D0%B8%D0%B2%D0%B0%D0%BD%D0%BE%D0%B2%D1%81%D0%BA%D0%BE%D0%B3%D0%BE%20%D1%81%D0%B8%D1%82%D1%86%D0%B0.jpg,https://storage.yandexcloud.net/kraskideti/tours/%D0%A0%D0%BE%D1%81%D0%BF%D0%B8%D1%81%D0%B8%20%D0%BA%D0%BE%D1%81%D1%82%D1%91%D0%BB%D0%B0%20%D0%B2%20%D0%A1%D0%BE%D0%BB%D0%B0%D1%85.jpg,https://storage.yandexcloud.net/kraskideti/tours/%D0%A0%D0%BE%D1%81%D1%82%D0%BE%D0%B2%D1%81%D0%BA%D0%B8%D0%B9%20%D0%BA%D1%80%D0%B5%D0%BC%D0%BB%D1%8C.jpg,,,
да,1100,Золотая Казань,kazan-zolotaya-3-dnya,3,Большая Страна,https://bolshayastrana.com/tatarstan/dobro-pozhalovat-v-kazan-sokrashchennaya-programma-239877,https://storage.yandexcloud.net/kraskideti/tours/%D0%9A%D0%B0%D0%B7%D0%B0%D0%BD%D1%81%D0%BA%D0%B8%D0%B9%20%D0%9A%D1%80%D0%B5%D0%BC%D0%BB%D1%8C%20%E2%80%94%20%D0%AE%D0%9D%D0%95%D0%A1%D0%9A%D0%9E%2C%20%D0%BC%D0%B5%D1%87%D0%B5%D1%82%D1%8C%20%D0%9A%D1%83%D0%BB-%D0%A8%D0%B0%D1%80%D0%B8%D1%84.webp,https://storage.yandexcloud.net/kraskideti/tours/%D0%9A%D0%B0%D0%B7%D0%B0%D0%BD%D1%81%D0%BA%D0%B8%D0%B9%20%D0%9A%D1%80%D0%B5%D0%BC%D0%BB%D1%8C%20%E2%80%94%20%D0%AE%D0%9D%D0%95%D0%A1%D0%9A%D0%9E%2C%20%D0%BC%D0%B5%D1%87%D0%B5%D1%82%D1%8C%20%D0%9A%D1%83%D0%BB-%D0%A8%D0%B0%D1%80%D0%B8%D1%84.webp,https://storage.yandexcloud.net/kraskideti/tours/%D0%91%D0%B0%D1%88%D0%BD%D1%8F%20%D0%A1%D1%8E%D1%8E%D0%BC%D0%B1%D0%B8%D0%BA%D0%B5%20%E2%80%94%20%C2%AB%D0%BF%D0%B0%D0%B4%D0%B0%D1%8E%D1%89%D0%B0%D1%8F%20%D0%B1%D0%B0%D1%88%D0%BD%D1%8F%C2%BB%20%D0%9A%D0%B0%D0%B7%D0%B0%D0%BD%D0%B8.jpg,https://storage.yandexcloud.net/kraskideti/tours/%D0%9C%D1%83%D0%B7%D0%B5%D0%B9%20%C2%AB%D0%93%D0%BE%D1%80%D0%BE%D0%B4%D1%81%D0%BA%D0%B0%D1%8F%20%D0%BF%D0%B0%D0%BD%D0%BE%D1%80%D0%B0%D0%BC%D0%B0%C2%BB.jpg,https://storage.yandexcloud.net/kraskideti/tours/%D0%A1%D0%B2%D0%B8%D1%8F%D0%B6%D1%81%D0%BA%20XVII%20%D0%B2%D0%B5%D0%BA%D0%B0.webp,https://storage.yandexcloud.net/kraskideti/tours/%D0%A1%D1%82%D0%B0%D1%80%D0%BE-%D0%A2%D0%B0%D1%82%D0%B0%D1%80%D1%81%D0%BA%D0%B0%D1%8F.jpg,https://storage.yandexcloud.net/kraskideti/tours/%D0%A2%D1%83%D0%B3%D0%B0%D0%BD%20%D0%B0%D0%B2%D1%8B%D0%BB%D1%8B%D0%BC.webp,https://storage.yandexcloud.net/kraskideti/tours/%D0%A1%D1%82%D0%B0%D1%80%D0%BE-%D0%A2%D0%B0%D1%82%D0%B0%D1%80%D1%81%D0%BA%D0%B0%D1%8F.jpg,https://storage.yandexcloud.net/kraskideti/tours/%D0%9F%D0%BB%D0%BE%D1%89%D0%B0%D0%B4%D1%8C%20%D0%A1%D0%B2%D0%BE%D0%B1%D0%BE%D0%B4%D1%8B.jpg,https://storage.yandexcloud.net/kraskideti/tours/%D0%A0%D0%B0%D0%B8%D1%84%D1%81%D0%BA%D0%B8%D0%B9%20%D0%BC%D0%BE%D0%BD%D0%B0%D1%81%D1%82%D1%8B%D1%80%D1%8C.jpg,https://storage.yandexcloud.net/kraskideti/tours/%D0%91%D0%B0%D1%88%D0%BD%D1%8F%20%D0%A1%D1%8E%D1%8E%D0%BC%D0%B1%D0%B8%D0%BA%D0%B5%20%E2%80%94%20%C2%AB%D0%BF%D0%B0%D0%B4%D0%B0%D1%8E%D1%89%D0%B0%D1%8F%20%D0%B1%D0%B0%D1%88%D0%BD%D1%8F%C2%BB%20%D0%9A%D0%B0%D0%B7%D0%B0%D0%BD%D0%B8.jpg,https://storage.yandexcloud.net/kraskideti/tours/%D0%94%D1%80%D0%B5%D0%B2%D0%BD%D0%B8%D0%B9%20%D0%94%D0%B5%D1%80%D0%B1%D0%B5%D0%BD%D1%82.jpg,https://storage.yandexcloud.net/kraskideti/tours/%D0%9A%D0%B0%D0%B7%D0%B0%D0%BD%D1%81%D0%BA%D0%B8%D0%B9%20%D0%9A%D1%80%D0%B5%D0%BC%D0%BB%D1%8C%20%E2%80%94%20%D0%AE%D0%9D%D0%95%D0%A1%D0%9A%D0%9E%2C%20%D0%BC%D0%B5%D1%87%D0%B5%D1%82%D1%8C%20%D0%9A%D1%83%D0%BB-%D0%A8%D0%B0%D1%80%D0%B8%D1%84.webp,https://storage.yandexcloud.net/kraskideti/tours/%D0%9A%D0%B0%D0%B7%D0%B0%D0%BD%D1%81%D0%BA%D0%B8%D0%B9%20%D0%9A%D1%80%D0%B5%D0%BC%D0%BB%D1%8C%20%E2%80%94%20%D0%AE%D0%9D%D0%95%D0%A1%D0%9A%D0%9E%2C%20%D0%BC%D0%B5%D1%87%D0%B5%D1%82%D1%8C%20%D0%9A%D1%83%D0%BB-%D0%A8%D0%B0%D1%80%D0%B8%D1%84.webp,https://storage.yandexcloud.net/kraskideti/tours/%D0%91%D0%BB%D0%B0%D0%B3%D0%BE%D0%B2%D0%B5%D1%89%D0%B5%D0%BD%D1%81%D0%BA%D0%B8%D0%B9%20%D1%81%D0%BE%D0%B1%D0%BE%D1%80.jpg,,https://storage.yandexcloud.net/kraskideti/tours/%D0%A1%D0%B2%D0%B8%D1%8F%D0%B6%D1%81%D0%BA%20XVII%20%D0%B2%D0%B5%D0%BA%D0%B0.webp,,https://storage.yandexcloud.net/kraskideti/tours/%D0%91%D0%BB%D0%B0%D0%B3%D0%BE%D0%B2%D0%B5%D1%89%D0%B5%D0%BD%D1%81%D0%BA%D0%B8%D0%B9%20%D1%81%D0%BE%D0%B1%D0%BE%D1%80.jpg,https://storage.yandexcloud.net/kraskideti/tours/%D0%A3%D1%81%D0%BF%D0%B5%D0%BD%D1%81%D0%BA%D0%B8%D0%B9%20%D0%BC%D0%BE%D0%BD%D0%B0%D1%81%D1%82%D1%8B%D1%80%D1%8C.webp,https://storage.yandexcloud.net/kraskideti/tours/%D0%A1%D0%B2%D0%B8%D1%8F%D0%B6%D1%81%D0%BA%20XVII%20%D0%B2%D0%B5%D0%BA%D0%B0.webp,,,,,,,,,,,,,,,,,,,,
да,1101,Золотое кольцо за выходные,zolotoe-kolco-weekend-2-dnya,2,Большая Страна,https://bolshayastrana.com/tury-po-zolotomu-kolcu/na-2-dnya,https://storage.yandexcloud.net/kraskideti/tours/%D0%93%D0%BE%D0%BB%D1%83%D0%B1%D0%BE%D0%B5%20%D0%BE%D0%B7%D0%B5%D1%80%D0%BE.jpg,https://storage.yandexcloud.net/kraskideti/tours/%D0%A0%D0%BE%D1%81%D1%82%D0%BE%D0%B2%D1%81%D0%BA%D0%B8%D0%B9%20%D0%BA%D1%80%D0%B5%D0%BC%D0%BB%D1%8C.jpg,https://storage.yandexcloud.net/kraskideti/tours/%D0%A1%D0%BF%D0%B0%D1%81%D0%BE-%D0%9F%D1%80%D0%B5%D0%BE%D0%B1%D1%80%D0%B0%D0%B6%D0%B5%D0%BD%D1%81%D0%BA%D0%B8%D0%B9.jpeg,https://storage.yandexcloud.net/kraskideti/tours/%D0%98%D0%BF%D0%B0%D1%82%D1%8C%D0%B5%D0%B2%D1%81%D0%BA%D0%B8%D0%B9%20%D0%BC%D0%BE%D0%BD%D0%B0%D1%81%D1%82%D1%8B%D1%80%D1%8C.jpg,,https://storage.yandexcloud.net/kraskideti/tours/%D0%90%D0%BB%D0%B5%D0%BA%D1%81%D0%B0%D0%BD%D0%B4%D1%80%D0%BE%D0%B2%D1%81%D0%BA%D0%B8%D0%B9%20%D0%BA%D1%80%D0%B5%D0%BC%D0%BB%D1%8C.jpg,https://storage.yandexcloud.net/kraskideti/tours/%D0%9F%D0%B5%D1%80%D0%B5%D1%81%D0%BB%D0%B0%D0%B2%D0%BB%D1%8C-%D0%97%D0%B0%D0%BB%D0%B5%D1%81%D1%81%D0%BA%D0%B8%D0%B9.webp,https://storage.yandexcloud.net/kraskideti/tours/%D0%A1%D0%BF%D0%B0%D1%81%D0%BE-%D0%9F%D1%80%D0%B5%D0%BE%D0%B1%D1%80%D0%B0%D0%B6%D0%B5%D0%BD%D1%81%D0%BA%D0%B8%D0%B9.jpeg,https://storage.yandexcloud.net/kraskideti/tours/%D0%9D%D0%B0%D0%B1%D0%B5%D1%80%D0%B5%D0%B6%D0%BD%D0%B0%D1%8F%20%D0%92%D0%BE%D0%BB%D0%B3%D0%B8.webp,https://storage.yandexcloud.net/kraskideti/tours/%D0%98%D0%BF%D0%B0%D1%82%D1%8C%D0%B5%D0%B2%D1%81%D0%BA%D0%B8%D0%B9%20%D0%BC%D0%BE%D0%BD%D0%B0%D1%81%D1%82%D1%8B%D1%80%D1%8C.jpg,https://storage.yandexcloud.net/kraskideti/tours/%D0%91%D0%BB%D0%B0%D0%B3%D0%BE%D0%B2%D0%B5%D1%89%D0%B5%D0%BD%D1%81%D0%BA%D0%B8%D0%B9%20%D1%81%D0%BE%D0%B1%D0%BE%D1%80.jpg,https://storage.yandexcloud.net/kraskideti/tours/%D0%A1%D0%BF%D0%B0%D1%81%D0%BE-%D0%9F%D1%80%D0%B5%D0%BE%D0%B1%D1%80%D0%B0%D0%B6%D0%B5%D0%BD%D1%81%D0%BA%D0%B8%D0%B9.jpeg,https://storage.yandexcloud.net/kraskideti/tours/%D0%A6%D0%B5%D1%80%D0%BA%D0%BE%D0%B2%D1%8C%20%D0%98%D0%BB%D1%8C%D0%B8.webp,https://storage.yandexcloud.net/kraskideti/tours/%D0%91%D0%BE%D0%B3%D0%BE%D1%8F%D0%B2%D0%BB%D0%B5%D0%BD%D1%81%D0%BA%D0%B8%D0%B9%20%D1%81%D0%BE%D0%B1%D0%BE%D1%80.jpg,https://storage.yandexcloud.net/kraskideti/tours/%D0%9F%D0%B5%D1%80%D0%B5%D1%81%D0%BB%D0%B0%D0%B2%D0%BB%D1%8C-%D0%97%D0%B0%D0%BB%D0%B5%D1%81%D1%81%D0%BA%D0%B8%D0%B9.webp,,,,,,,,,,,,,,,,,,,,,,,,,,
да,1102,Золотое кольцо: Царство Жар-птицы,zolotoe-kolco-zhar-ptitsa-3-dnya,3,Большая Страна,https://bolshayastrana.com/yaroslavskaya-oblast/zolotoe-kolco-vsyo-luchshee-za-3-dnya-229560,https://storage.yandexcloud.net/kraskideti/tours/%D0%A0%D0%BE%D1%81%D1%82%D0%BE%D0%B2%D1%81%D0%BA%D0%B8%D0%B9%20%D0%BA%D1%80%D0%B5%D0%BC%D0%BB%D1%8C.jpg,https://storage.yandexcloud.net/kraskideti/tours/%D0%9C%D0%B0%D1%81%D1%82%D0%B5%D1%80-%D0%BA%D0%BB%D0%B0%D1%81%D1%81%20%D0%BF%D0%BE%20%D0%BF%D0%B0%D0%BB%D0%B5%D1%85%D1%81%D0%BA%D0%BE%D0%B9%20%D1%80%D0%BE%D1%81%D0%BF%D0%B8%D1%81%D0%B8.jpg,https://storage.yandexcloud.net/kraskideti/tours/%D0%9A%D0%BE%D0%BB%D0%BE%D0%BA%D0%BE%D0%BB%D1%8C%D0%BD%D1%8F%20106%20%D0%BC%20%D0%B2%20%D0%A8%D1%83%D0%B5.jpeg,https://storage.yandexcloud.net/kraskideti/tours/%D0%A1%D1%83%D0%B7%D0%B4%D0%B0%D0%BB%D1%8C%D1%81%D0%BA%D0%B8%D0%B9%20%D0%BA%D1%80%D0%B5%D0%BC%D0%BB%D1%8C.jpg,https://storage.yandexcloud.net/kraskideti/tours/%D0%9C%D1%83%D0%B7%D0%B5%D0%B9%20%D0%B8%D0%B2%D0%B0%D0%BD%D0%BE%D0%B2%D1%81%D0%BA%D0%BE%D0%B3%D0%BE%20%D1%81%D0%B8%D1%82%D1%86%D0%B0.jpg,https://storage.yandexcloud.net/kraskideti/tours/%D0%9A%D0%BE%D0%BB%D0%BE%D0%BA%D0%BE%D0%BB%D1%8C%D0%BD%D1%8F%20106%20%D0%BC%20%D0%B2%20%D0%A8%D1%83%D0%B5.jpeg,https://storage.yandexcloud.net/kraskideti/tours/%D0%98%D0%BF%D0%B0%D1%82%D1%8C%D0%B5%D0%B2%D1%81%D0%BA%D0%B8%D0%B9%20%D0%BC%D0%BE%D0%BD%D0%B0%D1%81%D1%82%D1%8B%D1%80%D1%8C.jpg,https://storage.yandexcloud.net/kraskideti/tours/%D0%9F%D0%BE%D0%BA%D1%80%D0%BE%D0%B2%D1%81%D0%BA%D0%B8%D0%B9%20%D0%BC%D0%BE%D0%BD%D0%B0%D1%81%D1%82%D1%8B%D1%80%D1%8C.webp,https://storage.yandexcloud.net/kraskideti/tours/%D0%91%D0%BB%D0%B0%D0%B3%D0%BE%D0%B2%D0%B5%D1%89%D0%B5%D0%BD%D1%81%D0%BA%D0%B8%D0%B9%20%D1%81%D0%BE%D0%B1%D0%BE%D1%80.jpg,https://storage.yandexcloud.net/kraskideti/tours/%D0%9F%D0%BE%D0%BA%D1%80%D0%BE%D0%B2%D1%81%D0%BA%D0%B8%D0%B9%20%D0%BC%D0%BE%D0%BD%D0%B0%D1%81%D1%82%D1%8B%D1%80%D1%8C.webp,https://storage.yandexcloud.net/kraskideti/tours/%D0%94%D0%BE%D0%BC-%D0%BA%D0%BE%D1%80%D0%B0%D0%B1%D0%BB%D1%8C.jpg,https://storage.yandexcloud.net/kraskideti/tours/%D0%94%D0%BE%D0%BC-%D0%BF%D0%BE%D0%B4%D0%BA%D0%BE%D0%B2%D0%B0.jpg,https://storage.yandexcloud.net/kraskideti/tours/%D0%A0%D0%BE%D0%B6%D0%B4%D0%B5%D1%81%D1%82%D0%B2%D0%B5%D0%BD%D1%81%D0%BA%D0%B8%D0%B9%20%D1%81%D0%BE%D0%B1%D0%BE%D1%80.jpg,https://storage.yandexcloud.net/kraskideti/tours/%D0%91%D0%B5%D1%81%D0%B5%D0%B4%D0%BA%D0%B0%20%D0%9E%D1%81%D1%82%D1%80%D0%BE%D0%B2%D1%81%D0%BA%D0%BE%D0%B3%D0%BE.jpg,https://storage.yandexcloud.net/kraskideti/tours/%D0%9D%D0%B0%D0%B1%D0%B5%D1%80%D0%B5%D0%B6%D0%BD%D0%B0%D1%8F%20%D0%92%D0%BE%D0%BB%D0%B3%D0%B8.webp,https://storage.yandexcloud.net/kraskideti/tours/%D0%91%D0%BE%D0%B3%D0%BE%D1%8F%D0%B2%D0%BB%D0%B5%D0%BD%D1%81%D0%BA%D0%B8%D0%B9%20%D1%81%D0%BE%D0%B1%D0%BE%D1%80.jpg,https://storage.yandexcloud.net/kraskideti/tours/%D0%9C%D1%83%D0%B7%D0%B5%D0%B9%20%D0%B8%D0%B2%D0%B0%D0%BD%D0%BE%D0%B2%D1%81%D0%BA%D0%BE%D0%B3%D0%BE%20%D1%81%D0%B8%D1%82%D1%86%D0%B0.jpg,https://storage.yandexcloud.net/kraskideti/tours/%D0%9C%D0%B0%D1%81%D1%82%D0%B5%D1%80-%D0%BA%D0%BB%D0%B0%D1%81%D1%81%20%D0%BF%D0%BE%20%D0%BF%D0%B0%D0%BB%D0%B5%D1%85%D1%81%D0%BA%D0%BE%D0%B9%20%D1%80%D0%BE%D1%81%D0%BF%D0%B8%D1%81%D0%B8.jpg,https://storage.yandexcloud.net/kraskideti/tours/%D0%9A%D0%BE%D1%81%D1%82%D1%80%D0%BE%D0%BC%D1%81%D0%BA%D0%BE%D0%B9%20%D0%BA%D1%80%D0%B5%D0%BC%D0%BB%D1%8C.png,,,,,,,,,,,,,,,,,,,,,,
да,1103,Золотой Казан и Красный город,kazan-i-yoshkar-ola-6-dnej,6,Большая Страна,https://bolshayastrana.com/tatarstan/zolotoj-kazan-i-krasnyj-gorod-234546,https://storage.yandexcloud.net/kraskideti/tours/%D0%9F%D0%BB%D0%BE%D1%89%D0%B0%D0%B4%D1%8C%20%D0%A1%D0%B2%D0%BE%D0%B1%D0%BE%D0%B4%D1%8B%20%D0%BA%D0%B0%D0%B7%D0%B0%D0%BD%D1%8C.jpg,https://storage.yandexcloud.net/kraskideti/tours/%D0%9A%D0%B0%D0%B7%D0%B0%D0%BD%D1%81%D0%BA%D0%B8%D0%B9%20%D0%9A%D1%80%D0%B5%D0%BC%D0%BB%D1%8C%20%E2%80%94%20%D0%AE%D0%9D%D0%95%D0%A1%D0%9A%D0%9E%2C%20%D0%BC%D0%B5%D1%87%D0%B5%D1%82%D1%8C%20%D0%9A%D1%83%D0%BB-%D0%A8%D0%B0%D1%80%D0%B8%D1%84.webp,https://storage.yandexcloud.net/kraskideti/tours/%D0%A1%D0%B2%D0%B8%D1%8F%D0%B6%D1%81%D0%BA%20XVII%20%D0%B2%D0%B5%D0%BA%D0%B0.webp,https://storage.yandexcloud.net/kraskideti/tours/%D0%A0%D0%B0%D0%B8%D1%84%D1%81%D0%BA%D0%B8%D0%B9%20%D0%BC%D0%BE%D0%BD%D0%B0%D1%81%D1%82%D1%8B%D1%80%D1%8C.jpg,https://storage.yandexcloud.net/kraskideti/tours/%D0%99%D0%BE%D1%88%D0%BA%D0%B0%D1%80-%D0%9E%D0%BB%D0%B0.webp,https://storage.yandexcloud.net/kraskideti/tours/%D0%91%D0%B0%D1%88%D0%BD%D1%8F%20%D0%A1%D1%8E%D1%8E%D0%BC%D0%B1%D0%B8%D0%BA%D0%B5%20%E2%80%94%20%C2%AB%D0%BF%D0%B0%D0%B4%D0%B0%D1%8E%D1%89%D0%B0%D1%8F%20%D0%B1%D0%B0%D1%88%D0%BD%D1%8F%C2%BB%20%D0%9A%D0%B0%D0%B7%D0%B0%D0%BD%D0%B8.jpg,https://storage.yandexcloud.net/kraskideti/tours/%D0%A1%D1%82%D0%B0%D1%80%D0%BE-%D0%A2%D0%B0%D1%82%D0%B0%D1%80%D1%81%D0%BA%D0%B0%D1%8F.jpg,https://storage.yandexcloud.net/kraskideti/tours/%D0%9E%D0%B1%D0%BE%D0%BB%D0%B5%D0%BD%D1%81%D0%BA%D0%BE%D0%B3%D0%BE-%D0%9D%D0%BE%D0%B3%D0%BE%D1%82%D0%BA%D0%BE%D0%B2%D0%B0.jpg,https://storage.yandexcloud.net/kraskideti/tours/%D0%9D%D0%B0%D0%B1%D0%B5%D1%80%D0%B5%D0%B6%D0%BD%D0%B0%D1%8F%20%D0%91%D1%80%D1%8E%D0%B3%D0%B3%D0%B5.jpg,https://storage.yandexcloud.net/kraskideti/tours/%D0%98%D1%81%D0%B0%D0%B0%D0%BA%D0%B8%D0%B5%D0%B2%D1%81%D0%BA%D0%B0%D1%8F%20%D0%BF%D0%BB%D0%BE%D1%89%D0%B0%D0%B4%D1%8C.jpg,https://storage.yandexcloud.net/kraskideti/tours/%D0%91%D1%83%D0%BB%D1%8C%D0%B2%D0%B0%D1%80%20%D0%A7%D0%B0%D0%B2%D0%B0%D0%B9%D0%BD%D0%B0.JPG,,https://storage.yandexcloud.net/kraskideti/tours/%D0%A2%D1%83%D0%B3%D0%B0%D0%BD%20%D0%B0%D0%B2%D1%8B%D0%BB%D1%8B%D0%BC.webp,https://storage.yandexcloud.net/kraskideti/tours/%D0%9E%D0%B7%D0%B5%D1%80%D0%BE%20%D0%9A%D0%B0%D0%B1%D0%B0%D0%BD.jpg,https://storage.yandexcloud.net/kraskideti/tours/%D0%9F%D0%BB%D0%BE%D1%89%D0%B0%D0%B4%D1%8C%20%D0%A1%D0%B2%D0%BE%D0%B1%D0%BE%D0%B4%D1%8B.jpg,,https://storage.yandexcloud.net/kraskideti/tours/%D0%91%D0%B0%D1%88%D0%BD%D1%8F%20%D0%A1%D1%8E%D1%8E%D0%BC%D0%B1%D0%B8%D0%BA%D0%B5%20%E2%80%94%20%C2%AB%D0%BF%D0%B0%D0%B4%D0%B0%D1%8E%D1%89%D0%B0%D1%8F%20%D0%B1%D0%B0%D1%88%D0%BD%D1%8F%C2%BB%20%D0%9A%D0%B0%D0%B7%D0%B0%D0%BD%D0%B8.jpg,https://storage.yandexcloud.net/kraskideti/tours/%D0%90%D0%BB%D0%B5%D0%BA%D1%81%D0%B0%D0%BD%D0%B4%D1%80%D0%BE%D0%B2%D1%81%D0%BA%D0%B0%D1%8F%20%D1%81%D0%BB%D0%BE%D0%B1%D0%BE%D0%B4%D0%B0%20%D0%98%D0%B2%D0%B0%D0%BD%D0%B0%20%D0%93%D1%80%D0%BE%D0%B7%D0%BD%D0%BE%D0%B3%D0%BE.webp,https://storage.yandexcloud.net/kraskideti/tours/%D0%91%D0%BB%D0%B0%D0%B3%D0%BE%D0%B2%D0%B5%D1%89%D0%B5%D0%BD%D1%81%D0%BA%D0%B8%D0%B9%20%D1%81%D0%BE%D0%B1%D0%BE%D1%80.jpg,https://storage.yandexcloud.net/kraskideti/tours/%D0%A3%D1%81%D0%BF%D0%B5%D0%BD%D1%81%D0%BA%D0%B8%D0%B9%20%D0%BC%D0%BE%D0%BD%D0%B0%D1%81%D1%82%D1%8B%D1%80%D1%8C.webp,https://storage.yandexcloud.net/kraskideti/tours/%D0%99%D0%BE%D1%88%D0%BA%D0%B0%D1%80-%D0%9E%D0%BB%D0%B0.webp,https://storage.yandexcloud.net/kraskideti/tours/%D0%99%D0%BE%D1%88%D0%BA%D0%B0%D1%80-%D0%9E%D0%BB%D0%B0.webp,https://storage.yandexcloud.net/kraskideti/tours/%D0%98%D1%81%D0%B0%D0%B0%D0%BA%D0%B8%D0%B5%D0%B2%D1%81%D0%BA%D0%B0%D1%8F%20%D0%BF%D0%BB%D0%BE%D1%89%D0%B0%D0%B4%D1%8C.jpg,https://storage.yandexcloud.net/kraskideti/tours/%D0%92%D0%BE%D0%BA%D1%80%D1%83%D0%B3%20%D1%81%D0%B2%D0%B5%D1%82%D0%B0.jpg,https://storage.yandexcloud.net/kraskideti/tours/%D0%91%D0%B5%D0%BB%D0%BE%D1%80%D0%B5%D1%87%D0%B5%D0%BD%D1%81%D0%BA%D0%B8%D0%B9%20%D0%B2%D0%BE%D0%B4%D0%BE%D0%BF%D0%B0%D0%B4%20%E2%80%94%20%D0%9F%D0%B8%D1%82%D0%B5%D0%B9%D0%BD%D1%8B%D0%B9%20%D0%B4%D0%BE%D0%BC.jpg,https://storage.yandexcloud.net/kraskideti/tours/%D0%97%D0%BE%D0%BB%D0%BE%D1%82%D0%BE%D0%B9%20%D0%9A%D0%B0%D0%B7%D0%B0%D0%BD.webp,https://storage.yandexcloud.net/kraskideti/tours/%D0%92%D0%B5%D1%80%D1%85%D0%BD%D0%B8%D0%B9%20%D0%B3%D0%BE%D1%80%D0%BE%D0%B4.jpg,,,,,,,,,,,,,,
,1104,Казань день за днём,kazan-den-za-dnyom-5-dnej,5,Большая Страна,https://bolshayastrana.com/tatarstan/v-kazan-den-za-dnem-tur-na-5-dnej-386065,https://storage.yandexcloud.net/kraskideti/tours/%D0%9C%D1%83%D0%B7%D0%B5%D0%B9%20%C2%AB%D0%93%D0%BE%D1%80%D0%BE%D0%B4%D1%81%D0%BA%D0%B0%D1%8F%20%D0%BF%D0%B0%D0%BD%D0%BE%D1%80%D0%B0%D0%BC%D0%B0%C2%BB.jpg,,https://storage.yandexcloud.net/kraskideti/tours/%D0%A0%D0%B0%D0%B8%D1%84%D1%81%D0%BA%D0%B8%D0%B9%20%D0%BC%D0%BE%D0%BD%D0%B0%D1%81%D1%82%D1%8B%D1%80%D1%8C.jpg,https://storage.yandexcloud.net/kraskideti/tours/%D0%9E%D0%B1%D1%81%D0%B5%D1%80%D0%B2%D0%B0%D1%82%D0%BE%D1%80%D0%B8%D1%8F%20%D0%A3%D0%BB%D1%83%D0%B3%D0%B1%D0%B5%D0%BA%D0%B0.png,https://storage.yandexcloud.net/kraskideti/tours/%D0%9A%D0%B0%D0%B7%D0%B0%D0%BD%D1%81%D0%BA%D0%B8%D0%B9%20%D0%9A%D1%80%D0%B5%D0%BC%D0%BB%D1%8C%20%E2%80%94%20%D0%AE%D0%9D%D0%95%D0%A1%D0%9A%D0%9E%2C%20%D0%BC%D0%B5%D1%87%D0%B5%D1%82%D1%8C%20%D0%9A%D1%83%D0%BB-%D0%A8%D0%B0%D1%80%D0%B8%D1%84.webp,https://storage.yandexcloud.net/kraskideti/tours/%D0%9A%D0%B0%D0%B7%D0%B0%D0%BD%D1%81%D0%BA%D0%B8%D0%B9%20%D0%9A%D1%80%D0%B5%D0%BC%D0%BB%D1%8C%20%E2%80%94%20%D0%AE%D0%9D%D0%95%D0%A1%D0%9A%D0%9E%2C%20%D0%BC%D0%B5%D1%87%D0%B5%D1%82%D1%8C%20%D0%9A%D1%83%D0%BB-%D0%A8%D0%B0%D1%80%D0%B8%D1%84.webp,https://storage.yandexcloud.net/kraskideti/tours/%D0%A1%D1%82%D0%B0%D1%80%D0%BE-%D0%A2%D0%B0%D1%82%D0%B0%D1%80%D1%81%D0%BA%D0%B0%D1%8F.jpg,https://storage.yandexcloud.net/kraskideti/tours/%D0%90%D0%BD%D0%B0%D0%BA%D0%BE%D0%BF%D0%B8%D0%B9%D1%81%D0%BA%D0%B0%D1%8F%20%D0%BA%D1%80%D0%B5%D0%BF%D0%BE%D1%81%D1%82%D1%8C.jpg,https://storage.yandexcloud.net/kraskideti/tours/%D0%9E%D0%B1%D1%81%D0%B5%D1%80%D0%B2%D0%B0%D1%82%D0%BE%D1%80%D0%B8%D1%8F%20%D0%A3%D0%BB%D1%83%D0%B3%D0%B1%D0%B5%D0%BA%D0%B0.png,,https://storage.yandexcloud.net/kraskideti/tours/%D0%90%D0%BD%D0%B0%D0%BA%D0%BE%D0%BF%D0%B8%D0%B9%D1%81%D0%BA%D0%B0%D1%8F%20%D0%BA%D1%80%D0%B5%D0%BF%D0%BE%D1%81%D1%82%D1%8C.jpg,https://storage.yandexcloud.net/kraskideti/tours/%D0%91%D0%B0%D1%88%D0%BD%D1%8F%20%D0%A1%D1%8E%D1%8E%D0%BC%D0%B1%D0%B8%D0%BA%D0%B5%20%E2%80%94%20%C2%AB%D0%BF%D0%B0%D0%B4%D0%B0%D1%8E%D1%89%D0%B0%D1%8F%20%D0%B1%D0%B0%D1%88%D0%BD%D1%8F%C2%BB%20%D0%9A%D0%B0%D0%B7%D0%B0%D0%BD%D0%B8.jpg,https://storage.yandexcloud.net/kraskideti/tours/%D0%91%D0%BB%D0%B0%D0%B3%D0%BE%D0%B2%D0%B5%D1%89%D0%B5%D0%BD%D1%81%D0%BA%D0%B8%D0%B9%20%D1%81%D0%BE%D0%B1%D0%BE%D1%80.jpg,,https://storage.yandexcloud.net/kraskideti/tours/%D0%A2%D1%83%D0%B3%D0%B0%D0%BD%20%D0%B0%D0%B2%D1%8B%D0%BB%D1%8B%D0%BC.webp,,https://storage.yandexcloud.net/kraskideti/tours/%D0%9E%D0%B7%D0%B5%D1%80%D0%BE%20%D0%9A%D0%B0%D0%B1%D0%B0%D0%BD.jpg,https://storage.yandexcloud.net/kraskideti/tours/%D0%9F%D0%BB%D0%BE%D1%89%D0%B0%D0%B4%D1%8C%20%D0%A1%D0%B2%D0%BE%D0%B1%D0%BE%D0%B4%D1%8B.jpg,https://storage.yandexcloud.net/kraskideti/tours/%D0%9A%D0%B0%D0%B7%D0%B0%D0%BD%D1%81%D0%BA%D0%B8%D0%B9%20%D0%9A%D1%80%D0%B5%D0%BC%D0%BB%D1%8C%20%E2%80%94%20%D0%AE%D0%9D%D0%95%D0%A1%D0%9A%D0%9E%2C%20%D0%BC%D0%B5%D1%87%D0%B5%D1%82%D1%8C%20%D0%9A%D1%83%D0%BB-%D0%A8%D0%B0%D1%80%D0%B8%D1%84.webp,https://storage.yandexcloud.net/kraskideti/tours/%D0%9E%D1%81%D1%82%D1%80%D0%BE%D0%B2%20%D0%9A%D0%B8%D0%B6%D0%B8.jpg,https://storage.yandexcloud.net/kraskideti/tours/%D0%9A%D0%B0%D0%B7%D0%B0%D0%BD%D1%81%D0%BA%D0%B8%D0%B9%20%D0%9A%D1%80%D0%B5%D0%BC%D0%BB%D1%8C%20%E2%80%94%20%D0%AE%D0%9D%D0%95%D0%A1%D0%9A%D0%9E%2C%20%D0%BC%D0%B5%D1%87%D0%B5%D1%82%D1%8C%20%D0%9A%D1%83%D0%BB-%D0%A8%D0%B0%D1%80%D0%B8%D1%84.webp,,,,,,,,,,,,,,,,,,,,
,1105,Казань на выходные,kazan-na-vyhodnye,2,Большая Страна,https://bolshayastrana.com/kazan/dobro-pozhalovat-v-kazan-na-vyhodnye-347239,https://storage.yandexcloud.net/kraskideti/tours/%D0%9A%D0%B0%D0%B7%D0%B0%D0%BD%D1%81%D0%BA%D0%B8%D0%B9%20%D0%9A%D1%80%D0%B5%D0%BC%D0%BB%D1%8C%20%E2%80%94%20%D0%AE%D0%9D%D0%95%D0%A1%D0%9A%D0%9E%2C%20%D0%BC%D0%B5%D1%87%D0%B5%D1%82%D1%8C%20%D0%9A%D1%83%D0%BB-%D0%A8%D0%B0%D1%80%D0%B8%D1%84.webp,https://storage.yandexcloud.net/kraskideti/tours/%D0%9A%D0%B0%D0%B7%D0%B0%D0%BD%D1%81%D0%BA%D0%B8%D0%B9%20%D0%9A%D1%80%D0%B5%D0%BC%D0%BB%D1%8C%20%E2%80%94%20%D0%AE%D0%9D%D0%95%D0%A1%D0%9A%D0%9E%2C%20%D0%BC%D0%B5%D1%87%D0%B5%D1%82%D1%8C%20%D0%9A%D1%83%D0%BB-%D0%A8%D0%B0%D1%80%D0%B8%D1%84.webp,https://storage.yandexcloud.net/kraskideti/tours/%D0%9A%D0%B0%D0%B7%D0%B0%D0%BD%D1%81%D0%BA%D0%B8%D0%B9%20%D0%9A%D1%80%D0%B5%D0%BC%D0%BB%D1%8C%20%E2%80%94%20%D0%AE%D0%9D%D0%95%D0%A1%D0%9A%D0%9E%2C%20%D0%BC%D0%B5%D1%87%D0%B5%D1%82%D1%8C%20%D0%9A%D1%83%D0%BB-%D0%A8%D0%B0%D1%80%D0%B8%D1%84.webp,https://storage.yandexcloud.net/kraskideti/tours/%D0%91%D0%B0%D1%88%D0%BD%D1%8F%20%D0%A1%D1%8E%D1%8E%D0%BC%D0%B1%D0%B8%D0%BA%D0%B5%20%E2%80%94%20%C2%AB%D0%BF%D0%B0%D0%B4%D0%B0%D1%8E%D1%89%D0%B0%D1%8F%20%D0%B1%D0%B0%D1%88%D0%BD%D1%8F%C2%BB%20%D0%9A%D0%B0%D0%B7%D0%B0%D0%BD%D0%B8.jpg,https://storage.yandexcloud.net/kraskideti/tours/%D0%A1%D0%B2%D0%B8%D1%8F%D0%B6%D1%81%D0%BA%20XVII%20%D0%B2%D0%B5%D0%BA%D0%B0.webp,https://storage.yandexcloud.net/kraskideti/tours/%D0%9C%D0%B0%D1%81%D1%82%D0%B5%D1%80-%D0%BA%D0%BB%D0%B0%D1%81%D1%81%20%D0%BF%D0%BE%20%D0%BF%D0%B0%D0%BB%D0%B5%D1%85%D1%81%D0%BA%D0%BE%D0%B9%20%D1%80%D0%BE%D1%81%D0%BF%D0%B8%D1%81%D0%B8.jpg,,https://storage.yandexcloud.net/kraskideti/tours/%D0%A1%D1%82%D0%B0%D1%80%D0%BE-%D0%A2%D0%B0%D1%82%D0%B0%D1%80%D1%81%D0%BA%D0%B0%D1%8F.jpg,https://storage.yandexcloud.net/kraskideti/tours/%D0%9A%D0%B0%D0%B7%D0%B0%D0%BD%D1%81%D0%BA%D0%B8%D0%B9%20%D0%9A%D1%80%D0%B5%D0%BC%D0%BB%D1%8C%20%E2%80%94%20%D0%AE%D0%9D%D0%95%D0%A1%D0%9A%D0%9E%2C%20%D0%BC%D0%B5%D1%87%D0%B5%D1%82%D1%8C%20%D0%9A%D1%83%D0%BB-%D0%A8%D0%B0%D1%80%D0%B8%D1%84.webp,https://storage.yandexcloud.net/kraskideti/tours/%D0%9E%D0%B7%D0%B5%D1%80%D0%BE%20%D0%9A%D0%B0%D0%B1%D0%B0%D0%BD.jpg,https://storage.yandexcloud.net/kraskideti/tours/%D0%9F%D0%BB%D0%BE%D1%89%D0%B0%D0%B4%D1%8C%20%D0%A1%D0%B2%D0%BE%D0%B1%D0%BE%D0%B4%D1%8B.jpg,https://storage.yandexcloud.net/kraskideti/tours/%D0%9A%D1%80%D0%B0%D1%81%D0%BD%D0%B0%D1%8F%20%D1%83%D0%BB%D0%B8%D1%86%D0%B0.jpg,https://storage.yandexcloud.net/kraskideti/tours/%D0%91%D0%BB%D0%B0%D0%B3%D0%BE%D0%B2%D0%B5%D1%89%D0%B5%D0%BD%D1%81%D0%BA%D0%B8%D0%B9%20%D1%81%D0%BE%D0%B1%D0%BE%D1%80.jpg,https://storage.yandexcloud.net/kraskideti/tours/%D0%91%D0%BB%D0%B0%D0%B3%D0%BE%D0%B2%D0%B5%D1%89%D0%B5%D0%BD%D1%81%D0%BA%D0%B8%D0%B9%20%D1%81%D0%BE%D0%B1%D0%BE%D1%80.jpg,https://storage.yandexcloud.net/kraskideti/tours/%D0%A3%D1%81%D0%BF%D0%B5%D0%BD%D1%81%D0%BA%D0%B8%D0%B9%20%D0%BC%D0%BE%D0%BD%D0%B0%D1%81%D1%82%D1%8B%D1%80%D1%8C.webp,https://storage.yandexcloud.net/kraskideti/tours/%D0%98%D1%81%D0%B0%D0%B0%D0%BA%D0%B8%D0%B5%D0%B2%D1%81%D0%BA%D0%B0%D1%8F%20%D0%BF%D0%BB%D0%BE%D1%89%D0%B0%D0%B4%D1%8C.jpg,https://storage.yandexcloud.net/kraskideti/tours/%D0%93%D0%BE%D1%80%D1%8B%20%D0%90%D0%B4%D1%8B%D0%B3%D0%B5%D0%B8.jpg,,,,,,,,,,,,,,,,,,,,,,,,
,1106,Казань — сокровища Татарстана,kazan-sokrovishcha-tatarstana,4,Большая Страна,https://bolshayastrana.com/tatarstan/v-kazan-den-za-dnem-vesenne-letnij4-390728,https://storage.yandexcloud.net/kraskideti/tours/%D0%9A%D0%B0%D0%B7%D0%B0%D0%BD%D1%81%D0%BA%D0%B8%D0%B9%20%D0%9A%D1%80%D0%B5%D0%BC%D0%BB%D1%8C%20%E2%80%94%20%D0%AE%D0%9D%D0%95%D0%A1%D0%9A%D0%9E%2C%20%D0%BC%D0%B5%D1%87%D0%B5%D1%82%D1%8C%20%D0%9A%D1%83%D0%BB-%D0%A8%D0%B0%D1%80%D0%B8%D1%84.webp,https://storage.yandexcloud.net/kraskideti/tours/%D0%9A%D0%B0%D0%B7%D0%B0%D0%BD%D1%81%D0%BA%D0%B8%D0%B9%20%D0%9A%D1%80%D0%B5%D0%BC%D0%BB%D1%8C%20%E2%80%94%20%D0%AE%D0%9D%D0%95%D0%A1%D0%9A%D0%9E%2C%20%D0%BC%D0%B5%D1%87%D0%B5%D1%82%D1%8C%20%D0%9A%D1%83%D0%BB-%D0%A8%D0%B0%D1%80%D0%B8%D1%84.webp,https://storage.yandexcloud.net/kraskideti/tours/%D0%91%D0%B0%D1%88%D0%BD%D1%8F%20%D0%A1%D1%8E%D1%8E%D0%BC%D0%B1%D0%B8%D0%BA%D0%B5%20%E2%80%94%20%C2%AB%D0%BF%D0%B0%D0%B4%D0%B0%D1%8E%D1%89%D0%B0%D1%8F%20%D0%B1%D0%B0%D1%88%D0%BD%D1%8F%C2%BB%20%D0%9A%D0%B0%D0%B7%D0%B0%D0%BD%D0%B8.jpg,https://storage.yandexcloud.net/kraskideti/tours/%D0%A1%D0%B2%D0%B8%D1%8F%D0%B6%D1%81%D0%BA%20XVII%20%D0%B2%D0%B5%D0%BA%D0%B0.webp,,https://storage.yandexcloud.net/kraskideti/tours/%D0%A0%D0%B0%D0%B8%D1%84%D1%81%D0%BA%D0%B8%D0%B9%20%D0%BC%D0%BE%D0%BD%D0%B0%D1%81%D1%82%D1%8B%D1%80%D1%8C.jpg,https://storage.yandexcloud.net/kraskideti/tours/%D0%A1%D1%82%D0%B0%D1%80%D0%BE-%D0%A2%D0%B0%D1%82%D0%B0%D1%80%D1%81%D0%BA%D0%B0%D1%8F.jpg,,,https://storage.yandexcloud.net/kraskideti/tours/%D0%9A%D0%B0%D0%B7%D0%B0%D0%BD%D1%81%D0%BA%D0%B8%D0%B9%20%D0%9A%D1%80%D0%B5%D0%BC%D0%BB%D1%8C%20%E2%80%94%20%D0%AE%D0%9D%D0%95%D0%A1%D0%9A%D0%9E%2C%20%D0%BC%D0%B5%D1%87%D0%B5%D1%82%D1%8C%20%D0%9A%D1%83%D0%BB-%D0%A8%D0%B0%D1%80%D0%B8%D1%84.webp,https://storage.yandexcloud.net/kraskideti/tours/%D0%9D%D0%B0%D0%B1%D0%B5%D1%80%D0%B5%D0%B6%D0%BD%D0%B0%D1%8F%20%D0%9A%D0%B0%D0%B1%D0%B0%D1%80%D0%B4%D0%B8%D0%BD%D0%BA%D0%B8.jpg,https://storage.yandexcloud.net/kraskideti/tours/%D0%91%D0%BB%D0%B0%D0%B3%D0%BE%D0%B2%D0%B5%D1%89%D0%B5%D0%BD%D1%81%D0%BA%D0%B8%D0%B9%20%D1%81%D0%BE%D0%B1%D0%BE%D1%80.jpg,https://storage.yandexcloud.net/kraskideti/tours/%D0%A1%D1%82%D0%B0%D1%80%D0%BE-%D0%A2%D0%B0%D1%82%D0%B0%D1%80%D1%81%D0%BA%D0%B0%D1%8F.jpg,https://storage.yandexcloud.net/kraskideti/tours/%D0%91%D0%BB%D0%B0%D0%B3%D0%BE%D0%B2%D0%B5%D1%89%D0%B5%D0%BD%D1%81%D0%BA%D0%B8%D0%B9%20%D1%81%D0%BE%D0%B1%D0%BE%D1%80.jpg,,https://storage.yandexcloud.net/kraskideti/tours/%D0%93%D0%B5%D0%BB%D0%B5%D0%BD%D0%B4%D0%B6%D0%B8%D0%BA%D1%81%D0%BA%D0%B0%D1%8F%20%D0%BD%D0%B0%D0%B1%D0%B5%D1%80%D0%B5%D0%B6%D0%BD%D0%B0%D1%8F.jpg,,https://storage.yandexcloud.net/kraskideti/tours/%D0%94%D1%80%D0%B5%D0%B2%D0%BD%D0%B8%D0%B9%20%D0%94%D0%B5%D1%80%D0%B1%D0%B5%D0%BD%D1%82.jpg,,,,,,,,,,,,,,,,,,,,,,,
,1107,Классический Петербург — 7 дней,peterburg-klassicheskij-7-dnej,7,Большая Страна,https://bolshayastrana.com/sankt-peterburg/klassicheskij-sankt-peterburg-7-dnej-250586,https://storage.yandexcloud.net/kraskideti/tours/%D0%9F%D0%B0%D0%BC%D1%8F%D1%82%D0%BD%D0%B8%D0%BA%20%D0%9F%D0%B5%D1%82%D1%80%D1%83.webp,https://storage.yandexcloud.net/kraskideti/tours/%D0%98%D0%BD%D1%82%D0%B5%D1%80%D0%B0%D0%BA%D1%82%D0%B8%D0%B2%D0%BD%D1%8B%D0%B9%20%D0%BC%D1%83%D0%B7%D0%B5%D0%B9%20%D0%BA%D0%BE%D1%87%D0%B5%D0%B2%D0%BE%D0%B9%20%D0%BA%D1%83%D0%BB%D1%8C%D1%82%D1%83%D1%80%D1%8B.webp,https://storage.yandexcloud.net/kraskideti/tours/%D0%A4%D0%BE%D0%BD%D1%82%D0%B0%D0%BD%D1%8B%20%D0%9F%D0%B5%D1%82%D0%B5%D1%80%D0%B3%D0%BE%D1%84%D0%B0.jpg,https://storage.yandexcloud.net/kraskideti/tours/%D0%A2%D0%B5%D0%BF%D0%BB%D0%BE%D1%85%D0%BE%D0%B4%20%D0%BF%D0%BE%20%D1%80%D0%B5%D0%BA%D0%B0%D0%BC.jpg,https://storage.yandexcloud.net/kraskideti/tours/%D0%9F%D0%B5%D1%82%D1%80%D0%BE%D0%BF%D0%B0%D0%B2%D0%BB%D0%BE%D0%B2%D1%81%D0%BA%D0%B0%D1%8F%20%D0%BA%D1%80%D0%B5%D0%BF%D0%BE%D1%81%D1%82%D1%8C.jpg,https://storage.yandexcloud.net/kraskideti/tours/%D0%AD%D1%80%D0%BC%D0%B8%D1%82%D0%B0%D0%B6%20%D0%B8%20%D0%9F%D0%B5%D1%82%D0%B5%D1%80%D0%B3%D0%BE%D1%84.webp,https://storage.yandexcloud.net/kraskideti/tours/%D0%AF%D0%BD%D1%82%D0%B0%D1%80%D0%BD%D0%B0%D1%8F%20%D0%BA%D0%BE%D0%BC%D0%BD%D0%B0%D1%82%D0%B0%20%D0%B2%20%D0%A6%D0%B0%D1%80%D1%81%D0%BA%D0%BE%D0%BC%20%D0%A1%D0%B5%D0%BB%D0%B5.jpg,https://storage.yandexcloud.net/kraskideti/tours/%D0%98%D0%BD%D1%82%D0%B5%D1%80%D0%B0%D0%BA%D1%82%D0%B8%D0%B2%D0%BD%D1%8B%D0%B9%20%D0%BC%D1%83%D0%B7%D0%B5%D0%B9%20%D0%BA%D0%BE%D1%87%D0%B5%D0%B2%D0%BE%D0%B9%20%D0%BA%D1%83%D0%BB%D1%8C%D1%82%D1%83%D1%80%D1%8B.webp,https://storage.yandexcloud.net/kraskideti/tours/%D0%A1%D0%BE%D0%B1%D0%B0%D1%87%D0%BA%D0%B8%D0%BD%D0%B0%20%D1%81%D1%82%D0%BE%D0%BB%D0%B8%D1%86%D0%B0.jpg,https://storage.yandexcloud.net/kraskideti/tours/%D0%9F%D0%BB%D0%BE%D1%89%D0%B0%D0%B4%D1%8C%20%D0%9F%D0%BE%D0%B1%D0%B5%D0%B4%D1%8B.jpg,https://storage.yandexcloud.net/kraskideti/tours/%D0%A4%D0%BE%D0%BD%D1%82%D0%B0%D0%BD%D1%8B%20%D0%9F%D0%B5%D1%82%D0%B5%D1%80%D0%B3%D0%BE%D1%84%D0%B0.jpg,https://storage.yandexcloud.net/kraskideti/tours/%D0%9D%D0%B5%D0%B2%D1%81%D0%BA%D0%B8%D0%B9%20%D0%BF%D1%80%D0%BE%D1%81%D0%BF%D0%B5%D0%BA%D1%82.jpeg,https://storage.yandexcloud.net/kraskideti/tours/%D0%95%D0%BA%D0%B0%D1%82%D0%B5%D1%80%D0%B8%D0%BD%D0%B8%D0%BD%D1%81%D0%BA%D0%B8%D0%B9%20%D0%B4%D0%B2%D0%BE%D1%80%D0%B5%D1%86.jpg,https://storage.yandexcloud.net/kraskideti/tours/%D0%A2%D0%B5%D0%BF%D0%BB%D0%BE%D1%85%D0%BE%D0%B4%20%D0%BF%D0%BE%20%D1%80%D0%B5%D0%BA%D0%B0%D0%BC.jpg,https://storage.yandexcloud.net/kraskideti/tours/%D0%98%D1%81%D0%B0%D0%B0%D0%BA%D0%B8%D0%B5%D0%B2%D1%81%D0%BA%D0%B8%D0%B9%20%D1%81%D0%BE%D0%B1%D0%BE%D1%80..jpg,,,,,,,,,,,,,,,,,,,,,,,,,,
,1108,Летний Петербург — 6 дней,peterburg-letnij-6-dnej,6,Большая Страна,https://bolshayastrana.com/leningradskaya-oblast/peterburgskaya-kollekciya-tur-na-7-dnej-167025,https://storage.yandexcloud.net/kraskideti/tours/%D0%91%D0%B5%D0%BB%D1%8B%D0%B5%20%D0%BD%D0%BE%D1%87%D0%B8%20%D0%9F%D0%B5%D1%82%D0%B5%D1%80%D0%B1%D1%83%D1%80%D0%B3%D0%B0.jpg,https://storage.yandexcloud.net/kraskideti/tours/%D0%A2%D0%B5%D0%BF%D0%BB%D0%BE%D1%85%D0%BE%D0%B4%20%D0%BF%D0%BE%20%D1%80%D0%B5%D0%BA%D0%B0%D0%BC.jpg,,https://storage.yandexcloud.net/kraskideti/tours/%D0%9C%D0%BE%D1%81%D1%82%20%D0%9C%D0%B8%D1%80%D0%B0.jpg,https://storage.yandexcloud.net/kraskideti/tours/%D0%98%D0%BD%D1%82%D0%B5%D1%80%D0%B0%D0%BA%D1%82%D0%B8%D0%B2%D0%BD%D1%8B%D0%B9%20%D0%BC%D1%83%D0%B7%D0%B5%D0%B9%20%D0%BA%D0%BE%D1%87%D0%B5%D0%B2%D0%BE%D0%B9%20%D0%BA%D1%83%D0%BB%D1%8C%D1%82%D1%83%D1%80%D1%8B.webp,https://storage.yandexcloud.net/kraskideti/tours/%D0%91%D0%B5%D0%BB%D1%8B%D0%B5%20%D0%BD%D0%BE%D1%87%D0%B8%20%D0%9F%D0%B5%D1%82%D0%B5%D1%80%D0%B1%D1%83%D1%80%D0%B3%D0%B0.jpg,https://storage.yandexcloud.net/kraskideti/tours/%D0%91%D0%B5%D0%BB%D1%8B%D0%B5%20%D0%BD%D0%BE%D1%87%D0%B8%20%D0%9F%D0%B5%D1%82%D0%B5%D1%80%D0%B1%D1%83%D1%80%D0%B3%D0%B0.jpg,https://storage.yandexcloud.net/kraskideti/tours/%D0%9F%D0%B5%D1%82%D1%80%D0%BE%D0%BF%D0%B0%D0%B2%D0%BB%D0%BE%D0%B2%D1%81%D0%BA%D0%B0%D1%8F%20%D0%BA%D1%80%D0%B5%D0%BF%D0%BE%D1%81%D1%82%D1%8C.jpg,https://storage.yandexcloud.net/kraskideti/tours/%D0%A4%D0%BE%D0%BD%D1%82%D0%B0%D0%BD%D1%8B%20%D0%9F%D0%B5%D1%82%D0%B5%D1%80%D0%B3%D0%BE%D1%84%D0%B0.jpg,https://storage.yandexcloud.net/kraskideti/tours/%D0%A4%D0%BE%D1%80%D0%BE%D1%81%D1%81%D0%BA%D0%B8%D0%B9%20%D1%85%D1%80%D0%B0%D0%BC.jpg,https://storage.yandexcloud.net/kraskideti/tours/%D0%A1%D0%B5%D0%BB%D0%BE%20%D0%90%D0%B4%D1%8B%D0%BA.jpg,https://storage.yandexcloud.net/kraskideti/tours/%D0%91%D0%B5%D0%BB%D1%8B%D0%B5%20%D0%BD%D0%BE%D1%87%D0%B8%20%D0%9F%D0%B5%D1%82%D0%B5%D1%80%D0%B1%D1%83%D1%80%D0%B3%D0%B0.jpg,https://storage.yandexcloud.net/kraskideti/tours/%D0%A4%D0%BE%D0%BD%D1%82%D0%B0%D0%BD%D1%8B%20%D0%9F%D0%B5%D1%82%D0%B5%D1%80%D0%B3%D0%BE%D1%84%D0%B0.jpg,https://storage.yandexcloud.net/kraskideti/tours/%D0%A2%D0%B5%D0%BF%D0%BB%D0%BE%D1%85%D0%BE%D0%B4%20%D0%BF%D0%BE%20%D1%80%D0%B5%D0%BA%D0%B0%D0%BC.jpg,https://storage.yandexcloud.net/kraskideti/tours/%D0%91%D0%B5%D0%BB%D1%8B%D0%B5%20%D0%BD%D0%BE%D1%87%D0%B8%20%D0%9F%D0%B5%D1%82%D0%B5%D1%80%D0%B1%D1%83%D1%80%D0%B3%D0%B0.jpg,,,,,,,,,,,,,,,,,,,,,,,,,,
,1109,Малое Золотое кольцо России,maloe-zolotoe-kolco-4-dnya,4,Большая Страна,https://bolshayastrana.com/tury-po-zolotomu-kolcu/maloe-zolotoe-kolco-rossii-245179,https://storage.yandexcloud.net/kraskideti/tours/%D0%9A%D0%BE%D1%8F%D1%88%D1%81%D0%BA%D0%BE%D0%B5%20%D1%80%D0%BE%D0%B7%D0%BE%D0%B2%D0%BE%D0%B5%20%D0%BE%D0%B7%D0%B5%D1%80%D0%BE.webp,https://storage.yandexcloud.net/kraskideti/tours/%D0%91%D0%BB%D0%B0%D0%B3%D0%BE%D0%B2%D0%B5%D1%89%D0%B5%D0%BD%D1%81%D0%BA%D0%B8%D0%B9%20%D1%81%D0%BE%D0%B1%D0%BE%D1%80.jpg,https://storage.yandexcloud.net/kraskideti/tours/%D0%A6%D0%B5%D1%80%D0%BA%D0%BE%D0%B2%D1%8C%20%D0%9F%D0%BE%D0%BA%D1%80%D0%BE%D0%B2%D0%B0%20%D0%BD%D0%B0%20%D0%9D%D0%B5%D1%80%D0%BB%D0%B8.webp,https://storage.yandexcloud.net/kraskideti/tours/%D0%B3%D1%80%D0%B0%D1%84%D1%81%D0%BA%D0%B0%D1%8F%20%D0%BF%D1%80%D0%B8%D1%81%D1%82%D0%B0%D0%BD%D1%8C%20%D0%BF%D0%B0%D0%BC%D1%8F%D1%82%D0%BD%D0%B8%D0%BA.jpg,https://storage.yandexcloud.net/kraskideti/tours/%D0%A0%D0%BE%D1%81%D0%BF%D0%B8%D1%81%D0%B8%20%D0%BA%D0%BE%D1%81%D1%82%D1%91%D0%BB%D0%B0%20%D0%B2%20%D0%A1%D0%BE%D0%BB%D0%B0%D1%85.jpg,https://storage.yandexcloud.net/kraskideti/tours/%D0%98%D0%BF%D0%B0%D1%82%D1%8C%D0%B5%D0%B2%D1%81%D0%BA%D0%B8%D0%B9%20%D0%BC%D0%BE%D0%BD%D0%B0%D1%81%D1%82%D1%8B%D1%80%D1%8C.jpg,https://storage.yandexcloud.net/kraskideti/tours/%D0%A0%D0%BE%D1%81%D1%82%D0%BE%D0%B2%D1%81%D0%BA%D0%B8%D0%B9%20%D0%BA%D1%80%D0%B5%D0%BC%D0%BB%D1%8C.jpg,https://storage.yandexcloud.net/kraskideti/tours/%D0%A2%D1%80%D0%BE%D0%B8%D1%86%D0%B5-%D0%A1%D0%B5%D1%80%D0%B3%D0%B8%D0%B5%D0%B2%D0%B0%20%D0%9B%D0%B0%D0%B2%D1%80%D0%B0%20%E2%80%94%20%D0%AE%D0%9D%D0%95%D0%A1%D0%9A%D0%9E.jpg,https://storage.yandexcloud.net/kraskideti/tours/%D0%A1%D0%BF%D0%B0%D1%81%D0%BE-%D0%9F%D1%80%D0%B5%D0%BE%D0%B1%D1%80%D0%B0%D0%B6%D0%B5%D0%BD%D1%81%D0%BA%D0%B8%D0%B9.jpeg,https://storage.yandexcloud.net/kraskideti/tours/%D0%A1%D0%BF%D0%B0%D1%81%D0%BE-%D0%9F%D1%80%D0%B5%D0%BE%D0%B1%D1%80%D0%B0%D0%B6%D0%B5%D0%BD%D1%81%D0%BA%D0%B8%D0%B9.jpeg,https://storage.yandexcloud.net/kraskideti/tours/%D0%9F%D0%B5%D1%80%D0%B5%D1%81%D0%BB%D0%B0%D0%B2%D0%BB%D1%8C-%D0%97%D0%B0%D0%BB%D0%B5%D1%81%D1%81%D0%BA%D0%B8%D0%B9.webp,https://storage.yandexcloud.net/kraskideti/tours/%D0%A6%D0%B5%D1%80%D0%BA%D0%BE%D0%B2%D1%8C%20%D0%98%D0%BB%D1%8C%D0%B8.webp,https://storage.yandexcloud.net/kraskideti/tours/%D0%98%D0%BF%D0%B0%D1%82%D1%8C%D0%B5%D0%B2%D1%81%D0%BA%D0%B8%D0%B9%20%D0%BC%D0%BE%D0%BD%D0%B0%D1%81%D1%82%D1%8B%D1%80%D1%8C.jpg,https://storage.yandexcloud.net/kraskideti/tours/%D0%9A%D0%BE%D1%81%D1%82%D1%80%D0%BE%D0%BC%D1%81%D0%BA%D0%BE%D0%B9%20%D0%BA%D1%80%D0%B5%D0%BC%D0%BB%D1%8C.png,https://storage.yandexcloud.net/kraskideti/tours/%D0%9F%D0%BE%D0%BA%D1%80%D0%BE%D0%B2%D1%81%D0%BA%D0%B8%D0%B9%20%D0%BC%D0%BE%D0%BD%D0%B0%D1%81%D1%82%D1%8B%D1%80%D1%8C.webp,https://storage.yandexcloud.net/kraskideti/tours/%D0%A4%D0%BE%D1%80%D0%BE%D1%81%D1%81%D0%BA%D0%B8%D0%B9%20%D1%85%D1%80%D0%B0%D0%BC.jpg,https://storage.yandexcloud.net/kraskideti/tours/%D0%91%D0%BB%D0%B0%D0%B3%D0%BE%D0%B2%D0%B5%D1%89%D0%B5%D0%BD%D1%81%D0%BA%D0%B8%D0%B9%20%D1%81%D0%BE%D0%B1%D0%BE%D1%80.jpg,https://storage.yandexcloud.net/kraskideti/tours/%D0%94%D0%BC%D0%B8%D1%82%D1%80%D0%B8%D0%B5%D0%B2%D1%81%D0%BA%D0%B8%D0%B9%20%D1%81%D0%BE%D0%B1%D0%BE%D1%80.jpg,https://storage.yandexcloud.net/kraskideti/tours/%D0%A1%D1%83%D0%B7%D0%B4%D0%B0%D0%BB%D1%8C%D1%81%D0%BA%D0%B8%D0%B9%20%D0%BA%D1%80%D0%B5%D0%BC%D0%BB%D1%8C.jpg,https://storage.yandexcloud.net/kraskideti/tours/%D0%A0%D0%BE%D0%B6%D0%B4%D0%B5%D1%81%D1%82%D0%B2%D0%B5%D0%BD%D1%81%D0%BA%D0%B8%D0%B9%20%D1%81%D0%BE%D0%B1%D0%BE%D1%80.jpg,https://storage.yandexcloud.net/kraskideti/tours/%D0%9F%D0%BE%D0%BA%D1%80%D0%BE%D0%B2%D1%81%D0%BA%D0%B8%D0%B9%20%D0%BC%D0%BE%D0%BD%D0%B0%D1%81%D1%82%D1%8B%D1%80%D1%8C.webp,https://storage.yandexcloud.net/kraskideti/tours/%D0%A1%D0%BF%D0%B0%D1%81%D0%BE-%D0%9F%D1%80%D0%B5%D0%BE%D0%B1%D1%80%D0%B0%D0%B6%D0%B5%D0%BD%D1%81%D0%BA%D0%B8%D0%B9.jpeg,https://storage.yandexcloud.net/kraskideti/tours/%D0%9A%D0%BE%D1%81%D1%82%D1%80%D0%BE%D0%BC%D1%81%D0%BA%D0%BE%D0%B9%20%D0%BA%D1%80%D0%B5%D0%BC%D0%BB%D1%8C.png,https://storage.yandexcloud.net/kraskideti/tours/%D0%91%D0%BE%D0%B3%D0%BE%D1%8F%D0%B2%D0%BB%D0%B5%D0%BD%D1%81%D0%BA%D0%B8%D0%B9%20%D1%81%D0%BE%D0%B1%D0%BE%D1%80.jpg,https://storage.yandexcloud.net/kraskideti/tours/%D0%90%D0%BB%D0%B5%D0%BA%D1%81%D0%B0%D0%BD%D0%B4%D1%80%D0%BE%D0%B2%D1%81%D0%BA%D0%B8%D0%B9%20%D0%BA%D1%80%D0%B5%D0%BC%D0%BB%D1%8C.jpg,https://storage.yandexcloud.net/kraskideti/tours/%D0%90%D0%BB%D0%B5%D0%BA%D1%81%D0%B0%D0%BD%D0%B4%D1%80%D0%BE%D0%B2%D1%81%D0%BA%D0%B8%D0%B9%20%D0%BA%D1%80%D0%B5%D0%BC%D0%BB%D1%8C.jpg,https://storage.yandexcloud.net/kraskideti/tours/%D0%9C%D1%83%D0%B7%D0%B5%D0%B9%20%D1%84%D0%B8%D0%BD%D0%B8%D1%84%D1%82%D0%B8.jpg,https://storage.yandexcloud.net/kraskideti/tours/%D0%91%D0%BB%D0%B0%D0%B3%D0%BE%D0%B2%D0%B5%D1%89%D0%B5%D0%BD%D1%81%D0%BA%D0%B8%D0%B9%20%D1%81%D0%BE%D0%B1%D0%BE%D1%80.jpg,https://storage.yandexcloud.net/kraskideti/tours/%D0%A6%D0%B5%D1%80%D0%BA%D0%BE%D0%B2%D1%8C%20%D0%9F%D0%BE%D0%BA%D1%80%D0%BE%D0%B2%D0%B0%20%D0%BD%D0%B0%20%D0%9D%D0%B5%D1%80%D0%BB%D0%B8.webp,https://storage.yandexcloud.net/kraskideti/tours/%D0%9C%D1%83%D0%B7%D0%B5%D0%B9%20%D0%B8%D0%B2%D0%B0%D0%BD%D0%BE%D0%B2%D1%81%D0%BA%D0%BE%D0%B3%D0%BE%20%D1%81%D0%B8%D1%82%D1%86%D0%B0.jpg,https://storage.yandexcloud.net/kraskideti/tours/%D0%A0%D0%BE%D1%81%D1%82%D0%BE%D0%B2%D1%81%D0%BA%D0%B8%D0%B9%20%D0%BA%D1%80%D0%B5%D0%BC%D0%BB%D1%8C.jpg,,,,,,,,,,
,1110,Москва день за днём,moskva-den-za-dnyom-5-dnej,5,Большая Страна,https://bolshayastrana.com/moskva/moskva-den-za-dnem-puteshestvie-za-5-dnej-229600,https://storage.yandexcloud.net/kraskideti/tours/%D0%90%D0%BB%D1%83%D0%BF%D0%BA%D0%B8%D0%BD%D1%81%D0%BA%D0%B8%D0%B9%20%D0%BF%D0%B0%D1%80%D0%BA.webp,https://storage.yandexcloud.net/kraskideti/tours/%D0%9A%D0%BE%D1%81%D1%82%D1%80%D0%BE%D0%BC%D1%81%D0%BA%D0%BE%D0%B9%20%D0%BA%D1%80%D0%B5%D0%BC%D0%BB%D1%8C.png,https://storage.yandexcloud.net/kraskideti/tours/%D0%9F%D0%B0%D1%80%D0%BA%20%D0%93%D0%BE%D1%80%D1%8C%D0%BA%D0%BE%D0%B3%D0%BE.jpg,https://storage.yandexcloud.net/kraskideti/tours/%D0%98%D0%BD%D1%82%D0%B5%D1%80%D0%B0%D0%BA%D1%82%D0%B8%D0%B2%D0%BD%D1%8B%D0%B9%20%D0%BC%D1%83%D0%B7%D0%B5%D0%B9%20%D0%BA%D0%BE%D1%87%D0%B5%D0%B2%D0%BE%D0%B9%20%D0%BA%D1%83%D0%BB%D1%8C%D1%82%D1%83%D1%80%D1%8B.webp,https://storage.yandexcloud.net/kraskideti/tours/%D0%9F%D0%BB%D0%BE%D1%89%D0%B0%D0%B4%D1%8C%20%D0%9F%D1%83%D1%88%D0%BA%D0%B8%D0%BD%D0%B0.webp,https://storage.yandexcloud.net/kraskideti/tours/%D0%A1%D0%BC%D0%BE%D1%82%D1%80%D0%BE%D0%B2%D0%B0%D1%8F%20%D0%B2%D1%8B%D1%88%D0%BA%D0%B0%20%D0%BD%D0%B0%D0%B4%20%D0%94%D0%BE%D0%BD%D1%81%D0%BA%D0%BE%D0%B9%20%D1%81%D1%82%D0%B5%D0%BF%D1%8C%D1%8E.webp,https://storage.yandexcloud.net/kraskideti/tours/%D0%9A%D1%80%D1%8B%D0%BC%D1%81%D0%BA%D0%B8%D0%B9%20%D0%BC%D0%BE%D1%81%D1%82.avif,https://storage.yandexcloud.net/kraskideti/tours/%D0%91%D0%B0%D1%85%D1%87%D0%B8%D1%81%D0%B0%D1%80%D0%B0%D0%B9%20%D0%B8%20%D0%A5%D0%B0%D0%BD%D1%81%D0%BA%D0%B8%D0%B9%20%D0%B4%D0%B2%D0%BE%D1%80%D0%B5%D1%86.jpg,https://storage.yandexcloud.net/kraskideti/tours/%D0%9F%D0%B0%D0%BC%D1%8F%D1%82%D0%BD%D0%B8%D0%BA%20%D0%9F%D0%B5%D1%82%D1%80%D1%83.webp,https://storage.yandexcloud.net/kraskideti/tours/%D0%98%D0%BD%D1%82%D0%B5%D1%80%D0%B0%D0%BA%D1%82%D0%B8%D0%B2%D0%BD%D1%8B%D0%B9%20%D0%BC%D1%83%D0%B7%D0%B5%D0%B9%20%D0%BA%D0%BE%D1%87%D0%B5%D0%B2%D0%BE%D0%B9%20%D0%BA%D1%83%D0%BB%D1%8C%D1%82%D1%83%D1%80%D1%8B.webp,https://storage.yandexcloud.net/kraskideti/tours/%D0%91%D0%BB%D0%B0%D0%B3%D0%BE%D0%B2%D0%B5%D1%89%D0%B5%D0%BD%D1%81%D0%BA%D0%B0%D1%8F%20%D1%86%D0%B5%D1%80%D0%BA%D0%BE%D0%B2%D1%8C.webp,https://storage.yandexcloud.net/kraskideti/tours/%D0%91%D0%B0%D1%85%D1%87%D0%B8%D1%81%D0%B0%D1%80%D0%B0%D0%B9%20%D0%B8%20%D0%A5%D0%B0%D0%BD%D1%81%D0%BA%D0%B8%D0%B9%20%D0%B4%D0%B2%D0%BE%D1%80%D0%B5%D1%86.jpg,https://storage.yandexcloud.net/kraskideti/tours/%D0%9C%D0%BE%D1%81%D1%82%20%D0%9C%D0%B8%D1%80%D0%B0.jpg,,https://storage.yandexcloud.net/kraskideti/tours/%D0%A4%D0%BE%D1%80%D0%BE%D1%81%D1%81%D0%BA%D0%B8%D0%B9%20%D1%85%D1%80%D0%B0%D0%BC.jpg,https://storage.yandexcloud.net/kraskideti/tours/%D0%93%D0%B0%D0%BB%D0%B0%D1%82%D1%81%D0%BA%D0%B8%D0%B9%20%D0%BC%D0%BE%D1%81%D1%82.jpg,https://storage.yandexcloud.net/kraskideti/tours/%D0%93%D0%BE%D1%80%D0%B0%20%D0%9C%D0%B8%D1%82%D1%80%D0%B8%D0%B4%D0%B0%D1%82.jpg,,,,,,,,,,,,,,,,,,,,,,,,
,1111,Москва на выходные,moskva-na-vyhodnye,3,Большая Страна,https://bolshayastrana.com/moskva/moskva-den-za-dnem-puteshestvie-za-2-dnya-229605,https://storage.yandexcloud.net/kraskideti/tours/%D0%93%D1%80%D0%BE%D0%B7%D0%BD%D1%8B%D0%B9-%D0%A1%D0%B8%D1%82%D0%B8.png,https://storage.yandexcloud.net/kraskideti/tours/%D0%A5%D0%B0%D0%BD%D1%81%D0%BA%D0%B8%D0%B9%20%D0%B4%D0%B2%D0%BE%D1%80%D0%B5%D1%86.jpg,https://storage.yandexcloud.net/kraskideti/tours/%D0%9D%D0%B0%D1%80%D0%B7%D0%B0%D0%BD%D0%BD%D0%B0%D1%8F%20%D0%B3%D0%B0%D0%BB%D0%B5%D1%80%D0%B5%D1%8F.jpg,https://storage.yandexcloud.net/kraskideti/tours/%D0%A0%D0%BE%D1%81%D1%82%D0%BE%D0%B2%D1%81%D0%BA%D0%B8%D0%B9%20%D0%BA%D1%80%D0%B5%D0%BC%D0%BB%D1%8C.jpg,https://storage.yandexcloud.net/kraskideti/tours/%D0%92%D0%B5%D1%80%D1%85%D0%BD%D0%B8%D0%B9%20%D0%B3%D0%BE%D1%80%D0%BE%D0%B4.jpg,,,https://storage.yandexcloud.net/kraskideti/tours/%D0%93%D1%80%D0%BE%D0%B7%D0%BD%D1%8B%D0%B9-%D0%A1%D0%B8%D1%82%D0%B8.png,,,,,https://storage.yandexcloud.net/kraskideti/tours/%D0%91%D0%BB%D0%B0%D0%B3%D0%BE%D0%B2%D0%B5%D1%89%D0%B5%D0%BD%D1%81%D0%BA%D0%B8%D0%B9%20%D1%81%D0%BE%D0%B1%D0%BE%D1%80.jpg,https://storage.yandexcloud.net/kraskideti/tours/%D0%91%D0%BB%D0%B0%D0%B3%D0%BE%D0%B2%D0%B5%D1%89%D0%B5%D0%BD%D1%81%D0%BA%D0%B8%D0%B9%20%D1%81%D0%BE%D0%B1%D0%BE%D1%80.jpg,https://storage.yandexcloud.net/kraskideti/tours/%D0%91%D0%BB%D0%B0%D0%B3%D0%BE%D0%B2%D0%B5%D1%89%D0%B5%D0%BD%D1%81%D0%BA%D0%B8%D0%B9%20%D1%81%D0%BE%D0%B1%D0%BE%D1%80.jpg,,,,,,,,,,,,,,,,,,,,,,,,,,
,1112,Москва — столичные выходные,moskva-stolichnye-vyhodnye,4,Большая Страна,https://bolshayastrana.com/moskva/tri-dnya-v-moskve-345550,https://storage.yandexcloud.net/kraskideti/tours/%D0%9C%D1%83%D0%B7%D0%B5%D0%B9%20%C2%AB%D0%93%D0%BE%D1%80%D0%BE%D0%B4%D1%81%D0%BA%D0%B0%D1%8F%20%D0%BF%D0%B0%D0%BD%D0%BE%D1%80%D0%B0%D0%BC%D0%B0%C2%BB.jpg,https://storage.yandexcloud.net/kraskideti/tours/%D0%9F%D0%BB%D0%BE%D1%89%D0%B0%D0%B4%D1%8C%20%D0%A1%D0%B2%D0%BE%D0%B1%D0%BE%D0%B4%D1%8B%20%D0%BA%D0%B0%D0%B7%D0%B0%D0%BD%D1%8C.jpg,https://storage.yandexcloud.net/kraskideti/tours/%D0%A3%D1%81%D0%B0%D0%B4%D1%8C%D0%B1%D0%B0%20%D0%A0%D0%B5%D0%BF%D0%B8%D0%BD%D0%B0%20%D0%B2%20%D0%97%D0%B4%D1%80%D0%B0%D0%B2%D0%BD%D1%91%D0%B2%D0%BE.jpg,,,,https://storage.yandexcloud.net/kraskideti/tours/%D0%9F%D0%B0%D1%80%D0%BA%20%D0%9C%D0%BE%D1%80%D0%B8%D1%86%D0%B0.jpg,https://storage.yandexcloud.net/kraskideti/tours/%D0%9A%D1%80%D0%B0%D1%81%D0%BD%D0%B0%D1%8F%20%D0%9F%D0%BE%D0%BB%D1%8F%D0%BD%D0%B0.jpg,https://storage.yandexcloud.net/kraskideti/tours/%D0%9C%D0%BE%D0%BD%D0%B0%D1%81%D1%82%D1%8B%D1%80%D1%8C%20%D0%94%D0%B6%D0%B2%D0%B0%D1%80%D0%B8.webp,https://storage.yandexcloud.net/kraskideti/tours/%D0%9A%D1%80%D1%8B%D0%BC%D1%81%D0%BA%D0%B8%D0%B9%20%D0%BC%D0%BE%D1%81%D1%82.avif,,https://storage.yandexcloud.net/kraskideti/tours/%D0%94%D0%BE%D0%BC-%D0%BF%D0%BE%D0%B4%D0%BA%D0%BE%D0%B2%D0%B0.jpg,https://storage.yandexcloud.net/kraskideti/tours/%D0%A4%D0%BE%D1%80%D0%BE%D1%81%D1%81%D0%BA%D0%B8%D0%B9%20%D1%85%D1%80%D0%B0%D0%BC.jpg,https://storage.yandexcloud.net/kraskideti/tours/%D0%93%D0%BE%D1%80%D0%B0%20%D0%9C%D0%B8%D1%82%D1%80%D0%B8%D0%B4%D0%B0%D1%82.jpg,https://storage.yandexcloud.net/kraskideti/tours/%D0%98%D0%BD%D1%82%D0%B5%D1%80%D0%B0%D0%BA%D1%82%D0%B8%D0%B2%D0%BD%D1%8B%D0%B9%20%D0%BC%D1%83%D0%B7%D0%B5%D0%B9%20%D0%BA%D0%BE%D1%87%D0%B5%D0%B2%D0%BE%D0%B9%20%D0%BA%D1%83%D0%BB%D1%8C%D1%82%D1%83%D1%80%D1%8B.webp,https://storage.yandexcloud.net/kraskideti/tours/%D0%A0%D0%BE%D1%81%D1%82%D0%BE%D0%B2%D1%81%D0%BA%D0%B8%D0%B9%20%D0%BA%D1%80%D0%B5%D0%BC%D0%BB%D1%8C.jpg,https://storage.yandexcloud.net/kraskideti/tours/%D0%91%D0%BB%D0%B0%D0%B3%D0%BE%D0%B2%D0%B5%D1%89%D0%B5%D0%BD%D1%81%D0%BA%D0%B8%D0%B9%20%D1%81%D0%BE%D0%B1%D0%BE%D1%80.jpg,https://storage.yandexcloud.net/kraskideti/tours/%D0%91%D0%BB%D0%B0%D0%B3%D0%BE%D0%B2%D0%B5%D1%89%D0%B5%D0%BD%D1%81%D0%BA%D0%B8%D0%B9%20%D1%81%D0%BE%D0%B1%D0%BE%D1%80.jpg,https://storage.yandexcloud.net/kraskideti/tours/%D0%9D%D0%B0%D1%80%D0%B7%D0%B0%D0%BD%D0%BD%D0%B0%D1%8F%20%D0%B3%D0%B0%D0%BB%D0%B5%D1%80%D0%B5%D1%8F.jpg,,,,https://storage.yandexcloud.net/kraskideti/tours/%D0%9F%D0%B0%D1%80%D0%BA%20%D0%A0%D0%B8%D0%BA%D0%BE.webp,https://storage.yandexcloud.net/kraskideti/tours/%D0%98%D0%BD%D1%82%D0%B5%D1%80%D0%B0%D0%BA%D1%82%D0%B8%D0%B2%D0%BD%D1%8B%D0%B9%20%D0%BC%D1%83%D0%B7%D0%B5%D0%B9%20%D0%BA%D0%BE%D1%87%D0%B5%D0%B2%D0%BE%D0%B9%20%D0%BA%D1%83%D0%BB%D1%8C%D1%82%D1%83%D1%80%D1%8B.webp,,https://storage.yandexcloud.net/kraskideti/tours/%D0%98%D1%81%D0%B0%D0%B0%D0%BA%D0%B8%D0%B5%D0%B2%D1%81%D0%BA%D0%B0%D1%8F%20%D0%BF%D0%BB%D0%BE%D1%89%D0%B0%D0%B4%D1%8C.jpg,,,,,,,,,,,,,,,
,1113,Московская история за 7 дней,moskovskaya-istoriya-7-dnej,7,Большая Страна,https://bolshayastrana.com/moskva/moskovskaya-istoriya-za-7-dnej-229413,https://storage.yandexcloud.net/kraskideti/tours/%D0%9F%D0%B0%D1%80%D0%BA%20%D0%9F%D0%B0%D1%82%D1%80%D0%B8%D0%BE%D1%82.jpg,https://storage.yandexcloud.net/kraskideti/tours/%D0%9A%D0%BE%D1%81%D1%82%D1%80%D0%BE%D0%BC%D1%81%D0%BA%D0%BE%D0%B9%20%D0%BA%D1%80%D0%B5%D0%BC%D0%BB%D1%8C.png,,https://storage.yandexcloud.net/kraskideti/tours/%D0%9D%D0%B0%D1%80%D0%B7%D0%B0%D0%BD%D0%BD%D0%B0%D1%8F%20%D0%B3%D0%B0%D0%BB%D0%B5%D1%80%D0%B5%D1%8F.jpg,https://storage.yandexcloud.net/kraskideti/tours/%D0%A2%D1%80%D0%BE%D0%B8%D1%86%D0%B5-%D0%A1%D0%B5%D1%80%D0%B3%D0%B8%D0%B5%D0%B2%D0%B0%20%D0%9B%D0%B0%D0%B2%D1%80%D0%B0%20%E2%80%94%20%D0%AE%D0%9D%D0%95%D0%A1%D0%9A%D0%9E.jpg,https://storage.yandexcloud.net/kraskideti/tours/%D0%9F%D0%B0%D1%80%D0%BA%20%D0%A0%D0%B8%D0%BA%D0%BE.webp,https://storage.yandexcloud.net/kraskideti/tours/%D0%A0%D0%BE%D1%81%D1%82%D0%BE%D0%B2%D1%81%D0%BA%D0%B8%D0%B9%20%D0%BA%D1%80%D0%B5%D0%BC%D0%BB%D1%8C.jpg,https://storage.yandexcloud.net/kraskideti/tours/%D0%9F%D0%BE%D0%BB%D1%91%D1%82%D1%8B%20%D0%BD%D0%B0%20%D0%BF%D0%B0%D1%80%D0%B0%D0%BF%D0%BB%D0%B0%D0%BD%D0%B5%20%D0%BD%D0%B0%D0%B4%20%D0%A7%D0%B5%D0%B3%D0%B5%D0%BC%D0%BE%D0%BC.webp,https://storage.yandexcloud.net/kraskideti/tours/%D0%9A%D1%80%D1%8B%D0%BC%D1%81%D0%BA%D0%B8%D0%B9%20%D0%BC%D0%BE%D1%81%D1%82.avif,,https://storage.yandexcloud.net/kraskideti/tours/%D0%A3%D1%81%D0%B0%D0%B4%D1%8C%D0%B1%D0%B0%20%D0%9E%D0%B3%D0%B8%D0%BD%D1%81%D0%BA%D0%BE%D0%B3%D0%BE.webp,https://storage.yandexcloud.net/kraskideti/tours/%D0%9A%D0%B0%D1%84%D0%B5%D0%B4%D1%80%D0%B0%D0%BB%D1%8C%D0%BD%D1%8B%D0%B9%20%D1%81%D0%BE%D0%B1%D0%BE%D1%80.jpg,https://storage.yandexcloud.net/kraskideti/tours/%D0%B3%D1%80%D0%B0%D1%84%D1%81%D0%BA%D0%B0%D1%8F%20%D0%BF%D1%80%D0%B8%D1%81%D1%82%D0%B0%D0%BD%D1%8C%20%D0%BF%D0%B0%D0%BC%D1%8F%D1%82%D0%BD%D0%B8%D0%BA.jpg,https://storage.yandexcloud.net/kraskideti/tours/%D0%90%D0%BB%D0%B5%D0%BA%D1%81%D0%B0%D0%BD%D0%B4%D1%80%D0%BE%D0%B2%D1%81%D0%BA%D0%B0%D1%8F%20%D1%81%D0%BB%D0%BE%D0%B1%D0%BE%D0%B4%D0%B0%20%D0%98%D0%B2%D0%B0%D0%BD%D0%B0%20%D0%93%D1%80%D0%BE%D0%B7%D0%BD%D0%BE%D0%B3%D0%BE.webp,https://storage.yandexcloud.net/kraskideti/tours/%D0%91%D0%BB%D0%B0%D0%B3%D0%BE%D0%B2%D0%B5%D1%89%D0%B5%D0%BD%D1%81%D0%BA%D0%B0%D1%8F%20%D1%86%D0%B5%D1%80%D0%BA%D0%BE%D0%B2%D1%8C.webp,https://storage.yandexcloud.net/kraskideti/tours/%D0%98%D0%BD%D1%82%D0%B5%D1%80%D0%B0%D0%BA%D1%82%D0%B8%D0%B2%D0%BD%D1%8B%D0%B9%20%D0%BC%D1%83%D0%B7%D0%B5%D0%B9%20%D0%BA%D0%BE%D1%87%D0%B5%D0%B2%D0%BE%D0%B9%20%D0%BA%D1%83%D0%BB%D1%8C%D1%82%D1%83%D1%80%D1%8B.webp,https://storage.yandexcloud.net/kraskideti/tours/%D0%91%D0%BB%D0%B0%D0%B3%D0%BE%D0%B2%D0%B5%D1%89%D0%B5%D0%BD%D1%81%D0%BA%D0%B0%D1%8F%20%D1%86%D0%B5%D1%80%D0%BA%D0%BE%D0%B2%D1%8C.webp,https://storage.yandexcloud.net/kraskideti/tours/%D0%9F%D0%B0%D0%B2%D0%BB%D0%BE%D0%B2%D1%81%D0%BA%D0%B0%D1%8F%20%D1%86%D0%B5%D1%80%D0%BA%D0%BE%D0%B2%D1%8C.jpg,https://storage.yandexcloud.net/kraskideti/tours/%D0%91%D0%BB%D0%B0%D0%B3%D0%BE%D0%B2%D0%B5%D1%89%D0%B5%D0%BD%D1%81%D0%BA%D0%B8%D0%B9%20%D1%81%D0%BE%D0%B1%D0%BE%D1%80.jpg,https://storage.yandexcloud.net/kraskideti/tours/%D0%9C%D0%BE%D1%81%D1%82%20%D0%9C%D0%B8%D1%80%D0%B0.jpg,https://storage.yandexcloud.net/kraskideti/tours/%D0%93%D1%80%D0%BE%D0%B7%D0%BD%D1%8B%D0%B9-%D0%A1%D0%B8%D1%82%D0%B8.png,https://storage.yandexcloud.net/kraskideti/tours/%D0%A4%D0%BE%D1%80%D0%BE%D1%81%D1%81%D0%BA%D0%B8%D0%B9%20%D1%85%D1%80%D0%B0%D0%BC.jpg,https://storage.yandexcloud.net/kraskideti/tours/%D0%9C%D1%83%D0%B7%D0%B5%D0%B9%20%C2%AB%D0%93%D0%BE%D1%80%D0%BE%D0%B4%D1%81%D0%BA%D0%B0%D1%8F%20%D0%BF%D0%B0%D0%BD%D0%BE%D1%80%D0%B0%D0%BC%D0%B0%C2%BB.jpg,https://storage.yandexcloud.net/kraskideti/tours/%D0%9F%D0%BE%D0%BB%D1%91%D1%82%D1%8B%20%D0%BD%D0%B0%20%D0%BF%D0%B0%D1%80%D0%B0%D0%BF%D0%BB%D0%B0%D0%BD%D0%B5%20%D0%BD%D0%B0%D0%B4%20%D0%A7%D0%B5%D0%B3%D0%B5%D0%BC%D0%BE%D0%BC.webp,https://storage.yandexcloud.net/kraskideti/tours/%D0%BF%D0%B0%D1%80%D0%BA%20%D0%BE%D0%B1%D0%BB%D0%B0%D0%BA%D0%BE%D0%B2.webp,,https://storage.yandexcloud.net/kraskideti/tours/%D0%A5%D0%B0%D0%BD%D1%81%D0%BA%D0%B8%D0%B9%20%D0%B4%D0%B2%D0%BE%D1%80%D0%B5%D1%86.jpg,https://storage.yandexcloud.net/kraskideti/tours/%D0%98%D1%81%D0%B0%D0%B0%D0%BA%D0%B8%D0%B5%D0%B2%D1%81%D0%BA%D0%B0%D1%8F%20%D0%BF%D0%BB%D0%BE%D1%89%D0%B0%D0%B4%D1%8C.jpg,https://storage.yandexcloud.net/kraskideti/tours/%D0%90%D0%BB%D0%B5%D0%BA%D1%81%D0%B0%D0%BD%D0%B4%D1%80%D0%BE%D0%B2%D1%81%D0%BA%D0%B0%D1%8F%20%D1%81%D0%BB%D0%BE%D0%B1%D0%BE%D0%B4%D0%B0%20%D0%98%D0%B2%D0%B0%D0%BD%D0%B0%20%D0%93%D1%80%D0%BE%D0%B7%D0%BD%D0%BE%D0%B3%D0%BE.webp,,,,,,,,,,,,
,1114,Московский калейдоскоп,moskva-kalejdoskop-5-dnej,5,Большая Страна,https://bolshayastrana.com/moskva/glavnye-dostoprimechatelnosti-moskvy-98037,https://storage.yandexcloud.net/kraskideti/tours/%D0%93%D1%80%D0%BE%D0%B7%D0%BD%D1%8B%D0%B9-%D0%A1%D0%B8%D1%82%D0%B8.png,https://storage.yandexcloud.net/kraskideti/tours/%D0%98%D0%BD%D1%82%D0%B5%D1%80%D0%B0%D0%BA%D1%82%D0%B8%D0%B2%D0%BD%D1%8B%D0%B9%20%D0%BC%D1%83%D0%B7%D0%B5%D0%B9%20%D0%BA%D0%BE%D1%87%D0%B5%D0%B2%D0%BE%D0%B9%20%D0%BA%D1%83%D0%BB%D1%8C%D1%82%D1%83%D1%80%D1%8B.webp,https://storage.yandexcloud.net/kraskideti/tours/%D0%9D%D0%B0%D1%80%D0%B7%D0%B0%D0%BD%D0%BD%D0%B0%D1%8F%20%D0%B3%D0%B0%D0%BB%D0%B5%D1%80%D0%B5%D1%8F.jpg,,https://storage.yandexcloud.net/kraskideti/tours/%D0%A0%D0%BE%D1%81%D1%82%D0%BE%D0%B2%D1%81%D0%BA%D0%B8%D0%B9%20%D0%BA%D1%80%D0%B5%D0%BC%D0%BB%D1%8C.jpg,,,,https://storage.yandexcloud.net/kraskideti/tours/%D0%93%D1%80%D0%BE%D0%B7%D0%BD%D1%8B%D0%B9-%D0%A1%D0%B8%D1%82%D0%B8.png,,,,,https://storage.yandexcloud.net/kraskideti/tours/%D0%A1%D0%BE%D0%B1%D0%B0%D1%87%D0%BA%D0%B8%D0%BD%D0%B0%20%D1%81%D1%82%D0%BE%D0%BB%D0%B8%D1%86%D0%B0.jpg,,https://storage.yandexcloud.net/kraskideti/tours/%D0%A4%D0%BE%D1%80%D0%BE%D1%81%D1%81%D0%BA%D0%B8%D0%B9%20%D1%85%D1%80%D0%B0%D0%BC.jpg,,https://storage.yandexcloud.net/kraskideti/tours/%D0%A5%D0%B0%D0%BD%D1%81%D0%BA%D0%B8%D0%B9%20%D0%B4%D0%B2%D0%BE%D1%80%D0%B5%D1%86.jpg,,,,,,,,,,,,,,,,,,,,,,,
,1115,Петербург и Валаам на метеоре — 5 дней,peterburg-i-valaam-5-dnej,5,Большая Страна,https://bolshayastrana.com/leningradskaya-oblast/svyatye-kupola-sankt-peterburga-i-valaama-365553,https://storage.yandexcloud.net/kraskideti/tours/%D0%91%D0%B5%D0%BB%D1%8B%D0%B5%20%D0%BD%D0%BE%D1%87%D0%B8%20%D0%9F%D0%B5%D1%82%D0%B5%D1%80%D0%B1%D1%83%D1%80%D0%B3%D0%B0.jpg,https://storage.yandexcloud.net/kraskideti/tours/%D0%A7%D0%BE%D0%BA%D1%80%D0%B0%D0%BA%D1%81%D0%BA%D0%BE%D0%B5%20%D0%BE%D0%B7%D0%B5%D1%80%D0%BE.jpg,https://storage.yandexcloud.net/kraskideti/tours/%D0%A1%D0%BF%D0%B0%D1%81%D0%BE-%D0%9F%D1%80%D0%B5%D0%BE%D0%B1%D1%80%D0%B0%D0%B6%D0%B5%D0%BD%D1%81%D0%BA%D0%B8%D0%B9.jpeg,https://storage.yandexcloud.net/kraskideti/tours/%D0%9F%D0%BE%D0%BA%D1%80%D0%BE%D0%B2%D1%81%D0%BA%D0%B8%D0%B9%20%D0%BC%D0%BE%D0%BD%D0%B0%D1%81%D1%82%D1%8B%D1%80%D1%8C.webp,https://storage.yandexcloud.net/kraskideti/tours/%D0%A3%D1%81%D0%BF%D0%B5%D0%BD%D1%81%D0%BA%D0%B8%D0%B9%20%D0%BC%D0%BE%D0%BD%D0%B0%D1%81%D1%82%D1%8B%D1%80%D1%8C%20%D0%BA%D0%B0%D0%B7%D0%B0%D0%BD%D1%8C.webp,https://storage.yandexcloud.net/kraskideti/tours/%D0%98%D0%BD%D1%82%D0%B5%D1%80%D0%B0%D0%BA%D1%82%D0%B8%D0%B2%D0%BD%D1%8B%D0%B9%20%D0%BC%D1%83%D0%B7%D0%B5%D0%B9%20%D0%BA%D0%BE%D1%87%D0%B5%D0%B2%D0%BE%D0%B9%20%D0%BA%D1%83%D0%BB%D1%8C%D1%82%D1%83%D1%80%D1%8B.webp,https://storage.yandexcloud.net/kraskideti/tours/%D0%AD%D1%80%D0%BC%D0%B8%D1%82%D0%B0%D0%B6%20%D0%B8%20%D0%9F%D0%B5%D1%82%D0%B5%D1%80%D0%B3%D0%BE%D1%84.webp,,https://storage.yandexcloud.net/kraskideti/tours/%D0%9C%D0%B8%D0%BD%D1%81%D0%BA-%D0%90%D1%80%D0%B5%D0%BD%D0%B0.webp,https://storage.yandexcloud.net/kraskideti/tours/%D0%93%D0%BE%D1%80%D0%B0%20%D0%9C%D0%B8%D1%82%D1%80%D0%B8%D0%B4%D0%B0%D1%82.jpg,https://storage.yandexcloud.net/kraskideti/tours/%D0%A4%D0%B8%D0%BD%D1%81%D0%BA%D0%B8%D0%B9%20%D0%B7%D0%B0%D0%BB%D0%B8%D0%B2.jpg,https://storage.yandexcloud.net/kraskideti/tours/%D0%93%D0%BE%D0%BB%D1%83%D0%B1%D0%BE%D0%B5%20%D0%BE%D0%B7%D0%B5%D1%80%D0%BE.jpg,https://storage.yandexcloud.net/kraskideti/tours/%D0%9D%D0%B5%D0%B2%D1%81%D0%BA%D0%B8%D0%B9%20%D0%BF%D1%80%D0%BE%D1%81%D0%BF%D0%B5%D0%BA%D1%82.jpeg,https://storage.yandexcloud.net/kraskideti/tours/%D0%9D%D0%B5%D0%B2%D1%81%D0%BA%D0%B8%D0%B9%20%D0%BF%D1%80%D0%BE%D1%81%D0%BF%D0%B5%D0%BA%D1%82.jpeg,,,,,https://storage.yandexcloud.net/kraskideti/tours/%D0%A4%D0%BE%D0%BD%D1%82%D0%B0%D0%BD%D1%8B%20%D0%9F%D0%B5%D1%82%D0%B5%D1%80%D0%B3%D0%BE%D1%84%D0%B0.jpg,https://storage.yandexcloud.net/kraskideti/tours/%D0%98%D0%BD%D1%82%D0%B5%D1%80%D0%B0%D0%BA%D1%82%D0%B8%D0%B2%D0%BD%D1%8B%D0%B9%20%D0%BC%D1%83%D0%B7%D0%B5%D0%B9%20%D0%BA%D0%BE%D1%87%D0%B5%D0%B2%D0%BE%D0%B9%20%D0%BA%D1%83%D0%BB%D1%8C%D1%82%D1%83%D1%80%D1%8B.webp,https://storage.yandexcloud.net/kraskideti/tours/%D0%9F%D0%B5%D1%82%D1%80%D0%BE%D0%BF%D0%B0%D0%B2%D0%BB%D0%BE%D0%B2%D1%81%D0%BA%D0%B0%D1%8F%20%D0%BA%D1%80%D0%B5%D0%BF%D0%BE%D1%81%D1%82%D1%8C.jpg,https://storage.yandexcloud.net/kraskideti/tours/%D0%9E%D1%81%D1%82%D1%80%D0%BE%D0%B2%20%D0%9A%D0%B8%D0%B6%D0%B8.jpg,https://storage.yandexcloud.net/kraskideti/tours/%D0%9E%D1%81%D1%82%D1%80%D0%BE%D0%B2%20%D0%9A%D0%B8%D0%B6%D0%B8.jpg,https://storage.yandexcloud.net/kraskideti/tours/%D0%9E%D0%B7%D0%B5%D1%80%D0%BE%20%D0%A1%D0%B5%D0%B2%D0%B0%D0%BD%20%E2%80%94%20%C2%AB%D0%B0%D1%80%D0%BC%D1%8F%D0%BD%D1%81%D0%BA%D0%BE%D0%B5%20%D0%BC%D0%BE%D1%80%D0%B5%C2%BB.jpg,,,,,,,,,,,,,,,,,
,1116,Петербург и Выборг — 5 дней,peterburg-i-vyborg-5-dnej,5,Большая Страна,https://bolshayastrana.com/leningradskaya-oblast/mnogolikij-peterburg-i-neizvestnyj-vyborg-362983,https://storage.yandexcloud.net/kraskideti/tours/%D0%9F%D0%B0%D0%BC%D1%8F%D1%82%D0%BD%D0%B8%D0%BA%20%D0%9F%D0%B5%D1%82%D1%80%D1%83.webp,https://storage.yandexcloud.net/kraskideti/tours/%D0%9A%D1%80%D0%B5%D0%BF%D0%BE%D1%81%D1%82%D1%8C%20%D0%A0%D0%B0%D0%B1%D0%B0%D1%82.webp,https://storage.yandexcloud.net/kraskideti/tours/%D0%90%D0%BB%D1%83%D0%BF%D0%BA%D0%B8%D0%BD%D1%81%D0%BA%D0%B8%D0%B9%20%D0%BF%D0%B0%D1%80%D0%BA.webp,https://storage.yandexcloud.net/kraskideti/tours/%D0%9A%D0%BE%D1%80%D0%BE%D0%BB%D0%B5%D0%B2%D1%81%D0%BA%D0%B8%D0%B9%20%D0%B7%D0%B0%D0%BC%D0%BE%D0%BA.webp,,https://storage.yandexcloud.net/kraskideti/tours/%D0%9C%D0%B0%D1%81%D1%82%D0%B5%D1%80-%D0%BA%D0%BB%D0%B0%D1%81%D1%81%20%D0%BF%D0%BE%20%D0%BF%D0%B0%D0%BB%D0%B5%D1%85%D1%81%D0%BA%D0%BE%D0%B9%20%D1%80%D0%BE%D1%81%D0%BF%D0%B8%D1%81%D0%B8.jpg,https://storage.yandexcloud.net/kraskideti/tours/%D0%9F%D1%80%D0%BE%D0%B3%D1%83%D0%BB%D0%BA%D0%B0%20%D0%BF%D0%BE%20%D0%91%D0%BE%D1%81%D1%84%D0%BE%D1%80%D1%83.jpg,https://storage.yandexcloud.net/kraskideti/tours/%D0%9E%D1%81%D1%82%D1%80%D0%BE%D0%B2%20%D0%9A%D0%B8%D0%B6%D0%B8.jpg,https://storage.yandexcloud.net/kraskideti/tours/%D0%91%D0%BE%D0%B3%D0%BE%D1%8F%D0%B2%D0%BB%D0%B5%D0%BD%D1%81%D0%BA%D0%B8%D0%B9%20%D1%81%D0%BE%D0%B1%D0%BE%D1%80.jpg,https://storage.yandexcloud.net/kraskideti/tours/%D0%A4%D0%BE%D0%BD%D1%82%D0%B0%D0%BD%D1%8B%20%D0%9F%D0%B5%D1%82%D0%B5%D1%80%D0%B3%D0%BE%D1%84%D0%B0.jpg,https://storage.yandexcloud.net/kraskideti/tours/%D0%94%D0%BE%D0%BC-%D0%BF%D0%BE%D0%B4%D0%BA%D0%BE%D0%B2%D0%B0.jpg,,https://storage.yandexcloud.net/kraskideti/tours/%D0%91%D0%B0%D1%88%D0%BD%D1%8F%20%D0%A1%D1%8E%D1%8E%D0%BC%D0%B1%D0%B8%D0%BA%D0%B5%20%E2%80%94%20%C2%AB%D0%BF%D0%B0%D0%B4%D0%B0%D1%8E%D1%89%D0%B0%D1%8F%20%D0%B1%D0%B0%D1%88%D0%BD%D1%8F%C2%BB%20%D0%9A%D0%B0%D0%B7%D0%B0%D0%BD%D0%B8.jpg,https://storage.yandexcloud.net/kraskideti/tours/%D0%9D%D0%B5%D0%B2%D1%81%D0%BA%D0%B8%D0%B9%20%D0%BF%D1%80%D0%BE%D1%81%D0%BF%D0%B5%D0%BA%D1%82.jpeg,https://storage.yandexcloud.net/kraskideti/tours/%D0%9F%D0%B5%D1%82%D1%80%D0%BE%D0%BF%D0%B0%D0%B2%D0%BB%D0%BE%D0%B2%D1%81%D0%BA%D0%B0%D1%8F%20%D0%BA%D1%80%D0%B5%D0%BF%D0%BE%D1%81%D1%82%D1%8C.jpg,,https://storage.yandexcloud.net/kraskideti/tours/%D0%A4%D0%B8%D0%BD%D1%81%D0%BA%D0%B8%D0%B9%20%D0%B7%D0%B0%D0%BB%D0%B8%D0%B2.jpg,https://storage.yandexcloud.net/kraskideti/tours/%D0%91%D0%B5%D0%BB%D0%BE%D1%80%D0%B5%D1%87%D0%B5%D0%BD%D1%81%D0%BA%D0%B8%D0%B9%20%D0%B2%D0%BE%D0%B4%D0%BE%D0%BF%D0%B0%D0%B4%20%E2%80%94%20%D0%9F%D0%B8%D1%82%D0%B5%D0%B9%D0%BD%D1%8B%D0%B9%20%D0%B4%D0%BE%D0%BC.jpg,https://storage.yandexcloud.net/kraskideti/tours/%D0%98%D0%BD%D1%82%D0%B5%D1%80%D0%B0%D0%BA%D1%82%D0%B8%D0%B2%D0%BD%D1%8B%D0%B9%20%D0%BC%D1%83%D0%B7%D0%B5%D0%B9%20%D0%BA%D0%BE%D1%87%D0%B5%D0%B2%D0%BE%D0%B9%20%D0%BA%D1%83%D0%BB%D1%8C%D1%82%D1%83%D1%80%D1%8B.webp,https://storage.yandexcloud.net/kraskideti/tours/%D0%91%D0%BE%D0%BB%D1%8C%D1%88%D0%BE%D0%B9%20%D0%9F%D0%B5%D1%82%D0%B5%D1%80%D0%B3%D0%BE%D1%84%D1%81%D0%BA%D0%B8%D0%B9%20%D0%B4%D0%B2%D0%BE%D1%80%D0%B5%D1%86%20%D0%B8%D0%B7%D0%BD%D1%83%D1%82%D1%80%D0%B8.jpg,,https://storage.yandexcloud.net/kraskideti/tours/%D0%90%D1%80%D0%B3%D1%83%D0%BD%D1%81%D0%BA%D0%BE%D0%B5%20%D1%83%D1%89%D0%B5%D0%BB%D1%8C%D0%B5.jpg,,,,,,https://storage.yandexcloud.net/kraskideti/tours/%D0%92%D0%BE%D0%BA%D1%80%D1%83%D0%B3%20%D1%81%D0%B2%D0%B5%D1%82%D0%B0.jpg,https://storage.yandexcloud.net/kraskideti/tours/%D0%A4%D0%BE%D0%BD%D1%82%D0%B0%D0%BD%D1%8B%20%D0%9F%D0%B5%D1%82%D0%B5%D1%80%D0%B3%D0%BE%D1%84%D0%B0.jpg,,https://storage.yandexcloud.net/kraskideti/tours/%D0%91%D0%B5%D0%BB%D1%8B%D0%B5%20%D0%BD%D0%BE%D1%87%D0%B8%20%D0%9F%D0%B5%D1%82%D0%B5%D1%80%D0%B1%D1%83%D1%80%D0%B3%D0%B0.jpg,,,,,,,,,,
,1117,Петербург на выходные,peterburg-na-vyhodnye,3,Большая Страна,https://bolshayastrana.com/sankt-peterburg/v-peterburg-na-3-dnya-366359,https://storage.yandexcloud.net/kraskideti/tours/%D0%91%D0%B5%D0%BB%D1%8B%D0%B5%20%D0%BD%D0%BE%D1%87%D0%B8%20%D0%9F%D0%B5%D1%82%D0%B5%D1%80%D0%B1%D1%83%D1%80%D0%B3%D0%B0.jpg,https://storage.yandexcloud.net/kraskideti/tours/%D0%9F%D0%B5%D1%82%D1%80%D0%BE%D0%BF%D0%B0%D0%B2%D0%BB%D0%BE%D0%B2%D1%81%D0%BA%D0%B0%D1%8F%20%D0%BA%D1%80%D0%B5%D0%BF%D0%BE%D1%81%D1%82%D1%8C.jpg,https://storage.yandexcloud.net/kraskideti/tours/%D0%A5%D0%B0%D0%BD%D1%81%D0%BA%D0%B8%D0%B9%20%D0%B4%D0%B2%D0%BE%D1%80%D0%B5%D1%86.jpg,https://storage.yandexcloud.net/kraskideti/tours/%D0%98%D0%BD%D1%82%D0%B5%D1%80%D0%B0%D0%BA%D1%82%D0%B8%D0%B2%D0%BD%D1%8B%D0%B9%20%D0%BC%D1%83%D0%B7%D0%B5%D0%B9%20%D0%BA%D0%BE%D1%87%D0%B5%D0%B2%D0%BE%D0%B9%20%D0%BA%D1%83%D0%BB%D1%8C%D1%82%D1%83%D1%80%D1%8B.webp,https://storage.yandexcloud.net/kraskideti/tours/%D0%A1%D0%B5%D0%BB%D0%BE%20%D0%90%D0%B4%D1%8B%D0%BA.jpg,https://storage.yandexcloud.net/kraskideti/tours/%D0%9D%D0%B5%D0%B2%D1%81%D0%BA%D0%B8%D0%B9%20%D0%BF%D1%80%D0%BE%D1%81%D0%BF%D0%B5%D0%BA%D1%82.jpeg,https://storage.yandexcloud.net/kraskideti/tours/%D0%AE%D1%81%D1%83%D0%BF%D0%BE%D0%B2%D1%81%D0%BA%D0%B8%D0%B9%20%D0%B4%D0%B2%D0%BE%D1%80%D0%B5%D1%86.jpg,https://storage.yandexcloud.net/kraskideti/tours/%D0%95%D0%BA%D0%B0%D1%82%D0%B5%D1%80%D0%B8%D0%BD%D0%B8%D0%BD%D1%81%D0%BA%D0%B8%D0%B9%20%D0%B4%D0%B2%D0%BE%D1%80%D0%B5%D1%86.jpg,https://storage.yandexcloud.net/kraskideti/tours/%D0%98%D1%81%D0%B0%D0%B0%D0%BA%D0%B8%D0%B5%D0%B2%D1%81%D0%BA%D0%B0%D1%8F%20%D0%BF%D0%BB%D0%BE%D1%89%D0%B0%D0%B4%D1%8C.jpg,,,,,,,,,,,,,,,,,,,,,,,,,,,,,,,,
,1118,Петербург — Выборг — Карелия,peterburg-vyborg-kareliya-6-dnej,6,Большая Страна,https://bolshayastrana.com/leningradskaya-oblast/top-3-sankt-peterburg-vyborg-kareliya-246450,https://storage.yandexcloud.net/kraskideti/tours/%D0%9F%D0%B0%D0%BC%D1%8F%D1%82%D0%BD%D0%B8%D0%BA%20%D0%9F%D0%B5%D1%82%D1%80%D1%83.webp,https://storage.yandexcloud.net/kraskideti/tours/%D0%9A%D0%B0%D1%85%D0%B5%D1%82%D0%B8%D1%8F.jpg,https://storage.yandexcloud.net/kraskideti/tours/%D0%9F%D0%B0%D1%80%D0%BA%20%D0%A0%D1%83%D1%81%D0%BA%D0%B5%D0%B0%D0%BB%D0%B0.webp,https://storage.yandexcloud.net/kraskideti/tours/%D0%92%D0%BE%D0%B4%D0%BE%D0%BF%D0%B0%D0%B4%D1%8B%20%D0%90%D1%85%D0%B2%D0%B5%D0%BD%D0%BA%D0%BE%D1%81%D0%BA%D0%B8.jpg,https://storage.yandexcloud.net/kraskideti/tours/%D0%90%D0%BB%D1%83%D0%BF%D0%BA%D0%B8%D0%BD%D1%81%D0%BA%D0%B8%D0%B9%20%D0%BF%D0%B0%D1%80%D0%BA.webp,https://storage.yandexcloud.net/kraskideti/tours/%D0%9A%D0%BE%D1%80%D0%BE%D0%BB%D0%B5%D0%B2%D1%81%D0%BA%D0%B8%D0%B9%20%D0%B7%D0%B0%D0%BC%D0%BE%D0%BA.webp,https://storage.yandexcloud.net/kraskideti/tours/%D0%9C%D1%83%D0%B7%D0%B5%D0%B9%20%C2%AB%D0%A5%D0%BB%D0%B5%D0%B1%D0%B0%20%D0%B8%20%D0%92%D0%B8%D0%BD%D0%B0%C2%BB.jpg,https://storage.yandexcloud.net/kraskideti/tours/%D0%A4%D0%BE%D0%BD%D1%82%D0%B0%D0%BD%D1%8B%20%D0%9F%D0%B5%D1%82%D0%B5%D1%80%D0%B3%D0%BE%D1%84%D0%B0.jpg,,https://storage.yandexcloud.net/kraskideti/tours/%D0%A4%D0%BE%D0%BD%D1%82%D0%B0%D0%BD%D1%8B%20%D0%9F%D0%B5%D1%82%D0%B5%D1%80%D0%B3%D0%BE%D1%84%D0%B0.jpg,,,,https://storage.yandexcloud.net/kraskideti/tours/%D0%A4%D0%B8%D0%BD%D1%81%D0%BA%D0%B8%D0%B9%20%D0%B7%D0%B0%D0%BB%D0%B8%D0%B2.jpg,https://storage.yandexcloud.net/kraskideti/tours/%D0%9D%D0%B5%D0%B2%D1%81%D0%BA%D0%B8%D0%B9%20%D0%BF%D1%80%D0%BE%D1%81%D0%BF%D0%B5%D0%BA%D1%82.jpeg,https://storage.yandexcloud.net/kraskideti/tours/%D0%9D%D0%B5%D0%B2%D1%81%D0%BA%D0%B8%D0%B9%20%D0%BF%D1%80%D0%BE%D1%81%D0%BF%D0%B5%D0%BA%D1%82.jpeg,https://storage.yandexcloud.net/kraskideti/tours/%D0%98%D1%81%D0%B0%D0%B0%D0%BA%D0%B8%D0%B5%D0%B2%D1%81%D0%BA%D0%B0%D1%8F%20%D0%BF%D0%BB%D0%BE%D1%89%D0%B0%D0%B4%D1%8C.jpg,,https://storage.yandexcloud.net/kraskideti/tours/%D0%9C%D0%B8%D0%BD%D1%81%D0%BA-%D0%90%D1%80%D0%B5%D0%BD%D0%B0.webp,,https://storage.yandexcloud.net/kraskideti/tours/%D0%9F%D0%B5%D1%82%D1%80%D0%BE%D0%BF%D0%B0%D0%B2%D0%BB%D0%BE%D0%B2%D1%81%D0%BA%D0%B0%D1%8F%20%D0%BA%D1%80%D0%B5%D0%BF%D0%BE%D1%81%D1%82%D1%8C.jpg,https://storage.yandexcloud.net/kraskideti/tours/%D0%90%D1%80%D0%B3%D1%83%D0%BD%D1%81%D0%BA%D0%BE%D0%B5%20%D1%83%D1%89%D0%B5%D0%BB%D1%8C%D0%B5.jpg,,https://storage.yandexcloud.net/kraskideti/tours/%D0%91%D0%B5%D0%BB%D0%BE%D1%80%D0%B5%D1%87%D0%B5%D0%BD%D1%81%D0%BA%D0%B8%D0%B9%20%D0%B2%D0%BE%D0%B4%D0%BE%D0%BF%D0%B0%D0%B4%20%E2%80%94%20%D0%9F%D0%B8%D1%82%D0%B5%D0%B9%D0%BD%D1%8B%D0%B9%20%D0%B4%D0%BE%D0%BC.jpg,https://storage.yandexcloud.net/kraskideti/tours/%D0%98%D0%BD%D1%82%D0%B5%D1%80%D0%B0%D0%BA%D1%82%D0%B8%D0%B2%D0%BD%D1%8B%D0%B9%20%D0%BC%D1%83%D0%B7%D0%B5%D0%B9%20%D0%BA%D0%BE%D1%87%D0%B5%D0%B2%D0%BE%D0%B9%20%D0%BA%D1%83%D0%BB%D1%8C%D1%82%D1%83%D1%80%D1%8B.webp,https://storage.yandexcloud.net/kraskideti/tours/%D0%93%D1%80%D0%B0%D0%BD%D0%B8%D1%82%D0%BD%D1%8B%D0%B9%20%D0%BA%D0%B0%D0%BD%D1%8C%D0%BE%D0%BD%20%D0%91%D0%B5%D0%BB%D0%BE%D0%B9.jpg,https://storage.yandexcloud.net/kraskideti/tours/%D0%91%D0%B5%D0%BB%D1%8B%D0%B5%20%D0%BD%D0%BE%D1%87%D0%B8%20%D0%9F%D0%B5%D1%82%D0%B5%D1%80%D0%B1%D1%83%D1%80%D0%B3%D0%B0.jpg,,,,,,,,,,,,,,
,1119,Петербург — ночные мосты и Павловск,peterburg-razvodye-mostov-5-dnej,5,Большая Страна,https://bolshayastrana.com/leningradskaya-oblast/peterburg-pyotr-ot-pervogo-kamnya-do-neboskreba-239657,https://storage.yandexcloud.net/kraskideti/tours/%D0%9F%D0%B0%D0%BC%D1%8F%D1%82%D0%BD%D0%B8%D0%BA%20%D0%9F%D0%B5%D1%82%D1%80%D1%83.webp,https://storage.yandexcloud.net/kraskideti/tours/%D0%A0%D0%B0%D0%B7%D0%B2%D0%BE%D0%B4%D0%BD%D1%8B%D0%B5%20%D0%BC%D0%BE%D1%81%D1%82%D1%8B%20%D0%9F%D0%B5%D1%82%D0%B5%D1%80%D0%B1%D1%83%D1%80%D0%B3%D0%B0.jpg,,,https://storage.yandexcloud.net/kraskideti/tours/%D0%AE%D1%81%D1%83%D0%BF%D0%BE%D0%B2%D1%81%D0%BA%D0%B8%D0%B9%20%D0%B4%D0%B2%D0%BE%D1%80%D0%B5%D1%86.jpg,https://storage.yandexcloud.net/kraskideti/tours/%D0%A4%D0%BE%D0%BD%D1%82%D0%B0%D0%BD%D1%8B%20%D0%9F%D0%B5%D1%82%D0%B5%D1%80%D0%B3%D0%BE%D1%84%D0%B0.jpg,https://storage.yandexcloud.net/kraskideti/tours/%D0%A4%D0%BE%D0%BD%D1%82%D0%B0%D0%BD%D1%8B%20%D0%9F%D0%B5%D1%82%D0%B5%D1%80%D0%B3%D0%BE%D1%84%D0%B0.jpg,,https://storage.yandexcloud.net/kraskideti/tours/%D0%B3%D1%80%D0%B0%D1%84%D1%81%D0%BA%D0%B0%D1%8F%20%D0%BF%D1%80%D0%B8%D1%81%D1%82%D0%B0%D0%BD%D1%8C%20%D0%BF%D0%B0%D0%BC%D1%8F%D1%82%D0%BD%D0%B8%D0%BA.jpg,https://storage.yandexcloud.net/kraskideti/tours/%D0%9C%D0%B5%D0%BC%D0%BE%D1%80%D0%B8%D0%B0%D0%BB%20%D0%A1%D0%B5%D1%80%D0%B3%D0%B5%D1%8E.jpg,https://storage.yandexcloud.net/kraskideti/tours/%D0%97%D0%B0%D0%BC%D0%BE%D0%BA%20%D0%90%D0%BD%D0%B0%D0%BD%D1%83%D1%80%D0%B8.jpg,,https://storage.yandexcloud.net/kraskideti/tours/%D0%9D%D0%B5%D0%B2%D1%81%D0%BA%D0%B8%D0%B9%20%D0%BF%D1%80%D0%BE%D1%81%D0%BF%D0%B5%D0%BA%D1%82.jpeg,https://storage.yandexcloud.net/kraskideti/tours/%D0%A4%D0%BE%D1%80%D0%BE%D1%81%D1%81%D0%BA%D0%B8%D0%B9%20%D1%85%D1%80%D0%B0%D0%BC.jpg,https://storage.yandexcloud.net/kraskideti/tours/%D0%9F%D0%B8%D1%82%D0%B5%D0%B9%D0%BD%D1%8B%D0%B9%20%D0%B4%D0%BE%D0%BC%20%D0%A0%D0%BE%D1%81%D1%81%D0%B8%D0%B9%D1%81%D0%BA%D0%BE%D0%B9%20%D0%BC%D0%BE%D0%BD%D0%BE%D0%BF%D0%BE%D0%BB%D0%B8%D0%B8.jpg,,https://storage.yandexcloud.net/kraskideti/tours/%D0%9F%D0%BB%D0%BE%D1%89%D0%B0%D0%B4%D1%8C%20%D0%92%D0%BE%D1%81%D1%81%D1%82%D0%B0%D0%BD%D0%B8%D1%8F.jpg,https://storage.yandexcloud.net/kraskideti/tours/%D0%91%D0%B5%D0%BB%D1%8B%D0%B5%20%D0%BD%D0%BE%D1%87%D0%B8%20%D0%9F%D0%B5%D1%82%D0%B5%D1%80%D0%B1%D1%83%D1%80%D0%B3%D0%B0.jpg,,,,,,,,,,,,,,,,,,,,,,,
,1120,Петербург — от Петра до небоскрёба,peterburg-ot-petra-do-neboskreba,3,Большая Страна,https://bolshayastrana.com/leningradskaya-oblast/peterburg-pyotr-ot-pervogo-kamnya-do-neboskreba-vesna-leto-244639,https://storage.yandexcloud.net/kraskideti/tours/%D0%9F%D0%B0%D0%BC%D1%8F%D1%82%D0%BD%D0%B8%D0%BA%20%D0%9F%D0%B5%D1%82%D1%80%D1%83.webp,,https://storage.yandexcloud.net/kraskideti/tours/%D0%91%D0%BE%D0%BB%D1%8C%D1%88%D0%BE%D0%B9%20%D0%9F%D0%B5%D1%82%D0%B5%D1%80%D0%B3%D0%BE%D1%84%D1%81%D0%BA%D0%B8%D0%B9%20%D0%B4%D0%B2%D0%BE%D1%80%D0%B5%D1%86%20%D0%B8%D0%B7%D0%BD%D1%83%D1%82%D1%80%D0%B8.jpg,https://storage.yandexcloud.net/kraskideti/tours/%D0%9A%D0%B0%D0%B7%D0%B0%D0%BD%D1%81%D0%BA%D0%B8%D0%B9%20%D1%81%D0%BE%D0%B1%D0%BE%D1%80.jpg,,,https://storage.yandexcloud.net/kraskideti/tours/%D0%BD%D0%BE%D0%B2%D1%8B%D0%B9%20%D0%B0%D1%84%D0%BE%D0%BD.webp,https://storage.yandexcloud.net/kraskideti/tours/%D0%9F%D0%B5%D1%82%D1%80%D0%BE%D0%BF%D0%B0%D0%B2%D0%BB%D0%BE%D0%B2%D1%81%D0%BA%D0%B0%D1%8F%20%D0%BA%D1%80%D0%B5%D0%BF%D0%BE%D1%81%D1%82%D1%8C.jpg,https://storage.yandexcloud.net/kraskideti/tours/%D0%91%D0%B0%D1%85%D1%87%D0%B8%D1%81%D0%B0%D1%80%D0%B0%D0%B9%20%D0%B8%20%D0%A5%D0%B0%D0%BD%D1%81%D0%BA%D0%B8%D0%B9%20%D0%B4%D0%B2%D0%BE%D1%80%D0%B5%D1%86.jpg,https://storage.yandexcloud.net/kraskideti/tours/%D0%91%D0%B0%D1%85%D1%87%D0%B8%D1%81%D0%B0%D1%80%D0%B0%D0%B9%20%D0%B8%20%D0%A5%D0%B0%D0%BD%D1%81%D0%BA%D0%B8%D0%B9%20%D0%B4%D0%B2%D0%BE%D1%80%D0%B5%D1%86.jpg,https://storage.yandexcloud.net/kraskideti/tours/%D0%91%D0%BE%D0%BB%D1%8C%D1%88%D0%BE%D0%B9%20%D0%9F%D0%B5%D1%82%D0%B5%D1%80%D0%B3%D0%BE%D1%84%D1%81%D0%BA%D0%B8%D0%B9%20%D0%B4%D0%B2%D0%BE%D1%80%D0%B5%D1%86%20%D0%B8%D0%B7%D0%BD%D1%83%D1%82%D1%80%D0%B8.jpg,https://storage.yandexcloud.net/kraskideti/tours/%D0%9F%D0%B5%D1%82%D1%80%D0%BE%D0%BF%D0%B0%D0%B2%D0%BB%D0%BE%D0%B2%D1%81%D0%BA%D0%B0%D1%8F%20%D0%BA%D1%80%D0%B5%D0%BF%D0%BE%D1%81%D1%82%D1%8C.jpg,https://storage.yandexcloud.net/kraskideti/tours/%D0%9C%D0%B8%D0%BD%D1%81%D0%BA-%D0%90%D1%80%D0%B5%D0%BD%D0%B0.webp,https://storage.yandexcloud.net/kraskideti/tours/%D0%91%D0%B0%D1%88%D0%BD%D1%8F%20%D0%A1%D1%8E%D1%8E%D0%BC%D0%B1%D0%B8%D0%BA%D0%B5%20%E2%80%94%20%C2%AB%D0%BF%D0%B0%D0%B4%D0%B0%D1%8E%D1%89%D0%B0%D1%8F%20%D0%B1%D0%B0%D1%88%D0%BD%D1%8F%C2%BB%20%D0%9A%D0%B0%D0%B7%D0%B0%D0%BD%D0%B8.jpg,,,,,,,,,,,,,,,,,,,,,,,,,,,
,1121,Петербургские истории с Выборгом — 7 дней,peterburg-istorii-vyborg-7-dnej,7,Большая Страна,https://bolshayastrana.com/leningradskaya-oblast/klassicheskij-peterburg-i-srednevekovyj-vyborg-363121,https://storage.yandexcloud.net/kraskideti/tours/%D0%9F%D0%B0%D0%BC%D1%8F%D1%82%D0%BD%D0%B8%D0%BA%20%D0%9F%D0%B5%D1%82%D1%80%D1%83.webp,,https://storage.yandexcloud.net/kraskideti/tours/%D0%90%D0%BB%D1%83%D0%BF%D0%BA%D0%B8%D0%BD%D1%81%D0%BA%D0%B8%D0%B9%20%D0%BF%D0%B0%D1%80%D0%BA.webp,https://storage.yandexcloud.net/kraskideti/tours/%D0%A4%D0%BE%D0%BD%D1%82%D0%B0%D0%BD%D1%8B%20%D0%9F%D0%B5%D1%82%D0%B5%D1%80%D0%B3%D0%BE%D1%84%D0%B0.jpg,,,,https://storage.yandexcloud.net/kraskideti/tours/%D0%AD%D1%80%D0%BC%D0%B8%D1%82%D0%B0%D0%B6%20%D0%B8%20%D0%9F%D0%B5%D1%82%D0%B5%D1%80%D0%B3%D0%BE%D1%84.webp,https://storage.yandexcloud.net/kraskideti/tours/%D0%91%D0%B0%D1%85%D1%87%D0%B8%D1%81%D0%B0%D1%80%D0%B0%D0%B9%20%D0%B8%20%D0%A5%D0%B0%D0%BD%D1%81%D0%BA%D0%B8%D0%B9%20%D0%B4%D0%B2%D0%BE%D1%80%D0%B5%D1%86.jpg,https://storage.yandexcloud.net/kraskideti/tours/%D0%A4%D0%BE%D0%BD%D1%82%D0%B0%D0%BD%D1%8B%20%D0%9F%D0%B5%D1%82%D0%B5%D1%80%D0%B3%D0%BE%D1%84%D0%B0.jpg,https://storage.yandexcloud.net/kraskideti/tours/%D0%91%D0%B0%D1%85%D1%87%D0%B8%D1%81%D0%B0%D1%80%D0%B0%D0%B9%20%D0%B8%20%D0%A5%D0%B0%D0%BD%D1%81%D0%BA%D0%B8%D0%B9%20%D0%B4%D0%B2%D0%BE%D1%80%D0%B5%D1%86.jpg,https://storage.yandexcloud.net/kraskideti/tours/%D0%9B%D0%B8%D0%B2%D0%B0%D0%B4%D0%B8%D0%B9%D1%81%D0%BA%D0%B8%D0%B9%20%D0%B4%D0%B2%D0%BE%D1%80%D0%B5%D1%86.jpg,https://storage.yandexcloud.net/kraskideti/tours/%D0%91%D0%BE%D0%BB%D1%8C%D1%88%D0%BE%D0%B9%20%D0%9F%D0%B5%D1%82%D0%B5%D1%80%D0%B3%D0%BE%D1%84%D1%81%D0%BA%D0%B8%D0%B9%20%D0%B4%D0%B2%D0%BE%D1%80%D0%B5%D1%86%20%D0%B8%D0%B7%D0%BD%D1%83%D1%82%D1%80%D0%B8.jpg,https://storage.yandexcloud.net/kraskideti/tours/%D0%90%D0%BB%D1%83%D0%BF%D0%BA%D0%B8%D0%BD%D1%81%D0%BA%D0%B8%D0%B9%20%D0%BF%D0%B0%D1%80%D0%BA.webp,https://storage.yandexcloud.net/kraskideti/tours/%D0%91%D1%83%D1%82%D1%80%D0%B8%D0%BC%D0%BE%D0%B2%D0%B8%D1%87%D1%81%D0%BA%D0%B8%D0%B9%20%D0%B4%D0%B2%D0%BE%D1%80%D0%B5%D1%86.jpg,https://storage.yandexcloud.net/kraskideti/tours/%D0%9F%D0%BB%D0%BE%D1%89%D0%B0%D0%B4%D1%8C%20%D0%9F%D0%BE%D0%B1%D0%B5%D0%B4%D1%8B.jpg,https://storage.yandexcloud.net/kraskideti/tours/%D0%A4%D0%BE%D1%80%D0%BE%D1%81%D1%81%D0%BA%D0%B8%D0%B9%20%D1%85%D1%80%D0%B0%D0%BC.jpg,https://storage.yandexcloud.net/kraskideti/tours/%D0%A1%D0%B5%D0%BB%D0%BE%20%D0%90%D0%B4%D1%8B%D0%BA.jpg,https://storage.yandexcloud.net/kraskideti/tours/%D0%95%D0%BA%D0%B0%D1%82%D0%B5%D1%80%D0%B8%D0%BD%D0%B8%D0%BD%D1%81%D0%BA%D0%B8%D0%B9%20%D0%B4%D0%B2%D0%BE%D1%80%D0%B5%D1%86.jpg,https://storage.yandexcloud.net/kraskideti/tours/%D0%98%D0%BD%D1%82%D0%B5%D1%80%D0%B0%D0%BA%D1%82%D0%B8%D0%B2%D0%BD%D1%8B%D0%B9%20%D0%BC%D1%83%D0%B7%D0%B5%D0%B9%20%D0%BA%D0%BE%D1%87%D0%B5%D0%B2%D0%BE%D0%B9%20%D0%BA%D1%83%D0%BB%D1%8C%D1%82%D1%83%D1%80%D1%8B.webp,,,,,,,,,,,,,,,,,,,,,
,1122,Покажите нам Москву,moskva-pokazhite-nam-4-dnya,4,Большая Страна,https://bolshayastrana.com/moskva/pokazhite-nam-moskvu-moskvichi--229953,https://storage.yandexcloud.net/kraskideti/tours/%D0%A0%D0%BE%D1%81%D1%82%D0%BE%D0%B2%D1%81%D0%BA%D0%B8%D0%B9%20%D0%BA%D1%80%D0%B5%D0%BC%D0%BB%D1%8C.jpg,https://storage.yandexcloud.net/kraskideti/tours/%D0%A3%D1%81%D0%B0%D0%B4%D1%8C%D0%B1%D0%B0%20%D0%9E%D0%B3%D0%B8%D0%BD%D1%81%D0%BA%D0%BE%D0%B3%D0%BE.webp,https://storage.yandexcloud.net/kraskideti/tours/%D0%90%D0%BB%D1%83%D0%BF%D0%BA%D0%B8%D0%BD%D1%81%D0%BA%D0%B8%D0%B9%20%D0%BF%D0%B0%D1%80%D0%BA.webp,,https://storage.yandexcloud.net/kraskideti/tours/%D0%9F%D0%BB%D0%BE%D1%89%D0%B0%D0%B4%D1%8C%20%D0%A1%D0%BA%D0%BE%D1%80%D0%B1%D0%B8.jpg,https://storage.yandexcloud.net/kraskideti/tours/%D0%93%D1%80%D0%BE%D0%B7%D0%BD%D1%8B%D0%B9-%D0%A1%D0%B8%D1%82%D0%B8.png,https://storage.yandexcloud.net/kraskideti/tours/%D0%A4%D0%BE%D1%80%D0%BE%D1%81%D1%81%D0%BA%D0%B8%D0%B9%20%D1%85%D1%80%D0%B0%D0%BC.jpg,https://storage.yandexcloud.net/kraskideti/tours/%D0%93%D0%B5%D0%BB%D0%B5%D0%BD%D0%B4%D0%B6%D0%B8%D0%BA%D1%81%D0%BA%D0%B0%D1%8F%20%D0%BD%D0%B0%D0%B1%D0%B5%D1%80%D0%B5%D0%B6%D0%BD%D0%B0%D1%8F.jpg,https://storage.yandexcloud.net/kraskideti/tours/%D0%9C%D0%BE%D1%81%D1%82%20%D0%9C%D0%B8%D1%80%D0%B0.jpg,,,,,,,,,,,,,,,,,,,,,,,,,,,,,,,,
,1123,Портрет великого города — осень и зима,peterburg-portret-velikogo-goroda,7,Большая Страна,https://bolshayastrana.com/sankt-peterburg/osennij-portret-velikogo-goroda-peterburga-tur-na-7-dnej-238030,https://storage.yandexcloud.net/kraskideti/tours/%D0%9F%D0%B0%D0%BC%D1%8F%D1%82%D0%BD%D0%B8%D0%BA%20%D0%9F%D0%B5%D1%82%D1%80%D1%83.webp,https://storage.yandexcloud.net/kraskideti/tours/%D0%AD%D1%80%D0%BC%D0%B8%D1%82%D0%B0%D0%B6%20%D0%B8%20%D0%9F%D0%B5%D1%82%D0%B5%D1%80%D0%B3%D0%BE%D1%84.webp,,,https://storage.yandexcloud.net/kraskideti/tours/%D0%9A%D0%B0%D0%B7%D0%B0%D0%BD%D1%81%D0%BA%D0%B8%D0%B9%20%D1%81%D0%BE%D0%B1%D0%BE%D1%80.jpg,https://storage.yandexcloud.net/kraskideti/tours/%D0%91%D0%BE%D0%BB%D1%8C%D1%88%D0%BE%D0%B9%20%D0%9F%D0%B5%D1%82%D0%B5%D1%80%D0%B3%D0%BE%D1%84%D1%81%D0%BA%D0%B8%D0%B9%20%D0%B4%D0%B2%D0%BE%D1%80%D0%B5%D1%86%20%D0%B8%D0%B7%D0%BD%D1%83%D1%82%D1%80%D0%B8.jpg,https://storage.yandexcloud.net/kraskideti/tours/%D0%AF%D0%BD%D1%82%D0%B0%D1%80%D0%BD%D0%B0%D1%8F%20%D0%BA%D0%BE%D0%BC%D0%BD%D0%B0%D1%82%D0%B0%20%D0%B2%20%D0%A6%D0%B0%D1%80%D1%81%D0%BA%D0%BE%D0%BC%20%D0%A1%D0%B5%D0%BB%D0%B5.jpg,https://storage.yandexcloud.net/kraskideti/tours/%D0%9F%D0%B5%D1%82%D1%80%D0%BE%D0%BF%D0%B0%D0%B2%D0%BB%D0%BE%D0%B2%D1%81%D0%BA%D0%B0%D1%8F%20%D0%BA%D1%80%D0%B5%D0%BF%D0%BE%D1%81%D1%82%D1%8C.jpg,https://storage.yandexcloud.net/kraskideti/tours/%D0%9D%D0%B5%D0%B2%D1%81%D0%BA%D0%B8%D0%B9%20%D0%BF%D1%80%D0%BE%D1%81%D0%BF%D0%B5%D0%BA%D1%82.jpeg,https://storage.yandexcloud.net/kraskideti/tours/%D0%98%D1%81%D0%B0%D0%B0%D0%BA%D0%B8%D0%B5%D0%B2%D1%81%D0%BA%D0%B8%D0%B9%20%D1%81%D0%BE%D0%B1%D0%BE%D1%80..jpg,https://storage.yandexcloud.net/kraskideti/tours/%D0%91%D0%B5%D0%BB%D1%8B%D0%B5%20%D0%BD%D0%BE%D1%87%D0%B8%20%D0%9F%D0%B5%D1%82%D0%B5%D1%80%D0%B1%D1%83%D1%80%D0%B3%D0%B0.jpg,https://storage.yandexcloud.net/kraskideti/tours/%D0%9A%D0%B0%D0%B7%D0%B0%D0%BD%D1%81%D0%BA%D0%B8%D0%B9%20%D1%81%D0%BE%D0%B1%D0%BE%D1%80.jpg,https://storage.yandexcloud.net/kraskideti/tours/%D0%9E%D1%81%D1%82%D1%80%D0%BE%D0%B2%20%D0%9A%D0%B8%D0%B6%D0%B8.jpg,https://storage.yandexcloud.net/kraskideti/tours/%D0%A4%D0%B8%D0%BD%D1%81%D0%BA%D0%B8%D0%B9%20%D0%B7%D0%B0%D0%BB%D0%B8%D0%B2.jpg,https://storage.yandexcloud.net/kraskideti/tours/%D0%A5%D0%B0%D0%BD%D1%81%D0%BA%D0%B8%D0%B9%20%D0%B4%D0%B2%D0%BE%D1%80%D0%B5%D1%86.jpg,https://storage.yandexcloud.net/kraskideti/tours/%D0%91%D0%BE%D0%BB%D1%8C%D1%88%D0%BE%D0%B9%20%D0%9F%D0%B5%D1%82%D0%B5%D1%80%D0%B3%D0%BE%D1%84%D1%81%D0%BA%D0%B8%D0%B9%20%D0%B4%D0%B2%D0%BE%D1%80%D0%B5%D1%86%20%D0%B8%D0%B7%D0%BD%D1%83%D1%82%D1%80%D0%B8.jpg,https://storage.yandexcloud.net/kraskideti/tours/%D0%95%D0%BA%D0%B0%D1%82%D0%B5%D1%80%D0%B8%D0%BD%D0%B8%D0%BD%D1%81%D0%BA%D0%B8%D0%B9%20%D0%B4%D0%B2%D0%BE%D1%80%D0%B5%D1%86.jpg,https://storage.yandexcloud.net/kraskideti/tours/%D0%98%D0%BD%D1%82%D0%B5%D1%80%D0%B0%D0%BA%D1%82%D0%B8%D0%B2%D0%BD%D1%8B%D0%B9%20%D0%BC%D1%83%D0%B7%D0%B5%D0%B9%20%D0%BA%D0%BE%D1%87%D0%B5%D0%B2%D0%BE%D0%B9%20%D0%BA%D1%83%D0%BB%D1%8C%D1%82%D1%83%D1%80%D1%8B.webp,https://storage.yandexcloud.net/kraskideti/tours/%D0%98%D0%BD%D1%82%D0%B5%D1%80%D0%B0%D0%BA%D1%82%D0%B8%D0%B2%D0%BD%D1%8B%D0%B9%20%D0%BC%D1%83%D0%B7%D0%B5%D0%B9%20%D0%BA%D0%BE%D1%87%D0%B5%D0%B2%D0%BE%D0%B9%20%D0%BA%D1%83%D0%BB%D1%8C%D1%82%D1%83%D1%80%D1%8B.webp,https://storage.yandexcloud.net/kraskideti/tours/%D0%91%D0%B5%D0%BB%D1%8B%D0%B5%20%D0%BD%D0%BE%D1%87%D0%B8%20%D0%9F%D0%B5%D1%82%D0%B5%D1%80%D0%B1%D1%83%D1%80%D0%B3%D0%B0.jpg,https://storage.yandexcloud.net/kraskideti/tours/%D0%98%D1%81%D0%B0%D0%B0%D0%BA%D0%B8%D0%B5%D0%B2%D1%81%D0%BA%D0%B8%D0%B9%20%D1%81%D0%BE%D0%B1%D0%BE%D1%80..jpg,https://storage.yandexcloud.net/kraskideti/tours/%D0%9F%D0%B5%D1%82%D1%80%D0%BE%D0%BF%D0%B0%D0%B2%D0%BB%D0%BE%D0%B2%D1%81%D0%BA%D0%B0%D1%8F%20%D0%BA%D1%80%D0%B5%D0%BF%D0%BE%D1%81%D1%82%D1%8C.jpg,,,,,,,,,,,,,,,,,,,
,1124,Родители с детьми в Петербурге — 7 дней,peterburg-roditeli-s-detmi-7-dnej,7,Большая Страна,https://bolshayastrana.com/sankt-peterburg/semejnye-kanikuly-v-peterburge-6-dnej-227195,https://storage.yandexcloud.net/kraskideti/tours/%D0%91%D0%B5%D0%BB%D1%8B%D0%B5%20%D0%BD%D0%BE%D1%87%D0%B8%20%D0%9F%D0%B5%D1%82%D0%B5%D1%80%D0%B1%D1%83%D1%80%D0%B3%D0%B0.jpg,https://storage.yandexcloud.net/kraskideti/tours/%D0%9F%D0%B5%D1%82%D1%80%D0%BE%D0%BF%D0%B0%D0%B2%D0%BB%D0%BE%D0%B2%D1%81%D0%BA%D0%B0%D1%8F%20%D0%BA%D1%80%D0%B5%D0%BF%D0%BE%D1%81%D1%82%D1%8C.jpg,https://storage.yandexcloud.net/kraskideti/tours/%D0%AD%D1%80%D0%BC%D0%B8%D1%82%D0%B0%D0%B6%20%D0%B8%20%D0%9F%D0%B5%D1%82%D0%B5%D1%80%D0%B3%D0%BE%D1%84.webp,https://storage.yandexcloud.net/kraskideti/tours/%D0%A1%D0%B5%D0%BB%D0%BE%20%D0%90%D0%B4%D1%8B%D0%BA.jpg,,,https://storage.yandexcloud.net/kraskideti/tours/%D0%9A%D1%80%D0%B5%D0%BF%D0%BE%D1%81%D1%82%D1%8C%20%D0%A0%D0%B0%D0%B1%D0%B0%D1%82.webp,https://storage.yandexcloud.net/kraskideti/tours/%D0%91%D0%B5%D0%BB%D0%BE%D1%80%D0%B5%D1%87%D0%B5%D0%BD%D1%81%D0%BA%D0%B8%D0%B9%20%D0%B2%D0%BE%D0%B4%D0%BE%D0%BF%D0%B0%D0%B4%20%E2%80%94%20%D0%9F%D0%B8%D1%82%D0%B5%D0%B9%D0%BD%D1%8B%D0%B9%20%D0%B4%D0%BE%D0%BC.jpg,https://storage.yandexcloud.net/kraskideti/tours/%D0%9D%D0%B5%D0%B2%D1%81%D0%BA%D0%B8%D0%B9%20%D0%BF%D1%80%D0%BE%D1%81%D0%BF%D0%B5%D0%BA%D1%82.jpeg,https://storage.yandexcloud.net/kraskideti/tours/%D0%95%D0%BA%D0%B0%D1%82%D0%B5%D1%80%D0%B8%D0%BD%D0%B8%D0%BD%D1%81%D0%BA%D0%B8%D0%B9%20%D0%B4%D0%B2%D0%BE%D1%80%D0%B5%D1%86.jpg,,https://storage.yandexcloud.net/kraskideti/tours/%D0%9E%D1%81%D1%82%D1%80%D0%BE%D0%B2%20%D0%9A%D0%B8%D0%B6%D0%B8.jpg,,https://storage.yandexcloud.net/kraskideti/tours/%D0%9F%D0%BB%D0%BE%D1%89%D0%B0%D0%B4%D1%8C%20%D0%9F%D1%83%D1%88%D0%BA%D0%B8%D0%BD%D0%B0.webp,https://storage.yandexcloud.net/kraskideti/tours/%D0%9C%D0%BE%D1%81%D1%82%20%D0%9C%D0%B8%D1%80%D0%B0.jpg,https://storage.yandexcloud.net/kraskideti/tours/%D0%9E%D1%81%D1%82%D1%80%D0%BE%D0%B2%20%D0%9A%D0%B8%D0%B6%D0%B8.jpg,https://storage.yandexcloud.net/kraskideti/tours/%D0%91%D0%B5%D0%BB%D1%8B%D0%B5%20%D0%BD%D0%BE%D1%87%D0%B8%20%D0%9F%D0%B5%D1%82%D0%B5%D1%80%D0%B1%D1%83%D1%80%D0%B3%D0%B0.jpg,,,,,,,,,,,,,,,,,,,,,,,,
,1125,Санкт-Петербург — шедевры Северной столицы,peterburg-shedevry-severnoj-stolicy,5,Большая Страна,https://bolshayastrana.com/sankt-peterburg/shedevry-severnoj-tur-na-5-282642,https://storage.yandexcloud.net/kraskideti/tours/%D0%9F%D0%B0%D0%BC%D1%8F%D1%82%D0%BD%D0%B8%D0%BA%20%D0%9F%D0%B5%D1%82%D1%80%D1%83.webp,https://storage.yandexcloud.net/kraskideti/tours/%D0%AD%D1%80%D0%BC%D0%B8%D1%82%D0%B0%D0%B6%20%D0%B8%20%D0%9F%D0%B5%D1%82%D0%B5%D1%80%D0%B3%D0%BE%D1%84.webp,https://storage.yandexcloud.net/kraskideti/tours/%D0%91%D0%BE%D0%BB%D1%8C%D1%88%D0%BE%D0%B9%20%D0%9F%D0%B5%D1%82%D0%B5%D1%80%D0%B3%D0%BE%D1%84%D1%81%D0%BA%D0%B8%D0%B9%20%D0%B4%D0%B2%D0%BE%D1%80%D0%B5%D1%86%20%D0%B8%D0%B7%D0%BD%D1%83%D1%82%D1%80%D0%B8.jpg,https://storage.yandexcloud.net/kraskideti/tours/%D0%AF%D0%BD%D1%82%D0%B0%D1%80%D0%BD%D0%B0%D1%8F%20%D0%BA%D0%BE%D0%BC%D0%BD%D0%B0%D1%82%D0%B0%20%D0%B2%20%D0%A6%D0%B0%D1%80%D1%81%D0%BA%D0%BE%D0%BC%20%D0%A1%D0%B5%D0%BB%D0%B5.jpg,https://storage.yandexcloud.net/kraskideti/tours/%D0%9A%D0%B0%D0%B7%D0%B0%D0%BD%D1%81%D0%BA%D0%B8%D0%B9%20%D1%81%D0%BE%D0%B1%D0%BE%D1%80.jpg,https://storage.yandexcloud.net/kraskideti/tours/%D0%9E%D1%81%D1%82%D1%80%D0%BE%D0%B2%20%D0%9A%D0%B8%D0%B6%D0%B8.jpg,https://storage.yandexcloud.net/kraskideti/tours/%D0%91%D0%B0%D1%85%D1%87%D0%B8%D1%81%D0%B0%D1%80%D0%B0%D0%B9%20%D0%B8%20%D0%A5%D0%B0%D0%BD%D1%81%D0%BA%D0%B8%D0%B9%20%D0%B4%D0%B2%D0%BE%D1%80%D0%B5%D1%86.jpg,https://storage.yandexcloud.net/kraskideti/tours/%D0%9E%D1%81%D1%82%D1%80%D0%BE%D0%B2%20%D0%9A%D0%B8%D0%B6%D0%B8.jpg,https://storage.yandexcloud.net/kraskideti/tours/%D0%98%D1%81%D0%B0%D0%B0%D0%BA%D0%B8%D0%B5%D0%B2%D1%81%D0%BA%D0%B8%D0%B9%20%D1%81%D0%BE%D0%B1%D0%BE%D1%80..jpg,https://storage.yandexcloud.net/kraskideti/tours/%D0%9F%D0%B5%D1%82%D1%80%D0%BE%D0%BF%D0%B0%D0%B2%D0%BB%D0%BE%D0%B2%D1%81%D0%BA%D0%B0%D1%8F%20%D0%BA%D1%80%D0%B5%D0%BF%D0%BE%D1%81%D1%82%D1%8C.jpg,https://storage.yandexcloud.net/kraskideti/tours/%D0%A1%D0%B5%D0%BB%D0%BE%20%D0%90%D0%B4%D1%8B%D0%BA.jpg,https://storage.yandexcloud.net/kraskideti/tours/%D0%9E%D1%81%D1%82%D1%80%D0%BE%D0%B2%20%D0%9A%D0%B8%D0%B6%D0%B8.jpg,https://storage.yandexcloud.net/kraskideti/tours/%D0%92%D0%BE%D0%B5%D0%BD%D0%BD%D0%BE-%D0%93%D1%80%D1%83%D0%B7%D0%B8%D0%BD%D1%81%D0%BA%D0%B0%D1%8F%20%D0%B4%D0%BE%D1%80%D0%BE%D0%B3%D0%B0%20%E2%80%94%20%D0%A2%D0%B1%D0%B8%D0%BB%D0%B8%D1%81%D0%B8.jpg,https://storage.yandexcloud.net/kraskideti/tours/%D0%A1%D0%B2%D1%8F%D1%82%D0%BE%D0%B9%20%D0%A1%D0%BE%D1%84%D0%B8%D0%B8.webp,,,https://storage.yandexcloud.net/kraskideti/tours/%D0%91%D0%B0%D1%85%D1%87%D0%B8%D1%81%D0%B0%D1%80%D0%B0%D0%B9%20%D0%B8%20%D0%A5%D0%B0%D0%BD%D1%81%D0%BA%D0%B8%D0%B9%20%D0%B4%D0%B2%D0%BE%D1%80%D0%B5%D1%86.jpg,https://storage.yandexcloud.net/kraskideti/tours/%D0%A4%D0%BE%D0%BD%D1%82%D0%B0%D0%BD%D1%8B%20%D0%9F%D0%B5%D1%82%D0%B5%D1%80%D0%B3%D0%BE%D1%84%D0%B0.jpg,https://storage.yandexcloud.net/kraskideti/tours/%D0%91%D0%BE%D0%BB%D1%8C%D1%88%D0%BE%D0%B9%20%D0%9F%D0%B5%D1%82%D0%B5%D1%80%D0%B3%D0%BE%D1%84%D1%81%D0%BA%D0%B8%D0%B9%20%D0%B4%D0%B2%D0%BE%D1%80%D0%B5%D1%86%20%D0%B8%D0%B7%D0%BD%D1%83%D1%82%D1%80%D0%B8.jpg,https://storage.yandexcloud.net/kraskideti/tours/%D0%A0%D0%B0%D0%B7%D0%B2%D0%BE%D0%B4%D0%BD%D1%8B%D0%B5%20%D0%BC%D0%BE%D1%81%D1%82%D1%8B%20%D0%9F%D0%B5%D1%82%D0%B5%D1%80%D0%B1%D1%83%D1%80%D0%B3%D0%B0.jpg,https://storage.yandexcloud.net/kraskideti/tours/%D0%95%D0%BA%D0%B0%D1%82%D0%B5%D1%80%D0%B8%D0%BD%D0%B8%D0%BD%D1%81%D0%BA%D0%B8%D0%B9%20%D0%B4%D0%B2%D0%BE%D1%80%D0%B5%D1%86.jpg,,,,,,,,,,,,,,,,,,,,
,1126,Семейные каникулы в Петербурге,peterburg-semejnye-kanikuly,5,Большая Страна,https://bolshayastrana.com/sankt-peterburg/semejnye-kanikuly-v-peterburge-343448,https://storage.yandexcloud.net/kraskideti/tours/%D0%91%D0%B5%D0%BB%D1%8B%D0%B5%20%D0%BD%D0%BE%D1%87%D0%B8%20%D0%9F%D0%B5%D1%82%D0%B5%D1%80%D0%B1%D1%83%D1%80%D0%B3%D0%B0.jpg,,,https://storage.yandexcloud.net/kraskideti/tours/%D0%A4%D0%BE%D0%BD%D1%82%D0%B0%D0%BD%D1%8B%20%D0%9F%D0%B5%D1%82%D0%B5%D1%80%D0%B3%D0%BE%D1%84%D0%B0.jpg,https://storage.yandexcloud.net/kraskideti/tours/%D0%98%D0%BD%D1%82%D0%B5%D1%80%D0%B0%D0%BA%D1%82%D0%B8%D0%B2%D0%BD%D1%8B%D0%B9%20%D0%BC%D1%83%D0%B7%D0%B5%D0%B9%20%D0%BA%D0%BE%D1%87%D0%B5%D0%B2%D0%BE%D0%B9%20%D0%BA%D1%83%D0%BB%D1%8C%D1%82%D1%83%D1%80%D1%8B.webp,https://storage.yandexcloud.net/kraskideti/tours/%D0%AF%D0%BD%D1%82%D0%B0%D1%80%D0%BD%D0%B0%D1%8F%20%D0%BA%D0%BE%D0%BC%D0%BD%D0%B0%D1%82%D0%B0%20%D0%B2%20%D0%A6%D0%B0%D1%80%D1%81%D0%BA%D0%BE%D0%BC%20%D0%A1%D0%B5%D0%BB%D0%B5.jpg,,https://storage.yandexcloud.net/kraskideti/tours/%D0%91%D0%B5%D0%BB%D0%BE%D1%80%D0%B5%D1%87%D0%B5%D0%BD%D1%81%D0%BA%D0%B8%D0%B9%20%D0%B2%D0%BE%D0%B4%D0%BE%D0%BF%D0%B0%D0%B4%20%E2%80%94%20%D0%9F%D0%B8%D1%82%D0%B5%D0%B9%D0%BD%D1%8B%D0%B9%20%D0%B4%D0%BE%D0%BC.jpg,,https://storage.yandexcloud.net/kraskideti/tours/%D0%9F%D0%B5%D1%82%D1%80%D0%BE%D0%BF%D0%B0%D0%B2%D0%BB%D0%BE%D0%B2%D1%81%D0%BA%D0%B0%D1%8F%20%D0%BA%D1%80%D0%B5%D0%BF%D0%BE%D1%81%D1%82%D1%8C.jpg,https://storage.yandexcloud.net/kraskideti/tours/%D0%A1%D0%B5%D0%BB%D0%BE%20%D0%90%D0%B4%D1%8B%D0%BA.jpg,https://storage.yandexcloud.net/kraskideti/tours/%D0%95%D0%BA%D0%B0%D1%82%D0%B5%D1%80%D0%B8%D0%BD%D0%B8%D0%BD%D1%81%D0%BA%D0%B8%D0%B9%20%D0%B4%D0%B2%D0%BE%D1%80%D0%B5%D1%86.jpg,https://storage.yandexcloud.net/kraskideti/tours/%D0%AD%D1%80%D0%BC%D0%B8%D1%82%D0%B0%D0%B6%20%D0%B8%20%D0%9F%D0%B5%D1%82%D0%B5%D1%80%D0%B3%D0%BE%D1%84.webp,https://storage.yandexcloud.net/kraskideti/tours/%D0%9D%D0%B5%D0%B2%D1%81%D0%BA%D0%B8%D0%B9%20%D0%BF%D1%80%D0%BE%D1%81%D0%BF%D0%B5%D0%BA%D1%82.jpeg,,https://storage.yandexcloud.net/kraskideti/tours/%D0%9C%D0%BE%D1%81%D1%82%20%D0%9C%D0%B8%D1%80%D0%B0.jpg,,,,,,,,,,,,,,,,,,,,,,,,,
,1127,Татарстан на 100 процентов,tatarstan-na-100-procentov,6,Большая Страна,https://bolshayastrana.com/tatarstan/v-kazan-den-za-dnem-tur-na-5-dnej-386065,https://storage.yandexcloud.net/kraskideti/tours/%D0%9F%D0%BB%D0%BE%D1%89%D0%B0%D0%B4%D1%8C%20%D0%A1%D0%B2%D0%BE%D0%B1%D0%BE%D0%B4%D1%8B%20%D0%BA%D0%B0%D0%B7%D0%B0%D0%BD%D1%8C.jpg,https://storage.yandexcloud.net/kraskideti/tours/%D0%9A%D0%B0%D0%B7%D0%B0%D0%BD%D1%81%D0%BA%D0%B8%D0%B9%20%D0%9A%D1%80%D0%B5%D0%BC%D0%BB%D1%8C%20%E2%80%94%20%D0%AE%D0%9D%D0%95%D0%A1%D0%9A%D0%9E%2C%20%D0%BC%D0%B5%D1%87%D0%B5%D1%82%D1%8C%20%D0%9A%D1%83%D0%BB-%D0%A8%D0%B0%D1%80%D0%B8%D1%84.webp,,https://storage.yandexcloud.net/kraskideti/tours/%D0%A1%D0%B2%D0%B8%D1%8F%D0%B6%D1%81%D0%BA%20XVII%20%D0%B2%D0%B5%D0%BA%D0%B0.webp,https://storage.yandexcloud.net/kraskideti/tours/%D0%A0%D0%B0%D0%B8%D1%84%D1%81%D0%BA%D0%B8%D0%B9%20%D0%BC%D0%BE%D0%BD%D0%B0%D1%81%D1%82%D1%8B%D1%80%D1%8C.jpg,,https://storage.yandexcloud.net/kraskideti/tours/%D0%A1%D1%82%D0%B0%D1%80%D0%BE-%D0%A2%D0%B0%D1%82%D0%B0%D1%80%D1%81%D0%BA%D0%B0%D1%8F.jpg,https://storage.yandexcloud.net/kraskideti/tours/%D0%91%D0%B0%D1%88%D0%BD%D1%8F%20%D0%A1%D1%8E%D1%8E%D0%BC%D0%B1%D0%B8%D0%BA%D0%B5%20%E2%80%94%20%C2%AB%D0%BF%D0%B0%D0%B4%D0%B0%D1%8E%D1%89%D0%B0%D1%8F%20%D0%B1%D0%B0%D1%88%D0%BD%D1%8F%C2%BB%20%D0%9A%D0%B0%D0%B7%D0%B0%D0%BD%D0%B8.jpg,,https://storage.yandexcloud.net/kraskideti/tours/%D0%98%D1%81%D0%B0%D0%B0%D0%BA%D0%B8%D0%B5%D0%B2%D1%81%D0%BA%D0%B0%D1%8F%20%D0%BF%D0%BB%D0%BE%D1%89%D0%B0%D0%B4%D1%8C.jpg,https://storage.yandexcloud.net/kraskideti/tours/%D0%98%D0%BD%D1%82%D0%B5%D1%80%D0%B0%D0%BA%D1%82%D0%B8%D0%B2%D0%BD%D1%8B%D0%B9%20%D0%BC%D1%83%D0%B7%D0%B5%D0%B9%20%D0%BA%D0%BE%D1%87%D0%B5%D0%B2%D0%BE%D0%B9%20%D0%BA%D1%83%D0%BB%D1%8C%D1%82%D1%83%D1%80%D1%8B.webp,https://storage.yandexcloud.net/kraskideti/tours/%D0%90%D0%BB%D1%83%D0%BF%D0%BA%D0%B8%D0%BD%D1%81%D0%BA%D0%B8%D0%B9%20%D0%BF%D0%B0%D1%80%D0%BA.webp,,https://storage.yandexcloud.net/kraskideti/tours/%D0%A2%D1%83%D0%B3%D0%B0%D0%BD%20%D0%B0%D0%B2%D1%8B%D0%BB%D1%8B%D0%BC.webp,https://storage.yandexcloud.net/kraskideti/tours/%D0%A1%D1%82%D0%B0%D1%80%D0%BE-%D0%A2%D0%B0%D1%82%D0%B0%D1%80%D1%81%D0%BA%D0%B0%D1%8F.jpg,https://storage.yandexcloud.net/kraskideti/tours/%D0%9E%D0%B7%D0%B5%D1%80%D0%BE%20%D0%9A%D0%B0%D0%B1%D0%B0%D0%BD.jpg,https://storage.yandexcloud.net/kraskideti/tours/%D0%9F%D0%BB%D0%BE%D1%89%D0%B0%D0%B4%D1%8C%20%D0%A1%D0%B2%D0%BE%D0%B1%D0%BE%D0%B4%D1%8B.jpg,https://storage.yandexcloud.net/kraskideti/tours/%D0%9A%D0%B0%D0%B7%D0%B0%D0%BD%D1%81%D0%BA%D0%B8%D0%B9%20%D0%9A%D1%80%D0%B5%D0%BC%D0%BB%D1%8C%20%E2%80%94%20%D0%AE%D0%9D%D0%95%D0%A1%D0%9A%D0%9E%2C%20%D0%BC%D0%B5%D1%87%D0%B5%D1%82%D1%8C%20%D0%9A%D1%83%D0%BB-%D0%A8%D0%B0%D1%80%D0%B8%D1%84.webp,https://storage.yandexcloud.net/kraskideti/tours/%D0%90%D0%BD%D0%B0%D0%BA%D0%BE%D0%BF%D0%B8%D0%B9%D1%81%D0%BA%D0%B0%D1%8F%20%D0%BA%D1%80%D0%B5%D0%BF%D0%BE%D1%81%D1%82%D1%8C.jpg,,https://storage.yandexcloud.net/kraskideti/tours/%D0%9A%D0%B0%D0%B7%D0%B0%D0%BD%D1%81%D0%BA%D0%B8%D0%B9%20%D0%9A%D1%80%D0%B5%D0%BC%D0%BB%D1%8C%20%E2%80%94%20%D0%AE%D0%9D%D0%95%D0%A1%D0%9A%D0%9E%2C%20%D0%BC%D0%B5%D1%87%D0%B5%D1%82%D1%8C%20%D0%9A%D1%83%D0%BB-%D0%A8%D0%B0%D1%80%D0%B8%D1%84.webp,https://storage.yandexcloud.net/kraskideti/tours/%D0%91%D0%B0%D1%88%D0%BD%D1%8F%20%D0%A1%D1%8E%D1%8E%D0%BC%D0%B1%D0%B8%D0%BA%D0%B5%20%E2%80%94%20%C2%AB%D0%BF%D0%B0%D0%B4%D0%B0%D1%8E%D1%89%D0%B0%D1%8F%20%D0%B1%D0%B0%D1%88%D0%BD%D1%8F%C2%BB%20%D0%9A%D0%B0%D0%B7%D0%B0%D0%BD%D0%B8.jpg,https://storage.yandexcloud.net/kraskideti/tours/%D0%90%D0%BB%D0%B5%D0%BA%D1%81%D0%B0%D0%BD%D0%B4%D1%80%D0%BE%D0%B2%D1%81%D0%BA%D0%B0%D1%8F%20%D1%81%D0%BB%D0%BE%D0%B1%D0%BE%D0%B4%D0%B0%20%D0%98%D0%B2%D0%B0%D0%BD%D0%B0%20%D0%93%D1%80%D0%BE%D0%B7%D0%BD%D0%BE%D0%B3%D0%BE.webp,https://storage.yandexcloud.net/kraskideti/tours/%D0%91%D0%BB%D0%B0%D0%B3%D0%BE%D0%B2%D0%B5%D1%89%D0%B5%D0%BD%D1%81%D0%BA%D0%B8%D0%B9%20%D1%81%D0%BE%D0%B1%D0%BE%D1%80.jpg,https://storage.yandexcloud.net/kraskideti/tours/%D0%A3%D1%81%D0%BF%D0%B5%D0%BD%D1%81%D0%BA%D0%B8%D0%B9%20%D0%BC%D0%BE%D0%BD%D0%B0%D1%81%D1%82%D1%8B%D1%80%D1%8C.webp,https://storage.yandexcloud.net/kraskideti/tours/%D0%98%D1%81%D0%B0%D0%B0%D0%BA%D0%B8%D0%B5%D0%B2%D1%81%D0%BA%D0%B0%D1%8F%20%D0%BF%D0%BB%D0%BE%D1%89%D0%B0%D0%B4%D1%8C.jpg,,,https://storage.yandexcloud.net/kraskideti/tours/%D0%93%D0%BE%D0%BB%D1%83%D0%B1%D0%BE%D0%B5%20%D0%BE%D0%B7%D0%B5%D1%80%D0%BE.jpg,,,,,,,,,,,,
,1128,Я шагаю по Москве,moskva-ya-shagayu-6-dnej,6,Большая Страна,https://bolshayastrana.com/moskva/ya-shagayu-po-moskve-ehkskursionnyj-tur-na-6-dnej-247124,,,https://storage.yandexcloud.net/kraskideti/tours/%D0%BF%D0%B0%D1%80%D0%BA%20%D0%BE%D0%B1%D0%BB%D0%B0%D0%BA%D0%BE%D0%B2.webp,,https://storage.yandexcloud.net/kraskideti/tours/%D0%9D%D0%B0%D1%80%D0%B7%D0%B0%D0%BD%D0%BD%D0%B0%D1%8F%20%D0%B3%D0%B0%D0%BB%D0%B5%D1%80%D0%B5%D1%8F.jpg,https://storage.yandexcloud.net/kraskideti/tours/%D0%9F%D0%B0%D1%80%D0%BA%20%D0%A0%D0%B8%D0%BA%D0%BE.webp,https://storage.yandexcloud.net/kraskideti/tours/%D0%9F%D0%BE%D0%BB%D1%91%D1%82%D1%8B%20%D0%BD%D0%B0%20%D0%BF%D0%B0%D1%80%D0%B0%D0%BF%D0%BB%D0%B0%D0%BD%D0%B5%20%D0%BD%D0%B0%D0%B4%20%D0%A7%D0%B5%D0%B3%D0%B5%D0%BC%D0%BE%D0%BC.webp,https://storage.yandexcloud.net/kraskideti/tours/%D0%9A%D1%80%D1%8B%D0%BC%D1%81%D0%BA%D0%B8%D0%B9%20%D0%BC%D0%BE%D1%81%D1%82.avif,,https://storage.yandexcloud.net/kraskideti/tours/%D0%91%D0%BB%D0%B0%D0%B3%D0%BE%D0%B2%D0%B5%D1%89%D0%B5%D0%BD%D1%81%D0%BA%D0%B0%D1%8F%20%D1%86%D0%B5%D1%80%D0%BA%D0%BE%D0%B2%D1%8C.webp,https://storage.yandexcloud.net/kraskideti/tours/%D0%B3%D1%80%D0%B0%D1%84%D1%81%D0%BA%D0%B0%D1%8F%20%D0%BF%D1%80%D0%B8%D1%81%D1%82%D0%B0%D0%BD%D1%8C%20%D0%BF%D0%B0%D0%BC%D1%8F%D1%82%D0%BD%D0%B8%D0%BA.jpg,https://storage.yandexcloud.net/kraskideti/tours/%D0%91%D0%BB%D0%B0%D0%B3%D0%BE%D0%B2%D0%B5%D1%89%D0%B5%D0%BD%D1%81%D0%BA%D0%B8%D0%B9%20%D1%81%D0%BE%D0%B1%D0%BE%D1%80.jpg,https://storage.yandexcloud.net/kraskideti/tours/%D0%91%D0%B0%D1%85%D1%87%D0%B8%D1%81%D0%B0%D1%80%D0%B0%D0%B9%20%D0%B8%20%D0%A5%D0%B0%D0%BD%D1%81%D0%BA%D0%B8%D0%B9%20%D0%B4%D0%B2%D0%BE%D1%80%D0%B5%D1%86.jpg,https://storage.yandexcloud.net/kraskideti/tours/%D0%94%D0%BE%D0%BC-%D0%BF%D0%BE%D0%B4%D0%BA%D0%BE%D0%B2%D0%B0.jpg,https://storage.yandexcloud.net/kraskideti/tours/%D0%9F%D0%B0%D1%80%D0%BA%20%D0%9C%D0%BE%D1%80%D0%B8%D1%86%D0%B0.jpg,https://storage.yandexcloud.net/kraskideti/tours/%D0%A1%D0%BE%D0%B1%D0%B0%D1%87%D0%BA%D0%B8%D0%BD%D0%B0%20%D1%81%D1%82%D0%BE%D0%BB%D0%B8%D1%86%D0%B0.jpg,https://storage.yandexcloud.net/kraskideti/tours/%D0%A1%D0%BE%D0%B1%D0%B0%D1%87%D0%BA%D0%B8%D0%BD%D0%B0%20%D1%81%D1%82%D0%BE%D0%BB%D0%B8%D1%86%D0%B0.jpg,,https://storage.yandexcloud.net/kraskideti/tours/%D0%93%D1%80%D0%BE%D0%B7%D0%BD%D1%8B%D0%B9-%D0%A1%D0%B8%D1%82%D0%B8.png,https://storage.yandexcloud.net/kraskideti/tours/%D0%A4%D0%BE%D1%80%D0%BE%D1%81%D1%81%D0%BA%D0%B8%D0%B9%20%D1%85%D1%80%D0%B0%D0%BC.jpg,https://storage.yandexcloud.net/kraskideti/tours/%D0%93%D0%B0%D0%BB%D0%B0%D1%82%D1%81%D0%BA%D0%B8%D0%B9%20%D0%BC%D0%BE%D1%81%D1%82.jpg,https://storage.yandexcloud.net/kraskideti/tours/%D0%A5%D0%B0%D0%BD%D1%81%D0%BA%D0%B8%D0%B9%20%D0%B4%D0%B2%D0%BE%D1%80%D0%B5%D1%86.jpg,,,,,,,,,,,,,,,,,,,
да,1129,КавМинВоды — 5 курортных городов за 1 день,kavminvody-5-gorodov,1,Кандагар,https://www.kandagar.com/,https://storage.yandexcloud.net/kraskideti/tours/%D0%9D%D0%B0%D1%80%D0%B7%D0%B0%D0%BD%D0%BD%D0%B0%D1%8F%20%D0%B3%D0%B0%D0%BB%D0%B5%D1%80%D0%B5%D1%8F.jpg,https://storage.yandexcloud.net/kraskideti/tours/%D0%9D%D0%B0%D1%80%D0%B7%D0%B0%D0%BD%D0%BD%D0%B0%D1%8F%20%D0%B3%D0%B0%D0%BB%D0%B5%D1%80%D0%B5%D1%8F.jpg,https://storage.yandexcloud.net/kraskideti/tours/%D0%9F%D1%80%D0%BE%D0%B2%D0%B0%D0%BB%20%D0%B2%20%D0%9F%D1%8F%D1%82%D0%B8%D0%B3%D0%BE%D1%80%D1%81%D0%BA%D0%B5.jpg,https://storage.yandexcloud.net/kraskideti/tours/%D0%9D%D0%B0%D1%80%D0%B7%D0%B0%D0%BD%D0%BD%D0%B0%D1%8F%20%D0%B3%D0%B0%D0%BB%D0%B5%D1%80%D0%B5%D1%8F.jpg,https://storage.yandexcloud.net/kraskideti/tours/%D0%94%D0%B2%D0%BE%D1%80%D0%B5%D1%86%20%D0%AD%D0%BC%D0%B8%D1%80%D0%B0.webp,https://storage.yandexcloud.net/kraskideti/tours/%D0%9F%D1%83%D1%88%D0%BA%D0%B8%D0%BD%D1%81%D0%BA%D0%B0%D1%8F%20%D0%B3%D0%B0%D0%BB%D0%B5%D1%80%D0%B5%D1%8F.webp,https://storage.yandexcloud.net/kraskideti/tours/%D0%9A%D0%B8%D1%81%D0%BB%D0%BE%D0%B2%D0%BE%D0%B4%D1%81%D0%BA.webp,https://storage.yandexcloud.net/kraskideti/tours/%D0%95%D1%81%D1%81%D0%B5%D0%BD%D1%82%D1%83%D0%BA%D0%B8.jpg,https://storage.yandexcloud.net/kraskideti/tours/%D0%96%D0%B5%D0%BB%D0%B5%D0%B7%D0%BD%D0%BE%D0%B2%D0%BE%D0%B4%D1%81%D0%BA.jpg,https://storage.yandexcloud.net/kraskideti/tours/%D0%91%D0%B5%D1%81%D0%B5%D0%B4%D0%BA%D0%B0%20%D0%AD%D0%BE%D0%BB%D0%BE%D0%B2%D0%B0.jpg,https://storage.yandexcloud.net/kraskideti/tours/%D0%9D%D0%B0%D1%80%D0%B7%D0%B0%D0%BD%D0%BD%D0%B0%D1%8F%20%D0%B3%D0%B0%D0%BB%D0%B5%D1%80%D0%B5%D1%8F.jpg,,,,,,,,,,,,,,,,,,,,,,,,,,,,,,
да,1130,Плато Бермамыт и Джилы-Су,bermamyt-dzhily-su,1,Кандагар,https://www.kandagar.com/,https://storage.yandexcloud.net/kraskideti/tours/%D0%9F%D1%80%D0%B8%D1%8D%D0%BB%D1%8C%D0%B1%D1%80%D1%83%D1%81%D1%8C%D0%B5.webp,https://storage.yandexcloud.net/kraskideti/tours/%D0%9D%D0%B0%D1%80%D0%B7%D0%B0%D0%BD%D0%BD%D1%8B%D0%B5%20%D0%B8%D1%81%D1%82%D0%BE%D1%87%D0%BD%D0%B8%D0%BA%D0%B8%20%D0%94%D0%B6%D0%B8%D0%BB%D1%8B-%D0%A1%D1%83.jpg,https://storage.yandexcloud.net/kraskideti/tours/%D0%9A%D0%B0%D0%B2%D0%BA%D0%B0%D0%B7%D1%81%D0%BA%D0%B8%D0%BC%20%D0%93%D1%80%D0%B0%D0%BD%D0%B4-%D0%9A%D0%B0%D0%BD%D1%8C%D0%BE%D0%BD%D0%BE%D0%BC.jpg,https://storage.yandexcloud.net/kraskideti/tours/%D0%94%D0%B6%D0%B8%D0%BB%D1%8B-%D0%A1%D1%83.webp,https://storage.yandexcloud.net/kraskideti/tours/%D0%9F%D0%BB%D0%B0%D1%82%D0%BE%20%D0%91%D0%B5%D1%80%D0%BC%D0%B0%D0%BC%D1%8B%D1%82.jpg,https://storage.yandexcloud.net/kraskideti/tours/%D0%91%D0%B5%D0%BB%D0%BE%D1%80%D0%B5%D1%87%D0%B5%D0%BD%D1%81%D0%BA%D0%B8%D0%B9%20%D0%B2%D0%BE%D0%B4%D0%BE%D0%BF%D0%B0%D0%B4%20%E2%80%94%20%D0%9F%D0%B8%D1%82%D0%B5%D0%B9%D0%BD%D1%8B%D0%B9%20%D0%B4%D0%BE%D0%BC.jpg,https://storage.yandexcloud.net/kraskideti/tours/%D0%9A%D0%B0%D0%B2%D0%BA%D0%B0%D0%B7%D1%81%D0%BA%D0%B8%D0%BC%20%D0%93%D1%80%D0%B0%D0%BD%D0%B4-%D0%9A%D0%B0%D0%BD%D1%8C%D0%BE%D0%BD%D0%BE%D0%BC.jpg,,,,,,,,,,,,,,,,,,,,,,,,,,,,,,,,,,
да,1131,Пятигорск и Кисловодск за 1 день,pyatigorsk-kislovodsk-1-den,1,Кандагар,https://www.kandagar.com/,https://storage.yandexcloud.net/kraskideti/tours/%D0%9D%D0%B0%D1%80%D0%B7%D0%B0%D0%BD%D0%BD%D0%B0%D1%8F%20%D0%B3%D0%B0%D0%BB%D0%B5%D1%80%D0%B5%D1%8F.jpg,https://storage.yandexcloud.net/kraskideti/tours/%D0%93%D0%BE%D0%BB%D1%83%D0%B1%D0%BE%D0%B5%20%D0%BE%D0%B7%D0%B5%D1%80%D0%BE.jpg,https://storage.yandexcloud.net/kraskideti/tours/%D0%91%D0%B5%D1%81%D0%B5%D0%B4%D0%BA%D0%B0%20%D0%AD%D0%BE%D0%BB%D0%BE%D0%B2%D0%B0.jpg,https://storage.yandexcloud.net/kraskideti/tours/%D0%9D%D0%B0%D1%80%D0%B7%D0%B0%D0%BD%D0%BD%D0%B0%D1%8F%20%D0%B3%D0%B0%D0%BB%D0%B5%D1%80%D0%B5%D1%8F.jpg,https://storage.yandexcloud.net/kraskideti/tours/%D0%9F%D1%80%D0%BE%D0%B2%D0%B0%D0%BB%20%D0%B2%20%D0%9F%D1%8F%D1%82%D0%B8%D0%B3%D0%BE%D1%80%D1%81%D0%BA%D0%B5.jpg,https://storage.yandexcloud.net/kraskideti/tours/%D0%9A%D0%B8%D1%81%D0%BB%D0%BE%D0%B2%D0%BE%D0%B4%D1%81%D0%BA.webp,,,,,,,,,,,,,,,,,,,,,,,,,,,,,,,,,,,
да,1132,Парк Лога — сказочный парк у Каменска,park-loga-1-den,1,Парк Лога,https://amra-turistik.ru/tours/velikolepnye-vyhodnye-v-rostovskoj-oblasti-8,https://storage.yandexcloud.net/kraskideti/tours/%D0%9F%D0%B0%D1%80%D0%BA%20%D0%9B%D0%BE%D0%B3%D0%B0.webp,https://storage.yandexcloud.net/kraskideti/tours/%D0%92%D0%B8%D0%BD%D0%BD%D1%8B%D0%B9%20%D0%BF%D0%B0%D1%80%D0%BA.jpg,https://storage.yandexcloud.net/kraskideti/tours/%D0%9F%D0%B0%D1%80%D0%BA%20%D0%9B%D0%BE%D0%B3%D0%B0.webp,https://storage.yandexcloud.net/kraskideti/tours/%D0%9F%D0%B0%D1%80%D0%BA%20%D0%9B%D0%BE%D0%B3%D0%B0.webp,https://storage.yandexcloud.net/kraskideti/tours/%D0%9F%D0%B0%D1%80%D0%BA%20%D0%9B%D0%BE%D0%B3%D0%B0.webp,https://storage.yandexcloud.net/kraskideti/tours/%D0%9F%D0%B0%D1%80%D0%BA%20%D0%9F%D0%B0%D1%82%D1%80%D0%B8%D0%BE%D1%82.jpg,,,,,,,,,,,,,,,,,,,,,,,,,,,,,,,,,,,
да,1133,Беларусь: Путь Магнатов,belarus-put-magnatov-5-dnej,5,Русь,https://rt.plus/belarus/,https://storage.yandexcloud.net/kraskideti/tours/%D0%9C%D0%B8%D1%80%D1%81%D0%BA%D0%B8%D0%B9%20%D0%B7%D0%B0%D0%BC%D0%BE%D0%BA%20%E2%80%94%20%D0%AE%D0%9D%D0%95%D0%A1%D0%9A%D0%9E.jpg,https://storage.yandexcloud.net/kraskideti/tours/%D0%9C%D0%B8%D0%BD%D1%81%D0%BA%20%E2%80%94%20%D0%91%D0%B5%D0%BB%D0%BE%D0%B2%D0%B5%D0%B6%D1%81%D0%BA%D0%B0%D1%8F%20%D0%BF%D1%83%D1%89%D0%B0.webp,https://storage.yandexcloud.net/kraskideti/tours/%D0%91%D0%B5%D0%BB%D0%BE%D0%B2%D0%B5%D0%B6%D1%81%D0%BA%D0%B0%D1%8F%20%D0%BF%D1%83%D1%89%D0%B0%20%E2%80%94%20%D0%91%D1%80%D0%B5%D1%81%D1%82%D1%81%D0%BA%D0%B0%D1%8F%20%D0%BA%D1%80%D0%B5%D0%BF%D0%BE%D1%81%D1%82%D1%8C.webp,https://storage.yandexcloud.net/kraskideti/tours/%D0%9D%D0%B5%D1%81%D0%B2%D0%B8%D0%B6%D1%81%D0%BA%D0%B8%D0%B9%20%D0%B4%D0%B2%D0%BE%D1%80%D0%B5%D1%86%20%D0%A0%D0%B0%D0%B4%D0%B7%D0%B8%D0%B2%D0%B8%D0%BB%D0%BB%D0%BE%D0%B2.jpg,https://storage.yandexcloud.net/kraskideti/tours/%D0%9C%D0%B8%D1%80%D1%81%D0%BA%D0%B8%D0%B9%20%D0%B7%D0%B0%D0%BC%D0%BE%D0%BA%20%E2%80%94%20%D0%AE%D0%9D%D0%95%D0%A1%D0%9A%D0%9E.jpg,https://storage.yandexcloud.net/kraskideti/tours/%D0%90%D0%BD%D0%B3%D0%BB%D0%B8%D0%B9%D1%81%D0%BA%D0%B8%D0%B9%20%D0%BF%D0%B0%D1%80%D0%BA.jpg,https://storage.yandexcloud.net/kraskideti/tours/%D0%9C%D0%B8%D0%BD%D1%81%D0%BA%20%E2%80%94%20%D0%91%D0%B5%D0%BB%D0%BE%D0%B2%D0%B5%D0%B6%D1%81%D0%BA%D0%B0%D1%8F%20%D0%BF%D1%83%D1%89%D0%B0.webp,https://storage.yandexcloud.net/kraskideti/tours/%D0%9F%D1%80%D0%BE%D1%81%D0%BF%D0%B5%D0%BA%D1%82%20%D0%9D%D0%B5%D0%B7%D0%B0%D0%B2%D0%B8%D1%81%D0%B8%D0%BC%D0%BE%D1%81%D1%82%D0%B8.webp,https://storage.yandexcloud.net/kraskideti/tours/%D0%9F%D0%BB%D0%BE%D1%89%D0%B0%D0%B4%D1%8C%20%D0%9F%D0%BE%D0%B1%D0%B5%D0%B4%D1%8B.jpg,https://storage.yandexcloud.net/kraskideti/tours/%D0%A2%D1%80%D0%BE%D0%BF%D0%B0%20%D0%93%D0%BE%D0%BB%D0%B8%D1%86%D1%8B%D0%BD%D0%B0..jpg,https://storage.yandexcloud.net/kraskideti/tours/%D0%96%D0%B0%D0%B6%D0%B4%D0%B0.webp,https://storage.yandexcloud.net/kraskideti/tours/%D0%A3%D0%BB%D0%B8%D1%86%D0%B0%20%D0%A1%D0%BE%D0%B2%D0%B5%D1%82%D1%81%D0%BA%D0%B0%D1%8F.jpg,https://storage.yandexcloud.net/kraskideti/tours/%D0%A5%D0%BE%D0%BB%D0%BC%D1%81%D0%BA%D0%B8%D0%B5%20%D0%B2%D0%BE%D1%80%D0%BE%D1%82%D0%B0.jpg,,,,,,,,,,,,,,,,,,,,,,,,,,,,
да,1134,Белорусская мозаика,belorusskaya-mozaika-1-den,1,Русь,https://rt.plus/belarus/,https://storage.yandexcloud.net/kraskideti/tours/%D0%9C%D0%B8%D1%80%D1%81%D0%BA%D0%B8%D0%B9%20%D0%B7%D0%B0%D0%BC%D0%BE%D0%BA%20%E2%80%94%20%D0%AE%D0%9D%D0%95%D0%A1%D0%9A%D0%9E.jpg,https://storage.yandexcloud.net/kraskideti/tours/%D0%A3%D1%81%D0%B0%D0%B4%D1%8C%D0%B1%D0%B0%20%D0%9E%D0%B3%D0%B8%D0%BD%D1%81%D0%BA%D0%BE%D0%B3%D0%BE.webp,https://storage.yandexcloud.net/kraskideti/tours/%D0%93%D0%B5%D1%80%D0%B2%D1%8F%D1%82%D1%8B%20%E2%80%94%20%C2%AB%D0%B1%D0%B5%D0%BB%D0%BE%D1%80%D1%83%D1%81%D1%81%D0%BA%D0%B8%D0%B9%20%D0%9D%D0%BE%D1%82%D1%80-%D0%94%D0%B0%D0%BC%C2%BB.jpg,https://storage.yandexcloud.net/kraskideti/tours/%D0%A0%D0%BE%D1%81%D0%BF%D0%B8%D1%81%D0%B8%20%D0%BA%D0%BE%D1%81%D1%82%D1%91%D0%BB%D0%B0%20%D0%B2%20%D0%A1%D0%BE%D0%BB%D0%B0%D1%85.jpg,,https://storage.yandexcloud.net/kraskideti/tours/%D0%92%D0%BE%D1%81%D1%81%D1%82%D0%B0%D0%BD%D0%BE%D0%B2%D0%BB%D0%B5%D0%BD%D0%BD%D1%8B%D0%B9%20%D0%B4%D0%B2%D0%BE%D1%80%D0%B5%D1%86.jpg,https://storage.yandexcloud.net/kraskideti/tours/%D0%93%D0%B5%D1%80%D0%B2%D1%8F%D1%82%D1%8B%20%E2%80%94%20%C2%AB%D0%B1%D0%B5%D0%BB%D0%BE%D1%80%D1%83%D1%81%D1%81%D0%BA%D0%B8%D0%B9%20%D0%9D%D0%BE%D1%82%D1%80-%D0%94%D0%B0%D0%BC%C2%BB.jpg,https://storage.yandexcloud.net/kraskideti/tours/%D0%93%D0%B5%D1%80%D0%B2%D1%8F%D1%82%D1%8B%20%E2%80%94%20%C2%AB%D0%B1%D0%B5%D0%BB%D0%BE%D1%80%D1%83%D1%81%D1%81%D0%BA%D0%B8%D0%B9%20%D0%9D%D0%BE%D1%82%D1%80-%D0%94%D0%B0%D0%BC%C2%BB.jpg,https://storage.yandexcloud.net/kraskideti/tours/%D0%9E%D1%81%D1%82%D1%80%D0%BE%D0%B2%D0%B5%D1%86.jpg,,,,,,,,,,,,,,,,,,,,,,,,,,,,,,,,
да,1135,Белорусские каникулы,belorusskie-kanikuly-3-dnya,3,Русь,https://rt.plus/belarus/,https://storage.yandexcloud.net/kraskideti/tours/%D0%9C%D0%B8%D1%80%D1%81%D0%BA%D0%B8%D0%B9%20%D0%B7%D0%B0%D0%BC%D0%BE%D0%BA%20%E2%80%94%20%D0%AE%D0%9D%D0%95%D0%A1%D0%9A%D0%9E.jpg,,https://storage.yandexcloud.net/kraskideti/tours/%D0%91%D0%B8%D0%BE%D1%81%D1%84%D0%B5%D1%80%D0%BD%D1%8B%D0%B9%20%D0%B7%D0%B0%D0%BF%D0%BE%D0%B2%D0%B5%D0%B4%D0%BD%D0%B8%D0%BA%20%D0%AE%D0%9D%D0%95%D0%A1%D0%9A%D0%9E.jpg,https://storage.yandexcloud.net/kraskideti/tours/%D0%9F%D0%B0%D1%80%D0%BA%20%C2%AB%D0%A1%D1%83%D0%BB%D0%B0%C2%BB%20%D1%81%20%D0%B0%D0%BD%D0%B8%D0%BC%D0%B0%D1%86%D0%B8%D0%B5%D0%B9.webp,,https://storage.yandexcloud.net/kraskideti/tours/%D0%92%D0%B5%D1%80%D1%85%D0%BD%D0%B8%D0%B9%20%D0%B3%D0%BE%D1%80%D0%BE%D0%B4.jpg,https://storage.yandexcloud.net/kraskideti/tours/%D0%9F%D0%B5%D1%82%D1%80%D0%BE-%D0%9F%D0%B0%D0%B2%D0%BB%D0%BE%D0%B2%D1%81%D0%BA%D0%B0%D1%8F.webp,https://storage.yandexcloud.net/kraskideti/tours/%D0%9F%D0%B0%D0%B2%D0%BB%D0%BE%D0%B2%D1%81%D0%BA%D0%B0%D1%8F%20%D1%86%D0%B5%D1%80%D0%BA%D0%BE%D0%B2%D1%8C.jpg,https://storage.yandexcloud.net/kraskideti/tours/%D0%9C%D0%B8%D1%80%D1%81%D0%BA%D0%B8%D0%B9%20%D0%B7%D0%B0%D0%BC%D0%BE%D0%BA%20%E2%80%94%20%D0%AE%D0%9D%D0%95%D0%A1%D0%9A%D0%9E.jpg,https://storage.yandexcloud.net/kraskideti/tours/%D0%9D%D0%B5%D1%81%D0%B2%D0%B8%D0%B6%D1%81%D0%BA%D0%B8%D0%B9%20%D0%B4%D0%B2%D0%BE%D1%80%D0%B5%D1%86%20%D0%A0%D0%B0%D0%B4%D0%B7%D0%B8%D0%B2%D0%B8%D0%BB%D0%BB%D0%BE%D0%B2.jpg,https://storage.yandexcloud.net/kraskideti/tours/%D0%90%D0%BD%D0%B3%D0%BB%D0%B8%D0%B9%D1%81%D0%BA%D0%B8%D0%B9%20%D0%BF%D0%B0%D1%80%D0%BA.jpg,https://storage.yandexcloud.net/kraskideti/tours/%D0%9C%D0%B8%D0%BD%D1%81%D0%BA-%D0%90%D1%80%D0%B5%D0%BD%D0%B0.webp,https://storage.yandexcloud.net/kraskideti/tours/%D0%9F%D0%BB%D0%BE%D1%89%D0%B0%D0%B4%D1%8C%20%D0%A1%D0%B2%D0%BE%D0%B1%D0%BE%D0%B4%D1%8B.jpg,https://storage.yandexcloud.net/kraskideti/tours/%D0%98%D1%81%D0%B0%D0%B0%D0%BA%D0%B8%D0%B5%D0%B2%D1%81%D0%BA%D0%B0%D1%8F%20%D0%BF%D0%BB%D0%BE%D1%89%D0%B0%D0%B4%D1%8C.jpg,https://storage.yandexcloud.net/kraskideti/tours/%D0%9C%D0%B8%D1%80%D1%81%D0%BA%D0%B8%D0%B9%20%D0%B8%20%D0%9D%D0%B5%D1%81%D0%B2%D0%B8%D0%B6%D1%81%D0%BA%D0%B8%D0%B9%20%D0%B7%D0%B0%D0%BC%D0%BA%D0%B8.jpg,https://storage.yandexcloud.net/kraskideti/tours/%D0%9D%D0%B5%D1%81%D0%B2%D0%B8%D0%B6%D1%81%D0%BA%D0%B8%D0%B9%20%D0%B4%D0%B2%D0%BE%D1%80%D0%B5%D1%86%20%D0%A0%D0%B0%D0%B4%D0%B7%D0%B8%D0%B2%D0%B8%D0%BB%D0%BB%D0%BE%D0%B2.jpg,,,,,,,,,,,,,,,,,,,,,,,,,
да,1136,Большое путешествие в Беларусь,bolshoe-puteshestvie-v-belarus-8-dnej,8,Русь,https://rt.plus/belarus/,https://storage.yandexcloud.net/kraskideti/tours/%D0%9C%D0%B8%D1%80%D1%81%D0%BA%D0%B8%D0%B9%20%D0%B7%D0%B0%D0%BC%D0%BE%D0%BA%20%E2%80%94%20%D0%AE%D0%9D%D0%95%D0%A1%D0%9A%D0%9E.jpg,https://storage.yandexcloud.net/kraskideti/tours/%D0%97%D0%B0%D0%B2%D0%BE%D0%B4%20%D0%91%D0%B5%D0%BB%D0%90%D0%97.png,https://storage.yandexcloud.net/kraskideti/tours/%D0%A5%D0%B0%D1%82%D1%8B%D0%BD%D1%8C%20%D0%B8%20%D0%9A%D1%83%D1%80%D0%B3%D0%B0%D0%BD%20%D0%A1%D0%BB%D0%B0%D0%B2%D1%8B.jpg,https://storage.yandexcloud.net/kraskideti/tours/%D0%9C%D0%B8%D1%80%D1%81%D0%BA%D0%B8%D0%B9%20%D0%B7%D0%B0%D0%BC%D0%BE%D0%BA%20%E2%80%94%20%D0%AE%D0%9D%D0%95%D0%A1%D0%9A%D0%9E.jpg,https://storage.yandexcloud.net/kraskideti/tours/%D0%91%D0%B5%D0%BB%D0%BE%D0%B2%D0%B5%D0%B6%D1%81%D0%BA%D0%B0%D1%8F%20%D0%BF%D1%83%D1%89%D0%B0%20%E2%80%94%20%D0%91%D1%80%D0%B5%D1%81%D1%82%D1%81%D0%BA%D0%B0%D1%8F%20%D0%BA%D1%80%D0%B5%D0%BF%D0%BE%D1%81%D1%82%D1%8C.webp,https://storage.yandexcloud.net/kraskideti/tours/%D0%91%D0%B5%D0%BB%D0%BE%D0%B2%D0%B5%D0%B6%D1%81%D0%BA%D0%B0%D1%8F%20%D0%BF%D1%83%D1%89%D0%B0.webp,https://storage.yandexcloud.net/kraskideti/tours/%D0%9A%D0%BE%D1%80%D0%BE%D0%BB%D0%B5%D0%B2%D1%81%D0%BA%D0%B8%D0%B9%20%D0%93%D1%80%D0%BE%D0%B4%D0%BD%D0%BE.jpg,https://storage.yandexcloud.net/kraskideti/tours/%D0%9B%D0%B8%D0%BD%D0%B8%D1%8F%20%D0%A1%D1%82%D0%B0%D0%BB%D0%B8%D0%BD%D0%B0.jpg,https://storage.yandexcloud.net/kraskideti/tours/%D0%97%D0%B0%D0%BC%D0%BE%D0%BA%20%D0%93%D0%B5%D0%B4%D0%B8%D0%BC%D0%B8%D0%BD%D0%B0.jpeg,https://storage.yandexcloud.net/kraskideti/tours/%D0%9C%D0%B8%D0%BD%D1%81%D0%BA-%D0%90%D1%80%D0%B5%D0%BD%D0%B0.webp,https://storage.yandexcloud.net/kraskideti/tours/%D0%98%D1%81%D0%B0%D0%B0%D0%BA%D0%B8%D0%B5%D0%B2%D1%81%D0%BA%D0%B0%D1%8F%20%D0%BF%D0%BB%D0%BE%D1%89%D0%B0%D0%B4%D1%8C.jpg,https://storage.yandexcloud.net/kraskideti/tours/%D0%9F%D1%80%D0%BE%D1%81%D0%BF%D0%B5%D0%BA%D1%82%20%D0%9D%D0%B5%D0%B7%D0%B0%D0%B2%D0%B8%D1%81%D0%B8%D0%BC%D0%BE%D1%81%D1%82%D0%B8.webp,https://storage.yandexcloud.net/kraskideti/tours/%D0%9F%D0%B0%D1%80%D0%BA%20%D0%AD%D0%BC%D0%B8%D1%80%D0%B3%D0%B0%D0%BD.webp,https://storage.yandexcloud.net/kraskideti/tours/%D0%9A%D0%BB%D0%B0%D0%B4%D0%B1%D0%B8%D1%89%D0%B5%20%D0%B4%D0%B5%D1%80%D0%B5%D0%B2%D0%B5%D0%BD%D1%8C.jpg,https://storage.yandexcloud.net/kraskideti/tours/%D0%9C%D0%B8%D1%80%D1%81%D0%BA%D0%B8%D0%B9%20%D0%B7%D0%B0%D0%BC%D0%BE%D0%BA%20%E2%80%94%20%D0%AE%D0%9D%D0%95%D0%A1%D0%9A%D0%9E.jpg,https://storage.yandexcloud.net/kraskideti/tours/%D0%90%D0%BD%D0%B3%D0%BB%D0%B8%D0%B9%D1%81%D0%BA%D0%B8%D0%B9%20%D0%BF%D0%B0%D1%80%D0%BA.jpg,https://storage.yandexcloud.net/kraskideti/tours/%D0%96%D0%B0%D0%B6%D0%B4%D0%B0.webp,https://storage.yandexcloud.net/kraskideti/tours/%D0%A3%D0%BB%D0%B8%D1%86%D0%B0%20%D0%A1%D0%BE%D0%B2%D0%B5%D1%82%D1%81%D0%BA%D0%B0%D1%8F.jpg,https://storage.yandexcloud.net/kraskideti/tours/%D0%A5%D0%BE%D0%BB%D0%BC%D1%81%D0%BA%D0%B8%D0%B5%20%D0%B2%D0%BE%D1%80%D0%BE%D1%82%D0%B0.jpg,https://storage.yandexcloud.net/kraskideti/tours/%D0%A2%D1%80%D0%BE%D0%BF%D0%B0%20%D0%93%D0%BE%D0%BB%D0%B8%D1%86%D1%8B%D0%BD%D0%B0..jpg,https://storage.yandexcloud.net/kraskideti/tours/%D0%9A%D0%B0%D0%BB%D0%BE%D0%B6%D1%81%D0%BA%D0%B0%D1%8F%20%D1%86%D0%B5%D1%80%D0%BA%D0%BE%D0%B2%D1%8C.jpg,https://storage.yandexcloud.net/kraskideti/tours/%D0%97%D0%B0%D0%BC%D0%BE%D0%BA%20%D0%90%D0%BD%D0%B0%D0%BD%D1%83%D1%80%D0%B8.jpg,https://storage.yandexcloud.net/kraskideti/tours/%D0%94%D1%83%D0%B4%D1%83%D1%82%D0%BA%D0%B8.jpg,https://storage.yandexcloud.net/kraskideti/tours/%D0%9C%D0%B8%D1%80%D1%81%D0%BA%D0%B8%D0%B9%20%D0%B8%20%D0%9D%D0%B5%D1%81%D0%B2%D0%B8%D0%B6%D1%81%D0%BA%D0%B8%D0%B9%20%D0%B7%D0%B0%D0%BC%D0%BA%D0%B8.jpg,https://storage.yandexcloud.net/kraskideti/tours/%D0%9D%D0%B5%D1%81%D0%B2%D0%B8%D0%B6%D1%81%D0%BA%D0%B8%D0%B9%20%D0%B4%D0%B2%D0%BE%D1%80%D0%B5%D1%86%20%D0%A0%D0%B0%D0%B4%D0%B7%D0%B8%D0%B2%D0%B8%D0%BB%D0%BB%D0%BE%D0%B2.jpg,https://storage.yandexcloud.net/kraskideti/tours/%D0%91%D0%B5%D0%BB%D0%BE%D0%B2%D0%B5%D0%B6%D1%81%D0%BA%D0%B0%D1%8F%20%D0%BF%D1%83%D1%89%D0%B0.webp,https://storage.yandexcloud.net/kraskideti/tours/%D0%93%D1%80%D0%BE%D0%B4%D0%BD%D0%BE%20%E2%80%94%20900%20%D0%BB%D0%B5%D1%82%20%D0%B8%D1%81%D1%82%D0%BE%D1%80%D0%B8%D0%B8.webp,,,,,,,,,,,,,,
да,1137,Вся Беларусь за 7 дней,vsya-belarus-7-dnej,7,Русь,https://rt.plus/belarus/,https://storage.yandexcloud.net/kraskideti/tours/%D0%A5%D1%83%D0%B4%D0%BE%D0%B6%D0%B5%D1%81%D1%82%D0%B2%D0%B5%D0%BD%D0%BD%D1%8B%D0%B9%20%D0%BC%D1%83%D0%B7%D0%B5%D0%B9%20%D0%B1%D0%B5%D0%BB%D0%B0%D1%80%D1%83%D1%81%D1%8C.jpg,https://storage.yandexcloud.net/kraskideti/tours/%D0%9C%D0%B8%D1%80%D1%81%D0%BA%D0%B8%D0%B9%20%D0%B8%20%D0%9D%D0%B5%D1%81%D0%B2%D0%B8%D0%B6%D1%81%D0%BA%D0%B8%D0%B9%20%D0%B7%D0%B0%D0%BC%D0%BA%D0%B8.jpg,https://storage.yandexcloud.net/kraskideti/tours/%D0%91%D0%B5%D0%BB%D0%BE%D0%B2%D0%B5%D0%B6%D1%81%D0%BA%D0%B0%D1%8F%20%D0%BF%D1%83%D1%89%D0%B0%20%E2%80%94%20%D0%91%D1%80%D0%B5%D1%81%D1%82%D1%81%D0%BA%D0%B0%D1%8F%20%D0%BA%D1%80%D0%B5%D0%BF%D0%BE%D1%81%D1%82%D1%8C.webp,https://storage.yandexcloud.net/kraskideti/tours/%D0%91%D0%B5%D0%BB%D0%BE%D0%B2%D0%B5%D0%B6%D1%81%D0%BA%D0%B0%D1%8F%20%D0%BF%D1%83%D1%89%D0%B0.webp,https://storage.yandexcloud.net/kraskideti/tours/%D0%9A%D0%BE%D1%80%D0%BE%D0%BB%D0%B5%D0%B2%D1%81%D0%BA%D0%B8%D0%B9%20%D0%93%D1%80%D0%BE%D0%B4%D0%BD%D0%BE.jpg,https://storage.yandexcloud.net/kraskideti/tours/%D0%97%D0%B0%D0%BC%D0%BE%D0%BA%20%D0%93%D0%B5%D0%B4%D0%B8%D0%BC%D0%B8%D0%BD%D0%B0.jpeg,https://storage.yandexcloud.net/kraskideti/tours/%D0%9A%D0%BE%D1%80%D0%BE%D0%BB%D0%B5%D0%B2%D1%81%D0%BA%D0%B8%D0%B9%20%D0%93%D1%80%D0%BE%D0%B4%D0%BD%D0%BE.jpg,https://storage.yandexcloud.net/kraskideti/tours/%D0%9C%D0%B8%D0%BD%D1%81%D0%BA-%D0%90%D1%80%D0%B5%D0%BD%D0%B0.webp,https://storage.yandexcloud.net/kraskideti/tours/%D0%94%D1%83%D0%B4%D1%83%D1%82%D0%BA%D0%B8.jpg,https://storage.yandexcloud.net/kraskideti/tours/%D0%98%D1%81%D0%B0%D0%B0%D0%BA%D0%B8%D0%B5%D0%B2%D1%81%D0%BA%D0%B0%D1%8F%20%D0%BF%D0%BB%D0%BE%D1%89%D0%B0%D0%B4%D1%8C.jpg,https://storage.yandexcloud.net/kraskideti/tours/%D0%9F%D0%BB%D0%BE%D1%89%D0%B0%D0%B4%D1%8C%20%D0%95%D0%B2%D1%80%D0%BE%D0%BF%D1%8B%20%D0%B3%D1%80%D1%83%D0%B7%D0%B8%D1%8F.jpg,https://storage.yandexcloud.net/kraskideti/tours/%D0%9F%D1%80%D0%BE%D1%81%D0%BF%D0%B5%D0%BA%D1%82%20%D0%9D%D0%B5%D0%B7%D0%B0%D0%B2%D0%B8%D1%81%D0%B8%D0%BC%D0%BE%D1%81%D1%82%D0%B8.webp,https://storage.yandexcloud.net/kraskideti/tours/%D0%9C%D0%B8%D1%80%D1%81%D0%BA%D0%B8%D0%B9%20%D0%B7%D0%B0%D0%BC%D0%BE%D0%BA%20%E2%80%94%20%D0%AE%D0%9D%D0%95%D0%A1%D0%9A%D0%9E.jpg,https://storage.yandexcloud.net/kraskideti/tours/%D0%90%D0%BD%D0%B3%D0%BB%D0%B8%D0%B9%D1%81%D0%BA%D0%B8%D0%B9%20%D0%BF%D0%B0%D1%80%D0%BA.jpg,https://storage.yandexcloud.net/kraskideti/tours/%D0%96%D0%B0%D0%B6%D0%B4%D0%B0.webp,https://storage.yandexcloud.net/kraskideti/tours/%D0%A5%D0%BE%D0%BB%D0%BC%D1%81%D0%BA%D0%B8%D0%B5%20%D0%B2%D0%BE%D1%80%D0%BE%D1%82%D0%B0.jpg,https://storage.yandexcloud.net/kraskideti/tours/%D0%91%D0%B5%D0%BB%D0%BE%D0%B2%D0%B5%D0%B6%D1%81%D0%BA%D0%B0%D1%8F%20%D0%BF%D1%83%D1%89%D0%B0.webp,https://storage.yandexcloud.net/kraskideti/tours/%D0%9A%D1%83%D1%80%D0%B3%D0%B0%D0%BD%20%D0%90%D0%B4%D0%B0%D0%BC%D0%B0.webp,https://storage.yandexcloud.net/kraskideti/tours/%D0%9A%D0%B0%D0%BB%D0%BE%D0%B6%D1%81%D0%BA%D0%B0%D1%8F%20%D1%86%D0%B5%D1%80%D0%BA%D0%BE%D0%B2%D1%8C.jpg,https://storage.yandexcloud.net/kraskideti/tours/%D0%9C%D0%B8%D0%BD%D1%81%D0%BA%20%E2%80%94%20%D0%91%D0%B5%D0%BB%D0%BE%D0%B2%D0%B5%D0%B6%D1%81%D0%BA%D0%B0%D1%8F%20%D0%BF%D1%83%D1%89%D0%B0.webp,https://storage.yandexcloud.net/kraskideti/tours/%D0%9C%D0%B8%D1%80%D1%81%D0%BA%D0%B8%D0%B9%20%D0%B8%20%D0%9D%D0%B5%D1%81%D0%B2%D0%B8%D0%B6%D1%81%D0%BA%D0%B8%D0%B9%20%D0%B7%D0%B0%D0%BC%D0%BA%D0%B8.jpg,https://storage.yandexcloud.net/kraskideti/tours/%D0%9D%D0%B5%D1%81%D0%B2%D0%B8%D0%B6%D1%81%D0%BA%D0%B8%D0%B9%20%D0%B4%D0%B2%D0%BE%D1%80%D0%B5%D1%86%20%D0%A0%D0%B0%D0%B4%D0%B7%D0%B8%D0%B2%D0%B8%D0%BB%D0%BB%D0%BE%D0%B2.jpg,https://storage.yandexcloud.net/kraskideti/tours/%D0%9C%D0%B8%D0%BD%D1%81%D0%BA%20%E2%80%94%20%D0%91%D0%B5%D0%BB%D0%BE%D0%B2%D0%B5%D0%B6%D1%81%D0%BA%D0%B0%D1%8F%20%D0%BF%D1%83%D1%89%D0%B0.webp,https://storage.yandexcloud.net/kraskideti/tours/%D0%91%D0%B5%D0%BB%D0%BE%D0%B2%D0%B5%D0%B6%D1%81%D0%BA%D0%B0%D1%8F%20%D0%BF%D1%83%D1%89%D0%B0.webp,https://storage.yandexcloud.net/kraskideti/tours/%D0%93%D1%80%D0%BE%D0%B4%D0%BD%D0%BE%20%E2%80%94%20900%20%D0%BB%D0%B5%D1%82%20%D0%B8%D1%81%D1%82%D0%BE%D1%80%D0%B8%D0%B8.webp,,,,,,,,,,,,,,,,
да,1138,Гранд-тур по Белой Руси,grand-tur-po-beloj-rusi-10-dnej,10,Русь,https://rt.plus/belarus/,https://storage.yandexcloud.net/kraskideti/tours/%D0%9C%D0%B8%D1%80%D1%81%D0%BA%D0%B8%D0%B9%20%D0%B7%D0%B0%D0%BC%D0%BE%D0%BA%20%E2%80%94%20%D0%AE%D0%9D%D0%95%D0%A1%D0%9A%D0%9E.jpg,https://storage.yandexcloud.net/kraskideti/tours/%D0%9C%D0%B8%D1%80%D1%81%D0%BA%D0%B8%D0%B9%20%D0%B7%D0%B0%D0%BC%D0%BE%D0%BA%20%E2%80%94%20%D0%AE%D0%9D%D0%95%D0%A1%D0%9A%D0%9E.jpg,https://storage.yandexcloud.net/kraskideti/tours/%D0%94%D1%83%D0%B4%D1%83%D1%82%D0%BA%D0%B8.jpg,https://storage.yandexcloud.net/kraskideti/tours/%D0%A5%D0%B0%D1%82%D1%8B%D0%BD%D1%8C%20%D0%B8%20%D0%9A%D1%83%D1%80%D0%B3%D0%B0%D0%BD%20%D0%A1%D0%BB%D0%B0%D0%B2%D1%8B.jpg,https://storage.yandexcloud.net/kraskideti/tours/%D0%91%D0%B8%D0%BE%D1%81%D1%84%D0%B5%D1%80%D0%BD%D1%8B%D0%B9%20%D0%B7%D0%B0%D0%BF%D0%BE%D0%B2%D0%B5%D0%B4%D0%BD%D0%B8%D0%BA%20%D0%AE%D0%9D%D0%95%D0%A1%D0%9A%D0%9E.jpg,https://storage.yandexcloud.net/kraskideti/tours/%D0%91%D0%B5%D0%BB%D0%BE%D0%B2%D0%B5%D0%B6%D1%81%D0%BA%D0%B0%D1%8F%20%D0%BF%D1%83%D1%89%D0%B0.webp,https://storage.yandexcloud.net/kraskideti/tours/%D0%93%D1%80%D0%BE%D0%B4%D0%BD%D0%BE%20%E2%80%94%20900%20%D0%BB%D0%B5%D1%82%20%D0%B8%D1%81%D1%82%D0%BE%D1%80%D0%B8%D0%B8.webp,https://storage.yandexcloud.net/kraskideti/tours/%D0%9B%D0%B8%D0%BD%D0%B8%D1%8F%20%D0%A1%D1%82%D0%B0%D0%BB%D0%B8%D0%BD%D0%B0.jpg,https://storage.yandexcloud.net/kraskideti/tours/%D0%9C%D1%83%D0%B7%D0%B5%D0%B9%20%D0%92%D0%9E%D0%92%20%2B%20%D0%A1%D1%82%D1%80%D0%BE%D1%87%D0%B8%D1%86%D1%8B.jpg,https://storage.yandexcloud.net/kraskideti/tours/%D0%91%D0%B5%D0%BB%D0%BE%D0%B2%D0%B5%D0%B6%D1%81%D0%BA%D0%B0%D1%8F%20%D0%BF%D1%83%D1%89%D0%B0%20%E2%80%94%20%D0%91%D1%80%D0%B5%D1%81%D1%82%D1%81%D0%BA%D0%B0%D1%8F%20%D0%BA%D1%80%D0%B5%D0%BF%D0%BE%D1%81%D1%82%D1%8C.webp,https://storage.yandexcloud.net/kraskideti/tours/%D0%9C%D0%B8%D0%BD%D1%81%D0%BA-%D0%90%D1%80%D0%B5%D0%BD%D0%B0.webp,https://storage.yandexcloud.net/kraskideti/tours/%D0%98%D1%81%D0%B0%D0%B0%D0%BA%D0%B8%D0%B5%D0%B2%D1%81%D0%BA%D0%B0%D1%8F%20%D0%BF%D0%BB%D0%BE%D1%89%D0%B0%D0%B4%D1%8C.jpg,https://storage.yandexcloud.net/kraskideti/tours/%D0%9F%D1%80%D0%BE%D1%81%D0%BF%D0%B5%D0%BA%D1%82%20%D0%9D%D0%B5%D0%B7%D0%B0%D0%B2%D0%B8%D1%81%D0%B8%D0%BC%D0%BE%D1%81%D1%82%D0%B8.webp,https://storage.yandexcloud.net/kraskideti/tours/%D0%9A%D0%BB%D0%B0%D0%B4%D0%B1%D0%B8%D1%89%D0%B5%20%D0%B4%D0%B5%D1%80%D0%B5%D0%B2%D0%B5%D0%BD%D1%8C.jpg,https://storage.yandexcloud.net/kraskideti/tours/%D0%9C%D0%B8%D1%80%D1%81%D0%BA%D0%B8%D0%B9%20%D0%B7%D0%B0%D0%BC%D0%BE%D0%BA%20%E2%80%94%20%D0%AE%D0%9D%D0%95%D0%A1%D0%9A%D0%9E.jpg,https://storage.yandexcloud.net/kraskideti/tours/%D0%9D%D0%B5%D1%81%D0%B2%D0%B8%D0%B6%D1%81%D0%BA%D0%B8%D0%B9%20%D0%B4%D0%B2%D0%BE%D1%80%D0%B5%D1%86%20%D0%A0%D0%B0%D0%B4%D0%B7%D0%B8%D0%B2%D0%B8%D0%BB%D0%BB%D0%BE%D0%B2.jpg,https://storage.yandexcloud.net/kraskideti/tours/%D0%96%D0%B0%D0%B6%D0%B4%D0%B0.webp,https://storage.yandexcloud.net/kraskideti/tours/%D0%A3%D0%BB%D0%B8%D1%86%D0%B0%20%D0%A1%D0%BE%D0%B2%D0%B5%D1%82%D1%81%D0%BA%D0%B0%D1%8F.jpg,https://storage.yandexcloud.net/kraskideti/tours/%D0%A5%D0%BE%D0%BB%D0%BC%D1%81%D0%BA%D0%B8%D0%B5%20%D0%B2%D0%BE%D1%80%D0%BE%D1%82%D0%B0.jpg,https://storage.yandexcloud.net/kraskideti/tours/%D0%97%D0%B0%D0%BC%D0%BE%D0%BA%20%D0%93%D0%B5%D0%B4%D0%B8%D0%BC%D0%B8%D0%BD%D0%B0.jpeg,https://storage.yandexcloud.net/kraskideti/tours/%D0%9A%D0%B0%D0%BB%D0%BE%D0%B6%D1%81%D0%BA%D0%B0%D1%8F%20%D1%86%D0%B5%D1%80%D0%BA%D0%BE%D0%B2%D1%8C.jpg,https://storage.yandexcloud.net/kraskideti/tours/%D0%97%D0%B0%D0%BC%D0%BE%D0%BA%20%D0%90%D0%BD%D0%B0%D0%BD%D1%83%D1%80%D0%B8.jpg,https://storage.yandexcloud.net/kraskideti/tours/%D0%94%D1%83%D0%B4%D1%83%D1%82%D0%BA%D0%B8.jpg,https://storage.yandexcloud.net/kraskideti/tours/%D0%A5%D0%B0%D1%82%D1%8B%D0%BD%D1%8C%20%D0%B8%20%D0%9A%D1%83%D1%80%D0%B3%D0%B0%D0%BD%20%D0%A1%D0%BB%D0%B0%D0%B2%D1%8B.jpg,https://storage.yandexcloud.net/kraskideti/tours/%D0%9C%D0%B8%D1%80%D1%81%D0%BA%D0%B8%D0%B9%20%D0%B8%20%D0%9D%D0%B5%D1%81%D0%B2%D0%B8%D0%B6%D1%81%D0%BA%D0%B8%D0%B9%20%D0%B7%D0%B0%D0%BC%D0%BA%D0%B8.jpg,https://storage.yandexcloud.net/kraskideti/tours/%D0%9D%D0%B5%D1%81%D0%B2%D0%B8%D0%B6%D1%81%D0%BA%D0%B8%D0%B9%20%D0%B4%D0%B2%D0%BE%D1%80%D0%B5%D1%86%20%D0%A0%D0%B0%D0%B4%D0%B7%D0%B8%D0%B2%D0%B8%D0%BB%D0%BB%D0%BE%D0%B2.jpg,https://storage.yandexcloud.net/kraskideti/tours/%D0%91%D0%B5%D0%BB%D0%BE%D0%B2%D0%B5%D0%B6%D1%81%D0%BA%D0%B0%D1%8F%20%D0%BF%D1%83%D1%89%D0%B0.webp,https://storage.yandexcloud.net/kraskideti/tours/%D0%93%D1%80%D0%BE%D0%B4%D0%BD%D0%BE%20%E2%80%94%20900%20%D0%BB%D0%B5%D1%82%20%D0%B8%D1%81%D1%82%D0%BE%D1%80%D0%B8%D0%B8.webp,https://storage.yandexcloud.net/kraskideti/tours/%D0%9C%D1%83%D0%B7%D0%B5%D0%B9%20%D0%92%D0%9E%D0%92%20%2B%20%D0%A1%D1%82%D1%80%D0%BE%D1%87%D0%B8%D1%86%D1%8B.jpg,,,,,,,,,,,,
да,1139,Дорогами Беларуси,dorogami-belarusi-3-dnya,3,Русь,https://rt.plus/belarus/,https://storage.yandexcloud.net/kraskideti/tours/%D0%9C%D0%B8%D1%80%D1%81%D0%BA%D0%B8%D0%B9%20%D0%B7%D0%B0%D0%BC%D0%BE%D0%BA%20%E2%80%94%20%D0%AE%D0%9D%D0%95%D0%A1%D0%9A%D0%9E.jpg,https://storage.yandexcloud.net/kraskideti/tours/%D0%9C%D0%B8%D1%80%D1%81%D0%BA%D0%B8%D0%B9%20%D0%B7%D0%B0%D0%BC%D0%BE%D0%BA%20%E2%80%94%20%D0%AE%D0%9D%D0%95%D0%A1%D0%9A%D0%9E.jpg,https://storage.yandexcloud.net/kraskideti/tours/%D0%9D%D0%B5%D1%81%D0%B2%D0%B8%D0%B6%D1%81%D0%BA%D0%B8%D0%B9%20%D0%B4%D0%B2%D0%BE%D1%80%D0%B5%D1%86%20%D0%A0%D0%B0%D0%B4%D0%B7%D0%B8%D0%B2%D0%B8%D0%BB%D0%BB%D0%BE%D0%B2.jpg,https://storage.yandexcloud.net/kraskideti/tours/%D0%94%D1%83%D0%B4%D1%83%D1%82%D0%BA%D0%B8.jpg,https://storage.yandexcloud.net/kraskideti/tours/%D0%9F%D0%B5%D1%82%D1%80%D0%BE-%D0%9F%D0%B0%D0%B2%D0%BB%D0%BE%D0%B2%D1%81%D0%BA%D0%B0%D1%8F.webp,https://storage.yandexcloud.net/kraskideti/tours/%D0%9F%D0%BB%D0%BE%D1%89%D0%B0%D0%B4%D1%8C%20%D0%A1%D0%B2%D0%BE%D0%B1%D0%BE%D0%B4%D1%8B.jpg,https://storage.yandexcloud.net/kraskideti/tours/%D0%98%D1%81%D0%B0%D0%B0%D0%BA%D0%B8%D0%B5%D0%B2%D1%81%D0%BA%D0%B0%D1%8F%20%D0%BF%D0%BB%D0%BE%D1%89%D0%B0%D0%B4%D1%8C.jpg,https://storage.yandexcloud.net/kraskideti/tours/%D0%9F%D1%80%D0%BE%D1%81%D0%BF%D0%B5%D0%BA%D1%82%20%D0%9D%D0%B5%D0%B7%D0%B0%D0%B2%D0%B8%D1%81%D0%B8%D0%BC%D0%BE%D1%81%D1%82%D0%B8.webp,https://storage.yandexcloud.net/kraskideti/tours/%D0%9F%D0%BB%D0%BE%D1%89%D0%B0%D0%B4%D1%8C%20%D0%9F%D0%BE%D0%B1%D0%B5%D0%B4%D1%8B.jpg,https://storage.yandexcloud.net/kraskideti/tours/%D0%9F%D0%B0%D0%B2%D0%BB%D0%BE%D0%B2%D1%81%D0%BA%D0%B0%D1%8F%20%D1%86%D0%B5%D1%80%D0%BA%D0%BE%D0%B2%D1%8C.jpg,https://storage.yandexcloud.net/kraskideti/tours/%D0%90%D0%BD%D0%B3%D0%BB%D0%B8%D0%B9%D1%81%D0%BA%D0%B8%D0%B9%20%D0%BF%D0%B0%D1%80%D0%BA.jpg,https://storage.yandexcloud.net/kraskideti/tours/%D0%9C%D0%B8%D0%BD%D1%81%D0%BA-%D0%90%D1%80%D0%B5%D0%BD%D0%B0.webp,https://storage.yandexcloud.net/kraskideti/tours/%D0%9C%D0%B8%D1%80%D1%81%D0%BA%D0%B8%D0%B9%20%D0%B8%20%D0%9D%D0%B5%D1%81%D0%B2%D0%B8%D0%B6%D1%81%D0%BA%D0%B8%D0%B9%20%D0%B7%D0%B0%D0%BC%D0%BA%D0%B8.jpg,https://storage.yandexcloud.net/kraskideti/tours/%D0%9D%D0%B5%D1%81%D0%B2%D0%B8%D0%B6%D1%81%D0%BA%D0%B8%D0%B9%20%D0%B4%D0%B2%D0%BE%D1%80%D0%B5%D1%86%20%D0%A0%D0%B0%D0%B4%D0%B7%D0%B8%D0%B2%D0%B8%D0%BB%D0%BB%D0%BE%D0%B2.jpg,,,,,,,,,,,,,,,,,,,,,,,,,,,
да,1140,Заповедная Беларусь,zapovednaya-belarus-3-dnya,3,Русь,https://rt.plus/belarus/,https://storage.yandexcloud.net/kraskideti/tours/%D0%9C%D0%B8%D1%80%D1%81%D0%BA%D0%B8%D0%B9%20%D0%B7%D0%B0%D0%BC%D0%BE%D0%BA%20%E2%80%94%20%D0%AE%D0%9D%D0%95%D0%A1%D0%9A%D0%9E.jpg,https://storage.yandexcloud.net/kraskideti/tours/%D0%9C%D0%B8%D0%BD%D1%81%D0%BA%20%E2%80%94%20%D0%91%D0%B5%D0%BB%D0%BE%D0%B2%D0%B5%D0%B6%D1%81%D0%BA%D0%B0%D1%8F%20%D0%BF%D1%83%D1%89%D0%B0.webp,https://storage.yandexcloud.net/kraskideti/tours/%D0%91%D0%B5%D0%BB%D0%BE%D0%B2%D0%B5%D0%B6%D1%81%D0%BA%D0%B0%D1%8F%20%D0%BF%D1%83%D1%89%D0%B0.webp,https://storage.yandexcloud.net/kraskideti/tours/%D0%91%D0%B5%D0%BB%D0%BE%D0%B2%D0%B5%D0%B6%D1%81%D0%BA%D0%B0%D1%8F%20%D0%BF%D1%83%D1%89%D0%B0%20%E2%80%94%20%D0%91%D1%80%D0%B5%D1%81%D1%82%D1%81%D0%BA%D0%B0%D1%8F%20%D0%BA%D1%80%D0%B5%D0%BF%D0%BE%D1%81%D1%82%D1%8C.webp,https://storage.yandexcloud.net/kraskideti/tours/%D0%9F%D1%80%D0%BE%D1%81%D0%BF%D0%B5%D0%BA%D1%82%20%D0%9D%D0%B5%D0%B7%D0%B0%D0%B2%D0%B8%D1%81%D0%B8%D0%BC%D0%BE%D1%81%D1%82%D0%B8.webp,https://storage.yandexcloud.net/kraskideti/tours/%D0%91%D1%83%D1%82%D1%80%D0%B8%D0%BC%D0%BE%D0%B2%D0%B8%D1%87%D1%81%D0%BA%D0%B8%D0%B9%20%D0%B4%D0%B2%D0%BE%D1%80%D0%B5%D1%86.jpg,https://storage.yandexcloud.net/kraskideti/tours/%D0%9C%D0%B8%D0%BD%D1%81%D0%BA-%D0%90%D1%80%D0%B5%D0%BD%D0%B0.webp,https://storage.yandexcloud.net/kraskideti/tours/%D0%9F%D0%B5%D1%82%D1%80%D0%BE-%D0%9F%D0%B0%D0%B2%D0%BB%D0%BE%D0%B2%D1%81%D0%BA%D0%B0%D1%8F.webp,https://storage.yandexcloud.net/kraskideti/tours/%D0%98%D1%81%D0%B0%D0%B0%D0%BA%D0%B8%D0%B5%D0%B2%D1%81%D0%BA%D0%B0%D1%8F%20%D0%BF%D0%BB%D0%BE%D1%89%D0%B0%D0%B4%D1%8C.jpg,https://storage.yandexcloud.net/kraskideti/tours/%D0%9F%D0%B0%D0%B2%D0%BB%D0%BE%D0%B2%D1%81%D0%BA%D0%B0%D1%8F%20%D1%86%D0%B5%D1%80%D0%BA%D0%BE%D0%B2%D1%8C.jpg,https://storage.yandexcloud.net/kraskideti/tours/%D0%A4%D1%80%D0%B0%D0%BD%D1%86%D0%B8%D1%81%D0%BA%D0%B0%D0%BD%D1%81%D0%BA%D0%B8%D0%B9%20%D0%BC%D0%BE%D0%BD%D0%B0%D1%81%D1%82%D1%8B%D1%80%D1%8C.jpg,https://storage.yandexcloud.net/kraskideti/tours/%D0%A2%D1%80%D0%BE%D0%BF%D0%B0%20%D0%93%D0%BE%D0%BB%D0%B8%D1%86%D1%8B%D0%BD%D0%B0..jpg,https://storage.yandexcloud.net/kraskideti/tours/%D0%96%D0%B0%D0%B6%D0%B4%D0%B0.webp,https://storage.yandexcloud.net/kraskideti/tours/%D0%A3%D0%BB%D0%B8%D1%86%D0%B0%20%D0%A1%D0%BE%D0%B2%D0%B5%D1%82%D1%81%D0%BA%D0%B0%D1%8F.jpg,https://storage.yandexcloud.net/kraskideti/tours/%D0%A5%D0%BE%D0%BB%D0%BC%D1%81%D0%BA%D0%B8%D0%B5%20%D0%B2%D0%BE%D1%80%D0%BE%D1%82%D0%B0.jpg,,,,,,,,,,,,,,,,,,,,,,,,,,
да,1141,Земля под белыми крыльями,zemlya-pod-belymi-krylyami-10-dnej,10,Русь,https://rt.plus/belarus/,https://storage.yandexcloud.net/kraskideti/tours/%D0%9C%D0%B8%D1%80%D1%81%D0%BA%D0%B8%D0%B9%20%D0%B7%D0%B0%D0%BC%D0%BE%D0%BA%20%E2%80%94%20%D0%AE%D0%9D%D0%95%D0%A1%D0%9A%D0%9E.jpg,https://storage.yandexcloud.net/kraskideti/tours/%D0%9C%D1%83%D0%B7%D0%B5%D0%B9%20%D0%9C%D0%B0%D1%80%D0%BA%D0%B0%20%D0%A8%D0%B0%D0%B3%D0%B0%D0%BB%D0%B0%20%D0%B2%20%D0%92%D0%B8%D1%82%D0%B5%D0%B1%D1%81%D0%BA%D0%B5.jpeg,https://storage.yandexcloud.net/kraskideti/tours/%D0%A0%D1%83%D0%B6%D0%B0%D0%BD%D1%8B%20%E2%80%94%20%C2%AB%D0%B1%D0%B5%D0%BB%D0%BE%D1%80%D1%83%D1%81%D1%81%D0%BA%D0%B8%D0%B9%20%D0%92%D0%B5%D1%80%D1%81%D0%B0%D0%BB%D1%8C%C2%BB.jpg,https://storage.yandexcloud.net/kraskideti/tours/%D0%A0%D1%83%D0%B6%D0%B0%D0%BD%D1%8B%20%E2%80%94%20%D0%9A%D0%BE%D1%81%D1%81%D0%BE%D0%B2%D0%BE.jpeg,https://storage.yandexcloud.net/kraskideti/tours/%D0%9F%D0%B8%D0%BD%D1%81%D0%BA%20%E2%80%94%20%D0%9C%D0%BE%D1%82%D0%BE%D0%BB%D1%8C.jpg,https://storage.yandexcloud.net/kraskideti/tours/%D0%9C%D0%BE%D0%B3%D0%B8%D0%BB%D1%91%D0%B2.webp,https://storage.yandexcloud.net/kraskideti/tours/%D0%91%D0%B5%D0%BB%D0%BE%D0%B2%D0%B5%D0%B6%D1%81%D0%BA%D0%B0%D1%8F%20%D0%BF%D1%83%D1%89%D0%B0%20%E2%80%94%20%D0%91%D1%80%D0%B5%D1%81%D1%82%D1%81%D0%BA%D0%B0%D1%8F%20%D0%BA%D1%80%D0%B5%D0%BF%D0%BE%D1%81%D1%82%D1%8C.webp,https://storage.yandexcloud.net/kraskideti/tours/%D0%9C%D1%83%D0%B7%D0%B5%D0%B9%20%D0%9C%D0%B0%D1%80%D0%BA%D0%B0%20%D0%A8%D0%B0%D0%B3%D0%B0%D0%BB%D0%B0%20%D0%B2%20%D0%92%D0%B8%D1%82%D0%B5%D0%B1%D1%81%D0%BA%D0%B5.jpeg,https://storage.yandexcloud.net/kraskideti/tours/%D0%91%D0%BB%D0%B0%D0%B3%D0%BE%D0%B2%D0%B5%D1%89%D0%B5%D0%BD%D1%81%D0%BA%D0%B8%D0%B9%20%D1%81%D0%BE%D0%B1%D0%BE%D1%80.jpg,https://storage.yandexcloud.net/kraskideti/tours/%D0%9C%D1%83%D0%B7%D0%B5%D0%B9%20%D0%9C%D0%B0%D1%80%D0%BA%D0%B0%20%D0%A8%D0%B0%D0%B3%D0%B0%D0%BB%D0%B0%20%D0%B2%20%D0%92%D0%B8%D1%82%D0%B5%D0%B1%D1%81%D0%BA%D0%B5.jpeg,https://storage.yandexcloud.net/kraskideti/tours/%D0%A5%D1%83%D0%B4%D0%BE%D0%B6%D0%B5%D1%81%D1%82%D0%B2%D0%B5%D0%BD%D0%BD%D1%8B%D0%B9%20%D0%BC%D1%83%D0%B7%D0%B5%D0%B9.jpg,https://storage.yandexcloud.net/kraskideti/tours/%D0%98%D1%81%D0%B0%D0%B0%D0%BA%D0%B8%D0%B5%D0%B2%D1%81%D0%BA%D0%B0%D1%8F%20%D0%BF%D0%BB%D0%BE%D1%89%D0%B0%D0%B4%D1%8C.jpg,https://storage.yandexcloud.net/kraskideti/tours/%D0%9F%D1%80%D0%BE%D1%81%D0%BF%D0%B5%D0%BA%D1%82%20%D0%9D%D0%B5%D0%B7%D0%B0%D0%B2%D0%B8%D1%81%D0%B8%D0%BC%D0%BE%D1%81%D1%82%D0%B8.webp,https://storage.yandexcloud.net/kraskideti/tours/%D0%9C%D0%B8%D1%80%D1%81%D0%BA%D0%B8%D0%B9%20%D0%B7%D0%B0%D0%BC%D0%BE%D0%BA%20%E2%80%94%20%D0%AE%D0%9D%D0%95%D0%A1%D0%9A%D0%9E.jpg,https://storage.yandexcloud.net/kraskideti/tours/%D0%9D%D0%B5%D1%81%D0%B2%D0%B8%D0%B6%D1%81%D0%BA%D0%B8%D0%B9%20%D0%B4%D0%B2%D0%BE%D1%80%D0%B5%D1%86%20%D0%A0%D0%B0%D0%B4%D0%B7%D0%B8%D0%B2%D0%B8%D0%BB%D0%BB%D0%BE%D0%B2.jpg,https://storage.yandexcloud.net/kraskideti/tours/%D0%A3%D1%81%D0%BF%D0%B5%D0%BD%D1%81%D0%BA%D0%B8%D0%B9%20%D0%BC%D0%BE%D0%BD%D0%B0%D1%81%D1%82%D1%8B%D1%80%D1%8C.webp,https://storage.yandexcloud.net/kraskideti/tours/%D0%90%D0%BD%D0%B0%D0%BA%D0%BE%D0%BF%D0%B8%D0%B9%D1%81%D0%BA%D0%B0%D1%8F%20%D0%BA%D1%80%D0%B5%D0%BF%D0%BE%D1%81%D1%82%D1%8C.jpg,https://storage.yandexcloud.net/kraskideti/tours/%D0%A3%D1%81%D0%BF%D0%B5%D0%BD%D1%81%D0%BA%D0%B8%D0%B9%20%D0%BC%D0%BE%D0%BD%D0%B0%D1%81%D1%82%D1%8B%D1%80%D1%8C.webp,https://storage.yandexcloud.net/kraskideti/tours/%D0%A1%D0%BB%D0%BE%D0%BD%D0%B8%D0%BC%20%E2%80%94%20%D0%A1%D1%8B%D0%BD%D0%BA%D0%BE%D0%B2%D0%B8%D1%87%D0%B8.webp,https://storage.yandexcloud.net/kraskideti/tours/%D0%A1%D0%BB%D0%BE%D0%BD%D0%B8%D0%BC%20%E2%80%94%20%D0%A1%D1%8B%D0%BD%D0%BA%D0%BE%D0%B2%D0%B8%D1%87%D0%B8.webp,https://storage.yandexcloud.net/kraskideti/tours/%D0%96%D0%B8%D1%80%D0%BE%D0%B2%D0%B8%D1%87%D0%B8.jpeg,https://storage.yandexcloud.net/kraskideti/tours/%D0%94%D0%B2%D0%BE%D1%80%D0%B5%D1%86%20%D0%9F%D1%83%D1%81%D0%BB%D0%BE%D0%B2%D1%81%D0%BA%D0%B8%D1%85.jpg,https://storage.yandexcloud.net/kraskideti/tours/%D0%9D%D0%B0%D0%B1%D0%B5%D1%80%D0%B5%D0%B6%D0%BD%D0%B0%D1%8F%20%D0%9F%D0%B8%D0%BD%D1%8B.jpg,https://storage.yandexcloud.net/kraskideti/tours/%D0%96%D0%B0%D0%B6%D0%B4%D0%B0.webp,https://storage.yandexcloud.net/kraskideti/tours/%D0%A3%D0%BB%D0%B8%D1%86%D0%B0%20%D0%A1%D0%BE%D0%B2%D0%B5%D1%82%D1%81%D0%BA%D0%B0%D1%8F.jpg,https://storage.yandexcloud.net/kraskideti/tours/%D0%A4%D1%80%D0%B0%D0%BD%D1%86%D0%B8%D1%81%D0%BA%D0%B0%D0%BD%D1%81%D0%BA%D0%B8%D0%B9%20%D0%BC%D0%BE%D0%BD%D0%B0%D1%81%D1%82%D1%8B%D1%80%D1%8C.jpg,https://storage.yandexcloud.net/kraskideti/tours/%D0%91%D1%83%D1%82%D1%80%D0%B8%D0%BC%D0%BE%D0%B2%D0%B8%D1%87%D1%81%D0%BA%D0%B8%D0%B9%20%D0%B4%D0%B2%D0%BE%D1%80%D0%B5%D1%86.jpg,https://storage.yandexcloud.net/kraskideti/tours/%D0%A5%D0%BE%D0%BB%D0%BC%D1%81%D0%BA%D0%B8%D0%B5%20%D0%B2%D0%BE%D1%80%D0%BE%D1%82%D0%B0.jpg,https://storage.yandexcloud.net/kraskideti/tours/%D0%9D%D0%B0%D0%B1%D0%B5%D1%80%D0%B5%D0%B6%D0%BD%D0%B0%D1%8F%20%D0%9D%D0%B5%D0%BC%D0%B0%D0%BD%D0%B0.webp,https://storage.yandexcloud.net/kraskideti/tours/%D0%9A%D1%83%D1%80%D0%B3%D0%B0%D0%BD%20%D0%90%D0%B4%D0%B0%D0%BC%D0%B0.webp,https://storage.yandexcloud.net/kraskideti/tours/%D0%9A%D0%B0%D0%BB%D0%BE%D0%B6%D1%81%D0%BA%D0%B0%D1%8F%20%D1%86%D0%B5%D1%80%D0%BA%D0%BE%D0%B2%D1%8C.jpg,https://storage.yandexcloud.net/kraskideti/tours/%D0%97%D0%B0%D0%BC%D0%BE%D0%BA%20%D0%90%D0%BD%D0%B0%D0%BD%D1%83%D1%80%D0%B8.jpg,https://storage.yandexcloud.net/kraskideti/tours/%D0%94%D0%BE%D0%BC%20%D0%9F%D0%B5%D1%87%D0%B0%D1%82%D0%BD%D0%B8%D0%BA%D0%B0.webp,https://storage.yandexcloud.net/kraskideti/tours/%D0%A1%D0%B2%D1%8F%D1%82%D0%BE-%D0%9D%D0%B8%D0%BA%D0%BE%D0%BB%D1%8C%D1%81%D0%BA%D0%B8%D0%B9.jpg,https://storage.yandexcloud.net/kraskideti/tours/%D0%9D%D0%B0%D0%B1%D0%B5%D1%80%D0%B5%D0%B6%D0%BD%D0%B0%D1%8F%20%D0%94%D0%BD%D0%B5%D0%BF%D1%80%D0%B0.jpg,https://storage.yandexcloud.net/kraskideti/tours/%D0%9F%D0%BE%D0%BA%D1%80%D0%BE%D0%B2%D1%81%D0%BA%D0%B8%D0%B9%20%D0%BC%D0%BE%D0%BD%D0%B0%D1%81%D1%82%D1%8B%D1%80%D1%8C.webp,https://storage.yandexcloud.net/kraskideti/tours/%D0%9C%D0%B8%D0%BD%D1%81%D0%BA%20%E2%80%94%20%D0%91%D0%B5%D0%BB%D0%BE%D0%B2%D0%B5%D0%B6%D1%81%D0%BA%D0%B0%D1%8F%20%D0%BF%D1%83%D1%89%D0%B0.webp,https://storage.yandexcloud.net/kraskideti/tours/%D0%9C%D0%B8%D1%80%D1%81%D0%BA%D0%B8%D0%B9%20%D0%B8%20%D0%9D%D0%B5%D1%81%D0%B2%D0%B8%D0%B6%D1%81%D0%BA%D0%B8%D0%B9%20%D0%B7%D0%B0%D0%BC%D0%BA%D0%B8.jpg,https://storage.yandexcloud.net/kraskideti/tours/%D0%9D%D0%B5%D1%81%D0%B2%D0%B8%D0%B6%D1%81%D0%BA%D0%B8%D0%B9%20%D0%B4%D0%B2%D0%BE%D1%80%D0%B5%D1%86%20%D0%A0%D0%B0%D0%B4%D0%B7%D0%B8%D0%B2%D0%B8%D0%BB%D0%BB%D0%BE%D0%B2.jpg,https://storage.yandexcloud.net/kraskideti/tours/%D0%91%D0%B5%D0%BB%D0%BE%D0%B2%D0%B5%D0%B6%D1%81%D0%BA%D0%B0%D1%8F%20%D0%BF%D1%83%D1%89%D0%B0.webp,https://storage.yandexcloud.net/kraskideti/tours/%D0%93%D1%80%D0%BE%D0%B4%D0%BD%D0%BE%20%E2%80%94%20900%20%D0%BB%D0%B5%D1%82%20%D0%B8%D1%81%D1%82%D0%BE%D1%80%D0%B8%D0%B8.webp
да,1142,"Знакомьтесь, Беларусь!",znakomtes-belarus-3-dnya,3,Русь,https://rt.plus/belarus/,https://storage.yandexcloud.net/kraskideti/tours/%D0%A5%D1%83%D0%B4%D0%BE%D0%B6%D0%B5%D1%81%D1%82%D0%B2%D0%B5%D0%BD%D0%BD%D1%8B%D0%B9%20%D0%BC%D1%83%D0%B7%D0%B5%D0%B9%20%D0%B1%D0%B5%D0%BB%D0%B0%D1%80%D1%83%D1%81%D1%8C.jpg,https://storage.yandexcloud.net/kraskideti/tours/%D0%9C%D0%B8%D1%80%D1%81%D0%BA%D0%B8%D0%B9%20%D0%B8%20%D0%9D%D0%B5%D1%81%D0%B2%D0%B8%D0%B6%D1%81%D0%BA%D0%B8%D0%B9%20%D0%B7%D0%B0%D0%BC%D0%BA%D0%B8.jpg,https://storage.yandexcloud.net/kraskideti/tours/%D0%94%D1%83%D0%B4%D1%83%D1%82%D0%BA%D0%B8.jpg,,https://storage.yandexcloud.net/kraskideti/tours/%D0%A1%D0%BE%D0%B1%D0%B0%D1%87%D0%BA%D0%B8%D0%BD%D0%B0%20%D1%81%D1%82%D0%BE%D0%BB%D0%B8%D1%86%D0%B0.jpg,https://storage.yandexcloud.net/kraskideti/tours/%D0%9F%D0%BB%D0%BE%D1%89%D0%B0%D0%B4%D1%8C%20%D0%A1%D0%B2%D0%BE%D0%B1%D0%BE%D0%B4%D1%8B.jpg,https://storage.yandexcloud.net/kraskideti/tours/%D0%98%D1%81%D0%B0%D0%B0%D0%BA%D0%B8%D0%B5%D0%B2%D1%81%D0%BA%D0%B0%D1%8F%20%D0%BF%D0%BB%D0%BE%D1%89%D0%B0%D0%B4%D1%8C.jpg,https://storage.yandexcloud.net/kraskideti/tours/%D0%9C%D0%B8%D1%80%D1%81%D0%BA%D0%B8%D0%B9%20%D0%B7%D0%B0%D0%BC%D0%BE%D0%BA%20%E2%80%94%20%D0%AE%D0%9D%D0%95%D0%A1%D0%9A%D0%9E.jpg,https://storage.yandexcloud.net/kraskideti/tours/%D0%90%D0%BD%D0%B3%D0%BB%D0%B8%D0%B9%D1%81%D0%BA%D0%B8%D0%B9%20%D0%BF%D0%B0%D1%80%D0%BA.jpg,https://storage.yandexcloud.net/kraskideti/tours/%D0%9F%D0%B0%D1%80%D0%BA%20%D0%AD%D0%BC%D0%B8%D1%80%D0%B3%D0%B0%D0%BD.webp,https://storage.yandexcloud.net/kraskideti/tours/%D0%9C%D0%B8%D0%BD%D1%81%D0%BA-%D0%90%D1%80%D0%B5%D0%BD%D0%B0.webp,https://storage.yandexcloud.net/kraskideti/tours/%D0%9C%D0%B8%D1%80%D1%81%D0%BA%D0%B8%D0%B9%20%D0%B8%20%D0%9D%D0%B5%D1%81%D0%B2%D0%B8%D0%B6%D1%81%D0%BA%D0%B8%D0%B9%20%D0%B7%D0%B0%D0%BC%D0%BA%D0%B8.jpg,https://storage.yandexcloud.net/kraskideti/tours/%D0%9D%D0%B5%D1%81%D0%B2%D0%B8%D0%B6%D1%81%D0%BA%D0%B8%D0%B9%20%D0%B4%D0%B2%D0%BE%D1%80%D0%B5%D1%86%20%D0%A0%D0%B0%D0%B4%D0%B7%D0%B8%D0%B2%D0%B8%D0%BB%D0%BB%D0%BE%D0%B2.jpg,,,,,,,,,,,,,,,,,,,,,,,,,,,,
да,1143,Июньские праздники в Беларуси,iyunskie-prazdniki-v-belarusi-4-dnya,4,Русь,https://rt.plus/belarus/,https://storage.yandexcloud.net/kraskideti/tours/%D0%9C%D0%B8%D1%80%D1%81%D0%BA%D0%B8%D0%B9%20%D0%B7%D0%B0%D0%BC%D0%BE%D0%BA%20%E2%80%94%20%D0%AE%D0%9D%D0%95%D0%A1%D0%9A%D0%9E.jpg,,https://storage.yandexcloud.net/kraskideti/tours/%D0%94%D1%83%D0%B4%D1%83%D1%82%D0%BA%D0%B8.jpg,https://storage.yandexcloud.net/kraskideti/tours/%D0%97%D0%B0%D0%B2%D0%BE%D0%B4%20%D0%91%D0%B5%D0%BB%D0%90%D0%97.png,https://storage.yandexcloud.net/kraskideti/tours/%D0%A5%D0%B0%D1%82%D1%8B%D0%BD%D1%8C%20%D0%B8%20%D0%9A%D1%83%D1%80%D0%B3%D0%B0%D0%BD%20%D0%A1%D0%BB%D0%B0%D0%B2%D1%8B.jpg,https://storage.yandexcloud.net/kraskideti/tours/%D0%91%D0%B8%D0%BE%D1%81%D1%84%D0%B5%D1%80%D0%BD%D1%8B%D0%B9%20%D0%B7%D0%B0%D0%BF%D0%BE%D0%B2%D0%B5%D0%B4%D0%BD%D0%B8%D0%BA%20%D0%AE%D0%9D%D0%95%D0%A1%D0%9A%D0%9E.jpg,https://storage.yandexcloud.net/kraskideti/tours/%D0%9C%D0%B8%D0%BD%D1%81%D0%BA-%D0%90%D1%80%D0%B5%D0%BD%D0%B0.webp,https://storage.yandexcloud.net/kraskideti/tours/%D0%A1%D0%BE%D0%B1%D0%B0%D1%87%D0%BA%D0%B8%D0%BD%D0%B0%20%D1%81%D1%82%D0%BE%D0%BB%D0%B8%D1%86%D0%B0.jpg,https://storage.yandexcloud.net/kraskideti/tours/%D0%98%D1%81%D0%B0%D0%B0%D0%BA%D0%B8%D0%B5%D0%B2%D1%81%D0%BA%D0%B0%D1%8F%20%D0%BF%D0%BB%D0%BE%D1%89%D0%B0%D0%B4%D1%8C.jpg,https://storage.yandexcloud.net/kraskideti/tours/%D0%93%D0%B5%D0%BB%D0%B5%D0%BD%D0%B4%D0%B6%D0%B8%D0%BA%D1%81%D0%BA%D0%B0%D1%8F%20%D0%BD%D0%B0%D0%B1%D0%B5%D1%80%D0%B5%D0%B6%D0%BD%D0%B0%D1%8F.jpg,https://storage.yandexcloud.net/kraskideti/tours/%D0%9F%D1%80%D0%BE%D1%81%D0%BF%D0%B5%D0%BA%D1%82%20%D0%9D%D0%B5%D0%B7%D0%B0%D0%B2%D0%B8%D1%81%D0%B8%D0%BC%D0%BE%D1%81%D1%82%D0%B8.webp,https://storage.yandexcloud.net/kraskideti/tours/%D0%9F%D0%B0%D1%80%D0%BA%20%D0%93%D0%BE%D1%80%D1%8C%D0%BA%D0%BE%D0%B3%D0%BE.jpg,https://storage.yandexcloud.net/kraskideti/tours/%D0%9F%D0%B0%D1%80%D0%BA%20%D0%AD%D0%BC%D0%B8%D1%80%D0%B3%D0%B0%D0%BD.webp,https://storage.yandexcloud.net/kraskideti/tours/%D0%9A%D0%BB%D0%B0%D0%B4%D0%B1%D0%B8%D1%89%D0%B5%20%D0%B4%D0%B5%D1%80%D0%B5%D0%B2%D0%B5%D0%BD%D1%8C.jpg,https://storage.yandexcloud.net/kraskideti/tours/%D0%9C%D0%B8%D1%80%D1%81%D0%BA%D0%B8%D0%B9%20%D0%B7%D0%B0%D0%BC%D0%BE%D0%BA%20%E2%80%94%20%D0%AE%D0%9D%D0%95%D0%A1%D0%9A%D0%9E.jpg,https://storage.yandexcloud.net/kraskideti/tours/%D0%9D%D0%B5%D1%81%D0%B2%D0%B8%D0%B6%D1%81%D0%BA%D0%B8%D0%B9%20%D0%B4%D0%B2%D0%BE%D1%80%D0%B5%D1%86%20%D0%A0%D0%B0%D0%B4%D0%B7%D0%B8%D0%B2%D0%B8%D0%BB%D0%BB%D0%BE%D0%B2.jpg,https://storage.yandexcloud.net/kraskideti/tours/%D0%90%D0%BD%D0%B3%D0%BB%D0%B8%D0%B9%D1%81%D0%BA%D0%B8%D0%B9%20%D0%BF%D0%B0%D1%80%D0%BA.jpg,https://storage.yandexcloud.net/kraskideti/tours/%D0%A5%D0%B0%D1%82%D1%8B%D0%BD%D1%8C%20%D0%B8%20%D0%9A%D1%83%D1%80%D0%B3%D0%B0%D0%BD%20%D0%A1%D0%BB%D0%B0%D0%B2%D1%8B.jpg,,,,,,,,,,,,,,,,,,,,,,,
да,1144,"К зубрам, замкам и БелАЗам",belarus-k-zubram-zamkam-belazam,5,Русь,https://rt.plus/belarus/,https://storage.yandexcloud.net/kraskideti/tours/%D0%9C%D0%B8%D1%80%D1%81%D0%BA%D0%B8%D0%B9%20%D0%B7%D0%B0%D0%BC%D0%BE%D0%BA%20%E2%80%94%20%D0%AE%D0%9D%D0%95%D0%A1%D0%9A%D0%9E.jpg,https://storage.yandexcloud.net/kraskideti/tours/%D0%91%D0%B5%D0%BB%D0%BE%D0%B2%D0%B5%D0%B6%D1%81%D0%BA%D0%B0%D1%8F%20%D0%BF%D1%83%D1%89%D0%B0.webp,https://storage.yandexcloud.net/kraskideti/tours/%D0%97%D0%B0%D0%B2%D0%BE%D0%B4%20%D0%91%D0%B5%D0%BB%D0%90%D0%97.png,https://storage.yandexcloud.net/kraskideti/tours/%D0%91%D0%B5%D0%BB%D0%BE%D0%B2%D0%B5%D0%B6%D1%81%D0%BA%D0%B0%D1%8F%20%D0%BF%D1%83%D1%89%D0%B0%20%E2%80%94%20%D0%91%D1%80%D0%B5%D1%81%D1%82%D1%81%D0%BA%D0%B0%D1%8F%20%D0%BA%D1%80%D0%B5%D0%BF%D0%BE%D1%81%D1%82%D1%8C.webp,https://storage.yandexcloud.net/kraskideti/tours/%D0%91%D0%B8%D0%BE%D1%81%D1%84%D0%B5%D1%80%D0%BD%D1%8B%D0%B9%20%D0%B7%D0%B0%D0%BF%D0%BE%D0%B2%D0%B5%D0%B4%D0%BD%D0%B8%D0%BA%20%D0%AE%D0%9D%D0%95%D0%A1%D0%9A%D0%9E.jpg,https://storage.yandexcloud.net/kraskideti/tours/%D0%94%D1%83%D0%B4%D1%83%D1%82%D0%BA%D0%B8.jpg,https://storage.yandexcloud.net/kraskideti/tours/%D0%9C%D0%B8%D0%BD%D1%81%D0%BA-%D0%90%D1%80%D0%B5%D0%BD%D0%B0.webp,https://storage.yandexcloud.net/kraskideti/tours/%D0%9F%D1%80%D0%BE%D1%81%D0%BF%D0%B5%D0%BA%D1%82%20%D0%9D%D0%B5%D0%B7%D0%B0%D0%B2%D0%B8%D1%81%D0%B8%D0%BC%D0%BE%D1%81%D1%82%D0%B8.webp,https://storage.yandexcloud.net/kraskideti/tours/%D0%96%D0%B0%D0%B6%D0%B4%D0%B0.webp,https://storage.yandexcloud.net/kraskideti/tours/%D0%A3%D0%BB%D0%B8%D1%86%D0%B0%20%D0%A1%D0%BE%D0%B2%D0%B5%D1%82%D1%81%D0%BA%D0%B0%D1%8F.jpg,https://storage.yandexcloud.net/kraskideti/tours/%D0%A5%D0%BE%D0%BB%D0%BC%D1%81%D0%BA%D0%B8%D0%B5%20%D0%B2%D0%BE%D1%80%D0%BE%D1%82%D0%B0.jpg,https://storage.yandexcloud.net/kraskideti/tours/%D0%90%D0%BD%D0%B3%D0%BB%D0%B8%D0%B9%D1%81%D0%BA%D0%B8%D0%B9%20%D0%BF%D0%B0%D1%80%D0%BA.jpg,https://storage.yandexcloud.net/kraskideti/tours/%D0%9C%D0%B8%D1%80%D1%81%D0%BA%D0%B8%D0%B9%20%D0%B7%D0%B0%D0%BC%D0%BE%D0%BA%20%E2%80%94%20%D0%AE%D0%9D%D0%95%D0%A1%D0%9A%D0%9E.jpg,https://storage.yandexcloud.net/kraskideti/tours/%D0%9F%D0%B0%D1%80%D0%BA%20%D0%AD%D0%BC%D0%B8%D1%80%D0%B3%D0%B0%D0%BD.webp,https://storage.yandexcloud.net/kraskideti/tours/%D0%91%D0%B5%D0%BB%D0%BE%D0%B2%D0%B5%D0%B6%D1%81%D0%BA%D0%B0%D1%8F%20%D0%BF%D1%83%D1%89%D0%B0.webp,https://storage.yandexcloud.net/kraskideti/tours/%D0%9C%D0%B8%D1%80%D1%81%D0%BA%D0%B8%D0%B9%20%D0%B8%20%D0%9D%D0%B5%D1%81%D0%B2%D0%B8%D0%B6%D1%81%D0%BA%D0%B8%D0%B9%20%D0%B7%D0%B0%D0%BC%D0%BA%D0%B8.jpg,https://storage.yandexcloud.net/kraskideti/tours/%D0%9D%D0%B5%D1%81%D0%B2%D0%B8%D0%B6%D1%81%D0%BA%D0%B8%D0%B9%20%D0%B4%D0%B2%D0%BE%D1%80%D0%B5%D1%86%20%D0%A0%D0%B0%D0%B4%D0%B7%D0%B8%D0%B2%D0%B8%D0%BB%D0%BB%D0%BE%D0%B2.jpg,,,,,,,,,,,,,,,,,,,,,,,,
да,1145,Чарующая Беларусь,charuyushchaya-belarus-5-dnej,5,Русь,https://rt.plus/belarus/,https://storage.yandexcloud.net/kraskideti/tours/%D0%9C%D0%B8%D1%80%D1%81%D0%BA%D0%B8%D0%B9%20%D0%B7%D0%B0%D0%BC%D0%BE%D0%BA%20%E2%80%94%20%D0%AE%D0%9D%D0%95%D0%A1%D0%9A%D0%9E.jpg,https://storage.yandexcloud.net/kraskideti/tours/%D0%93%D0%B5%D0%BD%D1%83%D1%8D%D0%B7%D1%81%D0%BA%D0%B0%D1%8F%20%D0%BA%D1%80%D0%B5%D0%BF%D0%BE%D1%81%D1%82%D1%8C%20XIV%20%D0%B2%D0%B5%D0%BA%D0%B0.jpg,https://storage.yandexcloud.net/kraskideti/tours/%D0%A0%D1%83%D0%B6%D0%B0%D0%BD%D1%8B%20%E2%80%94%20%C2%AB%D0%B1%D0%B5%D0%BB%D0%BE%D1%80%D1%83%D1%81%D1%81%D0%BA%D0%B8%D0%B9%20%D0%92%D0%B5%D1%80%D1%81%D0%B0%D0%BB%D1%8C%C2%BB.jpg,https://storage.yandexcloud.net/kraskideti/tours/%D0%9A%D0%B0%D1%84%D0%B5%D0%B4%D1%80%D0%B0%D0%BB%D1%8C%D0%BD%D1%8B%D0%B9%20%D1%81%D0%BE%D0%B1%D0%BE%D1%80.jpg,https://storage.yandexcloud.net/kraskideti/tours/%D0%9A%D0%B0%D0%BB%D0%BE%D0%B6%D1%81%D0%BA%D0%B0%D1%8F%20%D1%86%D0%B5%D1%80%D0%BA%D0%BE%D0%B2%D1%8C.jpg,https://storage.yandexcloud.net/kraskideti/tours/%D0%9A%D0%BE%D0%BC%D0%BF%D0%BB%D0%B5%D0%BA%D1%81%20%D0%9F%D1%85%D0%B0%D0%BA%D0%BE%D1%87.jpeg,https://storage.yandexcloud.net/kraskideti/tours/%D0%97%D0%B0%D0%BC%D0%BE%D0%BA%20%D0%93%D0%B5%D0%B4%D0%B8%D0%BC%D0%B8%D0%BD%D0%B0.jpeg,https://storage.yandexcloud.net/kraskideti/tours/%D0%9C%D0%B8%D0%BD%D1%81%D0%BA%20%E2%80%94%20%D0%91%D0%B5%D0%BB%D0%BE%D0%B2%D0%B5%D0%B6%D1%81%D0%BA%D0%B0%D1%8F%20%D0%BF%D1%83%D1%89%D0%B0.webp,https://storage.yandexcloud.net/kraskideti/tours/%D0%98%D1%81%D0%B0%D0%B0%D0%BA%D0%B8%D0%B5%D0%B2%D1%81%D0%BA%D0%B0%D1%8F%20%D0%BF%D0%BB%D0%BE%D1%89%D0%B0%D0%B4%D1%8C.jpg,https://storage.yandexcloud.net/kraskideti/tours/%D0%9F%D1%80%D0%BE%D1%81%D0%BF%D0%B5%D0%BA%D1%82%20%D0%9D%D0%B5%D0%B7%D0%B0%D0%B2%D0%B8%D1%81%D0%B8%D0%BC%D0%BE%D1%81%D1%82%D0%B8.webp,https://storage.yandexcloud.net/kraskideti/tours/%D0%9D%D0%B0%D0%B1%D0%B5%D1%80%D0%B5%D0%B6%D0%BD%D0%B0%D1%8F%20%D0%9D%D0%B5%D0%BC%D0%B0%D0%BD%D0%B0.webp,https://storage.yandexcloud.net/kraskideti/tours/%D0%A0%D0%B0%D0%B8%D1%84%D1%81%D0%BA%D0%B8%D0%B9%20%D0%BC%D0%BE%D0%BD%D0%B0%D1%81%D1%82%D1%8B%D1%80%D1%8C.jpg,,https://storage.yandexcloud.net/kraskideti/tours/%D0%97%D0%B0%D0%BC%D0%BE%D0%BA%20%D0%90%D0%BD%D0%B0%D0%BD%D1%83%D1%80%D0%B8.jpg,https://storage.yandexcloud.net/kraskideti/tours/%D0%93%D1%80%D0%BE%D0%B4%D0%BD%D0%BE%20%E2%80%94%20900%20%D0%BB%D0%B5%D1%82%20%D0%B8%D1%81%D1%82%D0%BE%D1%80%D0%B8%D0%B8.webp,https://storage.yandexcloud.net/kraskideti/tours/%D0%9C%D0%B8%D0%BD%D1%81%D0%BA%20%E2%80%94%20%D0%91%D0%B5%D0%BB%D0%BE%D0%B2%D0%B5%D0%B6%D1%81%D0%BA%D0%B0%D1%8F%20%D0%BF%D1%83%D1%89%D0%B0.webp,,,,,,,,,,,,,,,,,,,,,,,,,
